-- Seed data for superheroes (Generated by JBang script)
-- Dialect: H2
INSERT INTO superheroes (id, name, slug, alignment, publisher) VALUES (1, 'A-Bomb', '1-a-bomb', 'good', 'Marvel Comics');
INSERT INTO superhero_powerstats (superhero_id, intelligence, strength, speed, durability, power, combat, cost) VALUES (1, 38, 100, 17, 80, 24, 64, 53);
INSERT INTO superhero_appearance (superhero_id, gender, race, height_cm, weight_kg, eye_color, hair_color) VALUES (1, 'Male', 'Human', 203, 441, 'Yellow', 'No Hair');
INSERT INTO superhero_biography (superhero_id, full_name, aliases, place_of_birth, first_appearance) VALUES (1, 'Richard Milhouse Jones', '["Rick Jones"]', 'Scarsdale, Arizona', 'Hulk Vol 2 #2 (April, 2008) (as A-Bomb)');
INSERT INTO superhero_images (superhero_id, xs_url, sm_url, md_url, lg_url) VALUES (1, 'https://cdn.jsdelivr.net/gh/akabab/superhero-api@0.3.0/api/images/xs/1-a-bomb.jpg', 'https://cdn.jsdelivr.net/gh/akabab/superhero-api@0.3.0/api/images/sm/1-a-bomb.jpg', 'https://cdn.jsdelivr.net/gh/akabab/superhero-api@0.3.0/api/images/md/1-a-bomb.jpg', 'https://cdn.jsdelivr.net/gh/akabab/superhero-api@0.3.0/api/images/lg/1-a-bomb.jpg');
INSERT INTO superheroes (id, name, slug, alignment, publisher) VALUES (2, 'Abe Sapien', '2-abe-sapien', 'good', 'Dark Horse Comics');
INSERT INTO superhero_powerstats (superhero_id, intelligence, strength, speed, durability, power, combat, cost) VALUES (2, 88, 28, 35, 65, 100, 85, 66);
INSERT INTO superhero_appearance (superhero_id, gender, race, height_cm, weight_kg, eye_color, hair_color) VALUES (2, 'Male', 'Icthyo Sapien', 191, 65, 'Blue', 'No Hair');
INSERT INTO superhero_biography (superhero_id, full_name, aliases, place_of_birth, first_appearance) VALUES (2, 'Abraham Sapien', '["Langdon Everett Caul","Abraham Sapien","Langdon Caul"]', NULL, 'Hellboy: Seed of Destruction (1993)');
INSERT INTO superhero_images (superhero_id, xs_url, sm_url, md_url, lg_url) VALUES (2, 'https://cdn.jsdelivr.net/gh/akabab/superhero-api@0.3.0/api/images/xs/2-abe-sapien.jpg', 'https://cdn.jsdelivr.net/gh/akabab/superhero-api@0.3.0/api/images/sm/2-abe-sapien.jpg', 'https://cdn.jsdelivr.net/gh/akabab/superhero-api@0.3.0/api/images/md/2-abe-sapien.jpg', 'https://cdn.jsdelivr.net/gh/akabab/superhero-api@0.3.0/api/images/lg/2-abe-sapien.jpg');
INSERT INTO superheroes (id, name, slug, alignment, publisher) VALUES (3, 'Abin Sur', '3-abin-sur', 'good', 'DC Comics');
INSERT INTO superhero_powerstats (superhero_id, intelligence, strength, speed, durability, power, combat, cost) VALUES (3, 50, 90, 53, 64, 99, 65, 70);
INSERT INTO superhero_appearance (superhero_id, gender, race, height_cm, weight_kg, eye_color, hair_color) VALUES (3, 'Male', 'Ungaran', 185, 90, 'Blue', 'No Hair');
INSERT INTO superhero_biography (superhero_id, full_name, aliases, place_of_birth, first_appearance) VALUES (3, '', '["Lagzia"]', 'Ungara', 'Showcase #22 (October, 1959)');
INSERT INTO superhero_images (superhero_id, xs_url, sm_url, md_url, lg_url) VALUES (3, 'https://cdn.jsdelivr.net/gh/akabab/superhero-api@0.3.0/api/images/xs/3-abin-sur.jpg', 'https://cdn.jsdelivr.net/gh/akabab/superhero-api@0.3.0/api/images/sm/3-abin-sur.jpg', 'https://cdn.jsdelivr.net/gh/akabab/superhero-api@0.3.0/api/images/md/3-abin-sur.jpg', 'https://cdn.jsdelivr.net/gh/akabab/superhero-api@0.3.0/api/images/lg/3-abin-sur.jpg');
INSERT INTO superheroes (id, name, slug, alignment, publisher) VALUES (4, 'Abomination', '4-abomination', 'bad', 'Marvel Comics');
INSERT INTO superhero_powerstats (superhero_id, intelligence, strength, speed, durability, power, combat, cost) VALUES (4, 63, 80, 53, 90, 62, 95, 73);
INSERT INTO superhero_appearance (superhero_id, gender, race, height_cm, weight_kg, eye_color, hair_color) VALUES (4, 'Male', 'Human / Radiation', 203, 441, 'Green', 'No Hair');
INSERT INTO superhero_biography (superhero_id, full_name, aliases, place_of_birth, first_appearance) VALUES (4, 'Emil Blonsky', '["Agent R-7","Ravager of Worlds"]', 'Zagreb, Yugoslavia', 'Tales to Astonish #90');
INSERT INTO superhero_images (superhero_id, xs_url, sm_url, md_url, lg_url) VALUES (4, 'https://cdn.jsdelivr.net/gh/akabab/superhero-api@0.3.0/api/images/xs/4-abomination.jpg', 'https://cdn.jsdelivr.net/gh/akabab/superhero-api@0.3.0/api/images/sm/4-abomination.jpg', 'https://cdn.jsdelivr.net/gh/akabab/superhero-api@0.3.0/api/images/md/4-abomination.jpg', 'https://cdn.jsdelivr.net/gh/akabab/superhero-api@0.3.0/api/images/lg/4-abomination.jpg');
INSERT INTO superheroes (id, name, slug, alignment, publisher) VALUES (5, 'Abraxas', '5-abraxas', 'bad', 'Marvel Comics');
INSERT INTO superhero_powerstats (superhero_id, intelligence, strength, speed, durability, power, combat, cost) VALUES (5, 88, 63, 83, 100, 100, 55, 81);
INSERT INTO superhero_appearance (superhero_id, gender, race, height_cm, weight_kg, eye_color, hair_color) VALUES (5, 'Male', 'Cosmic Entity', 0, 0, 'Blue', 'Black');
INSERT INTO superhero_biography (superhero_id, full_name, aliases, place_of_birth, first_appearance) VALUES (5, 'Abraxas', '["-"]', 'Within Eternity', 'Fantastic Four Annual #2001');
INSERT INTO superhero_images (superhero_id, xs_url, sm_url, md_url, lg_url) VALUES (5, 'https://cdn.jsdelivr.net/gh/akabab/superhero-api@0.3.0/api/images/xs/5-abraxas.jpg', 'https://cdn.jsdelivr.net/gh/akabab/superhero-api@0.3.0/api/images/sm/5-abraxas.jpg', 'https://cdn.jsdelivr.net/gh/akabab/superhero-api@0.3.0/api/images/md/5-abraxas.jpg', 'https://cdn.jsdelivr.net/gh/akabab/superhero-api@0.3.0/api/images/lg/5-abraxas.jpg');
INSERT INTO superheroes (id, name, slug, alignment, publisher) VALUES (6, 'Absorbing Man', '6-absorbing-man', 'bad', 'Marvel Comics');
INSERT INTO superhero_powerstats (superhero_id, intelligence, strength, speed, durability, power, combat, cost) VALUES (6, 38, 80, 25, 100, 98, 64, 67);
INSERT INTO superhero_appearance (superhero_id, gender, race, height_cm, weight_kg, eye_color, hair_color) VALUES (6, 'Male', 'Human', 193, 122, 'Blue', 'No Hair');
INSERT INTO superhero_biography (superhero_id, full_name, aliases, place_of_birth, first_appearance) VALUES (6, 'Carl Creel', '["Greithoth","\"Crusher\" Creel","Rocky Davis","Dynamite Davis","Lightningbolt","Prisoner #24957"]', 'New York City, New York', 'Daredevil #1 (April, 1964) (As Rocky Davis)');
INSERT INTO superhero_images (superhero_id, xs_url, sm_url, md_url, lg_url) VALUES (6, 'https://cdn.jsdelivr.net/gh/akabab/superhero-api@0.3.0/api/images/xs/6-absorbing-man.jpg', 'https://cdn.jsdelivr.net/gh/akabab/superhero-api@0.3.0/api/images/sm/6-absorbing-man.jpg', 'https://cdn.jsdelivr.net/gh/akabab/superhero-api@0.3.0/api/images/md/6-absorbing-man.jpg', 'https://cdn.jsdelivr.net/gh/akabab/superhero-api@0.3.0/api/images/lg/6-absorbing-man.jpg');
INSERT INTO superheroes (id, name, slug, alignment, publisher) VALUES (7, 'Adam Monroe', '7-adam-monroe', 'good', 'NBC - Heroes');
INSERT INTO superhero_powerstats (superhero_id, intelligence, strength, speed, durability, power, combat, cost) VALUES (7, 63, 10, 12, 100, 100, 64, 58);
INSERT INTO superhero_appearance (superhero_id, gender, race, height_cm, weight_kg, eye_color, hair_color) VALUES (7, 'Male', NULL, 0, 0, 'Blue', 'Blond');
INSERT INTO superhero_biography (superhero_id, full_name, aliases, place_of_birth, first_appearance) VALUES (7, '', '["Takezo Kensei","Richard Sanders"]', NULL, 'Heroes S02E01 - Four Months Later...');
INSERT INTO superhero_images (superhero_id, xs_url, sm_url, md_url, lg_url) VALUES (7, 'https://cdn.jsdelivr.net/gh/akabab/superhero-api@0.3.0/api/images/xs/7-adam-monroe.jpg', 'https://cdn.jsdelivr.net/gh/akabab/superhero-api@0.3.0/api/images/sm/7-adam-monroe.jpg', 'https://cdn.jsdelivr.net/gh/akabab/superhero-api@0.3.0/api/images/md/7-adam-monroe.jpg', 'https://cdn.jsdelivr.net/gh/akabab/superhero-api@0.3.0/api/images/lg/7-adam-monroe.jpg');
INSERT INTO superheroes (id, name, slug, alignment, publisher) VALUES (8, 'Adam Strange', '8-adam-strange', 'good', 'DC Comics');
INSERT INTO superhero_powerstats (superhero_id, intelligence, strength, speed, durability, power, combat, cost) VALUES (8, 69, 10, 33, 40, 37, 50, 39);
INSERT INTO superhero_appearance (superhero_id, gender, race, height_cm, weight_kg, eye_color, hair_color) VALUES (8, 'Male', 'Human', 185, 88, 'Blue', 'Blond');
INSERT INTO superhero_biography (superhero_id, full_name, aliases, place_of_birth, first_appearance) VALUES (8, 'Adam Strange', '["Warrior of Two Worlds","Savior of Rann"]', 'Chicago, Illinois', 'Outsiders #6 (April, 1986)');
INSERT INTO superhero_images (superhero_id, xs_url, sm_url, md_url, lg_url) VALUES (8, 'https://cdn.jsdelivr.net/gh/akabab/superhero-api@0.3.0/api/images/xs/8-adam-strange.jpg', 'https://cdn.jsdelivr.net/gh/akabab/superhero-api@0.3.0/api/images/sm/8-adam-strange.jpg', 'https://cdn.jsdelivr.net/gh/akabab/superhero-api@0.3.0/api/images/md/8-adam-strange.jpg', 'https://cdn.jsdelivr.net/gh/akabab/superhero-api@0.3.0/api/images/lg/8-adam-strange.jpg');
INSERT INTO superheroes (id, name, slug, alignment, publisher) VALUES (10, 'Agent Bob', '10-agent-bob', 'good', 'Marvel Comics');
INSERT INTO superhero_powerstats (superhero_id, intelligence, strength, speed, durability, power, combat, cost) VALUES (10, 10, 8, 13, 5, 5, 20, 10);
INSERT INTO superhero_appearance (superhero_id, gender, race, height_cm, weight_kg, eye_color, hair_color) VALUES (10, 'Male', 'Human', 178, 81, 'Brown', 'Brown');
INSERT INTO superhero_biography (superhero_id, full_name, aliases, place_of_birth, first_appearance) VALUES (10, 'Bob', '["Bob","agent of Hydra","Bob","agent of A.I.M"]', NULL, 'Cable & Deadpool #38 (May, 2007)');
INSERT INTO superhero_images (superhero_id, xs_url, sm_url, md_url, lg_url) VALUES (10, 'https://cdn.jsdelivr.net/gh/akabab/superhero-api@0.3.0/api/images/xs/10-agent-bob.jpg', 'https://cdn.jsdelivr.net/gh/akabab/superhero-api@0.3.0/api/images/sm/10-agent-bob.jpg', 'https://cdn.jsdelivr.net/gh/akabab/superhero-api@0.3.0/api/images/md/10-agent-bob.jpg', 'https://cdn.jsdelivr.net/gh/akabab/superhero-api@0.3.0/api/images/lg/10-agent-bob.jpg');
INSERT INTO superheroes (id, name, slug, alignment, publisher) VALUES (11, 'Agent Zero', '11-agent-zero', 'good', 'Marvel Comics');
INSERT INTO superhero_powerstats (superhero_id, intelligence, strength, speed, durability, power, combat, cost) VALUES (11, 75, 28, 38, 80, 72, 95, 64);
INSERT INTO superhero_appearance (superhero_id, gender, race, height_cm, weight_kg, eye_color, hair_color) VALUES (11, 'Male', NULL, 191, 104, NULL, NULL);
INSERT INTO superhero_biography (superhero_id, full_name, aliases, place_of_birth, first_appearance) VALUES (11, 'Christoph Nord', '["Maverick"]', 'Unrevealed location in former East Germany', NULL);
INSERT INTO superhero_images (superhero_id, xs_url, sm_url, md_url, lg_url) VALUES (11, 'https://cdn.jsdelivr.net/gh/akabab/superhero-api@0.3.0/api/images/xs/11-agent-zero.jpg', 'https://cdn.jsdelivr.net/gh/akabab/superhero-api@0.3.0/api/images/sm/11-agent-zero.jpg', 'https://cdn.jsdelivr.net/gh/akabab/superhero-api@0.3.0/api/images/md/11-agent-zero.jpg', 'https://cdn.jsdelivr.net/gh/akabab/superhero-api@0.3.0/api/images/lg/11-agent-zero.jpg');
INSERT INTO superheroes (id, name, slug, alignment, publisher) VALUES (12, 'Air-Walker', '12-air-walker', 'bad', 'Marvel Comics');
INSERT INTO superhero_powerstats (superhero_id, intelligence, strength, speed, durability, power, combat, cost) VALUES (12, 50, 85, 100, 85, 100, 40, 76);
INSERT INTO superhero_appearance (superhero_id, gender, race, height_cm, weight_kg, eye_color, hair_color) VALUES (12, 'Male', NULL, 188, 108, 'Blue', 'White');
INSERT INTO superhero_biography (superhero_id, full_name, aliases, place_of_birth, first_appearance) VALUES (12, 'Gabriel Lan', '["-"]', 'Xandar, a planet in the Tranta system, Andromeda galaxy', 'Fantastic Four #120');
INSERT INTO superhero_images (superhero_id, xs_url, sm_url, md_url, lg_url) VALUES (12, 'https://cdn.jsdelivr.net/gh/akabab/superhero-api@0.3.0/api/images/xs/12-air-walker.jpg', 'https://cdn.jsdelivr.net/gh/akabab/superhero-api@0.3.0/api/images/sm/12-air-walker.jpg', 'https://cdn.jsdelivr.net/gh/akabab/superhero-api@0.3.0/api/images/md/12-air-walker.jpg', 'https://cdn.jsdelivr.net/gh/akabab/superhero-api@0.3.0/api/images/lg/12-air-walker.jpg');
INSERT INTO superheroes (id, name, slug, alignment, publisher) VALUES (13, 'Ajax', '13-ajax', 'bad', 'Marvel Comics');
INSERT INTO superhero_powerstats (superhero_id, intelligence, strength, speed, durability, power, combat, cost) VALUES (13, 56, 48, 35, 80, 34, 55, 51);
INSERT INTO superhero_appearance (superhero_id, gender, race, height_cm, weight_kg, eye_color, hair_color) VALUES (13, 'Male', 'Cyborg', 193, 90, 'Brown', 'Black');
INSERT INTO superhero_biography (superhero_id, full_name, aliases, place_of_birth, first_appearance) VALUES (13, 'Francis', '["\"Frankie\"","the A-Man","the Attending"]', NULL, 'Deadpool #14 (March, 1998)');
INSERT INTO superhero_images (superhero_id, xs_url, sm_url, md_url, lg_url) VALUES (13, 'https://cdn.jsdelivr.net/gh/akabab/superhero-api@0.3.0/api/images/xs/13-ajax.jpg', 'https://cdn.jsdelivr.net/gh/akabab/superhero-api@0.3.0/api/images/sm/13-ajax.jpg', 'https://cdn.jsdelivr.net/gh/akabab/superhero-api@0.3.0/api/images/md/13-ajax.jpg', 'https://cdn.jsdelivr.net/gh/akabab/superhero-api@0.3.0/api/images/lg/13-ajax.jpg');
INSERT INTO superheroes (id, name, slug, alignment, publisher) VALUES (14, 'Alan Scott', '14-alan-scott', 'good', 'DC Comics');
INSERT INTO superhero_powerstats (superhero_id, intelligence, strength, speed, durability, power, combat, cost) VALUES (14, 63, 80, 23, 90, 100, 32, 64);
INSERT INTO superhero_appearance (superhero_id, gender, race, height_cm, weight_kg, eye_color, hair_color) VALUES (14, 'Male', NULL, 180, 90, 'Blue', 'Blond');
INSERT INTO superhero_biography (superhero_id, full_name, aliases, place_of_birth, first_appearance) VALUES (14, 'Alan Ladd Wellington Scott', '["Green Lantern","White King","Sentinal"]', 'Gotham City', 'All-American Comics 16 (1940)');
INSERT INTO superhero_images (superhero_id, xs_url, sm_url, md_url, lg_url) VALUES (14, 'https://cdn.jsdelivr.net/gh/akabab/superhero-api@0.3.0/api/images/xs/14-alan-scott.jpg', 'https://cdn.jsdelivr.net/gh/akabab/superhero-api@0.3.0/api/images/sm/14-alan-scott.jpg', 'https://cdn.jsdelivr.net/gh/akabab/superhero-api@0.3.0/api/images/md/14-alan-scott.jpg', 'https://cdn.jsdelivr.net/gh/akabab/superhero-api@0.3.0/api/images/lg/14-alan-scott.jpg');
INSERT INTO superheroes (id, name, slug, alignment, publisher) VALUES (15, 'Alex Mercer', '15-alex-mercer', 'bad', 'Wildstorm');
INSERT INTO superhero_powerstats (superhero_id, intelligence, strength, speed, durability, power, combat, cost) VALUES (15, 50, 80, 42, 90, 100, 50, 68);
INSERT INTO superhero_appearance (superhero_id, gender, race, height_cm, weight_kg, eye_color, hair_color) VALUES (15, 'Male', 'Human', 0, 0, NULL, NULL);
INSERT INTO superhero_biography (superhero_id, full_name, aliases, place_of_birth, first_appearance) VALUES (15, 'Alexander J. Mercer', '["Prototype","Zues","Blacklight"]', NULL, NULL);
INSERT INTO superhero_images (superhero_id, xs_url, sm_url, md_url, lg_url) VALUES (15, 'https://cdn.jsdelivr.net/gh/akabab/superhero-api@0.3.0/api/images/xs/15-alex-mercer.jpg', 'https://cdn.jsdelivr.net/gh/akabab/superhero-api@0.3.0/api/images/sm/15-alex-mercer.jpg', 'https://cdn.jsdelivr.net/gh/akabab/superhero-api@0.3.0/api/images/md/15-alex-mercer.jpg', 'https://cdn.jsdelivr.net/gh/akabab/superhero-api@0.3.0/api/images/lg/15-alex-mercer.jpg');
INSERT INTO superheroes (id, name, slug, alignment, publisher) VALUES (17, 'Alfred Pennyworth', '17-alfred-pennyworth', 'good', 'DC Comics');
INSERT INTO superhero_powerstats (superhero_id, intelligence, strength, speed, durability, power, combat, cost) VALUES (17, 63, 10, 17, 10, 7, 55, 27);
INSERT INTO superhero_appearance (superhero_id, gender, race, height_cm, weight_kg, eye_color, hair_color) VALUES (17, 'Male', 'Human', 178, 72, 'Blue', 'Black');
INSERT INTO superhero_biography (superhero_id, full_name, aliases, place_of_birth, first_appearance) VALUES (17, 'Alfred Thaddeus Crane Pennyworth', '["Alfred Beagle"]', NULL, 'Batman #16 (April, 1943)');
INSERT INTO superhero_images (superhero_id, xs_url, sm_url, md_url, lg_url) VALUES (17, 'https://cdn.jsdelivr.net/gh/akabab/superhero-api@0.3.0/api/images/xs/17-alfred-pennyworth.jpg', 'https://cdn.jsdelivr.net/gh/akabab/superhero-api@0.3.0/api/images/sm/17-alfred-pennyworth.jpg', 'https://cdn.jsdelivr.net/gh/akabab/superhero-api@0.3.0/api/images/md/17-alfred-pennyworth.jpg', 'https://cdn.jsdelivr.net/gh/akabab/superhero-api@0.3.0/api/images/lg/17-alfred-pennyworth.jpg');
INSERT INTO superheroes (id, name, slug, alignment, publisher) VALUES (18, 'Alien', '18-alien', 'bad', 'Dark Horse Comics');
INSERT INTO superhero_powerstats (superhero_id, intelligence, strength, speed, durability, power, combat, cost) VALUES (18, 50, 28, 42, 90, 57, 60, 54);
INSERT INTO superhero_appearance (superhero_id, gender, race, height_cm, weight_kg, eye_color, hair_color) VALUES (18, 'Male', 'Xenomorph XX121', 244, 169, NULL, 'No Hair');
INSERT INTO superhero_biography (superhero_id, full_name, aliases, place_of_birth, first_appearance) VALUES (18, 'Xenomorph', '["-"]', 'Your chest :)', 'Alien (1979)');
INSERT INTO superhero_images (superhero_id, xs_url, sm_url, md_url, lg_url) VALUES (18, 'https://cdn.jsdelivr.net/gh/akabab/superhero-api@0.3.0/api/images/xs/18-alien.jpg', 'https://cdn.jsdelivr.net/gh/akabab/superhero-api@0.3.0/api/images/sm/18-alien.jpg', 'https://cdn.jsdelivr.net/gh/akabab/superhero-api@0.3.0/api/images/md/18-alien.jpg', 'https://cdn.jsdelivr.net/gh/akabab/superhero-api@0.3.0/api/images/lg/18-alien.jpg');
INSERT INTO superheroes (id, name, slug, alignment, publisher) VALUES (20, 'Amazo', '20-amazo', 'bad', 'DC Comics');
INSERT INTO superhero_powerstats (superhero_id, intelligence, strength, speed, durability, power, combat, cost) VALUES (20, 63, 100, 83, 100, 100, 100, 91);
INSERT INTO superhero_appearance (superhero_id, gender, race, height_cm, weight_kg, eye_color, hair_color) VALUES (20, 'Male', 'Android', 257, 173, 'Red', NULL);
INSERT INTO superhero_biography (superhero_id, full_name, aliases, place_of_birth, first_appearance) VALUES (20, '', '["Professor Ivos Amazing Android","Timazo","Humazo","Hourmazo"]', NULL, 'Brave and the Bold #30 (July, 1960)');
INSERT INTO superhero_images (superhero_id, xs_url, sm_url, md_url, lg_url) VALUES (20, 'https://cdn.jsdelivr.net/gh/akabab/superhero-api@0.3.0/api/images/xs/20-amazo.jpg', 'https://cdn.jsdelivr.net/gh/akabab/superhero-api@0.3.0/api/images/sm/20-amazo.jpg', 'https://cdn.jsdelivr.net/gh/akabab/superhero-api@0.3.0/api/images/md/20-amazo.jpg', 'https://cdn.jsdelivr.net/gh/akabab/superhero-api@0.3.0/api/images/lg/20-amazo.jpg');
INSERT INTO superheroes (id, name, slug, alignment, publisher) VALUES (23, 'Angel', '23-angel', 'good', 'Dark Horse Comics');
INSERT INTO superhero_powerstats (superhero_id, intelligence, strength, speed, durability, power, combat, cost) VALUES (23, 75, 30, 58, 90, 100, 75, 71);
INSERT INTO superhero_appearance (superhero_id, gender, race, height_cm, weight_kg, eye_color, hair_color) VALUES (23, 'Male', 'Vampire', 0, 0, NULL, NULL);
INSERT INTO superhero_biography (superhero_id, full_name, aliases, place_of_birth, first_appearance) VALUES (23, 'Liam', '["Angelus","Twilight"]', NULL, NULL);
INSERT INTO superhero_images (superhero_id, xs_url, sm_url, md_url, lg_url) VALUES (23, 'https://cdn.jsdelivr.net/gh/akabab/superhero-api@0.3.0/api/images/xs/23-angel.jpg', 'https://cdn.jsdelivr.net/gh/akabab/superhero-api@0.3.0/api/images/sm/23-angel.jpg', 'https://cdn.jsdelivr.net/gh/akabab/superhero-api@0.3.0/api/images/md/23-angel.jpg', 'https://cdn.jsdelivr.net/gh/akabab/superhero-api@0.3.0/api/images/lg/23-angel.jpg');
INSERT INTO superheroes (id, name, slug, alignment, publisher) VALUES (24, 'Angel', '24-angel', 'good', 'Archangel');
INSERT INTO superhero_powerstats (superhero_id, intelligence, strength, speed, durability, power, combat, cost) VALUES (24, 63, 13, 46, 64, 28, 42, 42);
INSERT INTO superhero_appearance (superhero_id, gender, race, height_cm, weight_kg, eye_color, hair_color) VALUES (24, 'Male', NULL, 183, 68, 'Blue', 'Blond');
INSERT INTO superhero_biography (superhero_id, full_name, aliases, place_of_birth, first_appearance) VALUES (24, 'Warren Kenneth Worthington III', '["Formerly Death","Dark Angel","Angel","Avenging Angel","Archangel"]', 'Centerport, Long Island, New York', 'X-Men #54-56 (1969)');
INSERT INTO superhero_images (superhero_id, xs_url, sm_url, md_url, lg_url) VALUES (24, 'https://cdn.jsdelivr.net/gh/akabab/superhero-api@0.3.0/api/images/xs/24-angel.jpg', 'https://cdn.jsdelivr.net/gh/akabab/superhero-api@0.3.0/api/images/sm/24-angel.jpg', 'https://cdn.jsdelivr.net/gh/akabab/superhero-api@0.3.0/api/images/md/24-angel.jpg', 'https://cdn.jsdelivr.net/gh/akabab/superhero-api@0.3.0/api/images/lg/24-angel.jpg');
INSERT INTO superheroes (id, name, slug, alignment, publisher) VALUES (25, 'Angel Dust', '25-angel-dust', 'good', 'Marvel Comics');
INSERT INTO superhero_powerstats (superhero_id, intelligence, strength, speed, durability, power, combat, cost) VALUES (25, 38, 55, 23, 42, 17, 30, 34);
INSERT INTO superhero_appearance (superhero_id, gender, race, height_cm, weight_kg, eye_color, hair_color) VALUES (25, 'Female', 'Mutant', 165, 57, 'Yellow', 'Black');
INSERT INTO superhero_biography (superhero_id, full_name, aliases, place_of_birth, first_appearance) VALUES (25, 'Christina', '["Angel","Dusty"]', NULL, 'Morlocks #1');
INSERT INTO superhero_images (superhero_id, xs_url, sm_url, md_url, lg_url) VALUES (25, 'https://cdn.jsdelivr.net/gh/akabab/superhero-api@0.3.0/api/images/xs/25-angel-dust.jpg', 'https://cdn.jsdelivr.net/gh/akabab/superhero-api@0.3.0/api/images/sm/25-angel-dust.jpg', 'https://cdn.jsdelivr.net/gh/akabab/superhero-api@0.3.0/api/images/md/25-angel-dust.jpg', 'https://cdn.jsdelivr.net/gh/akabab/superhero-api@0.3.0/api/images/lg/25-angel-dust.jpg');
INSERT INTO superheroes (id, name, slug, alignment, publisher) VALUES (26, 'Angel Salvadore', '26-angel-salvadore', 'good', 'Tempest');
INSERT INTO superhero_powerstats (superhero_id, intelligence, strength, speed, durability, power, combat, cost) VALUES (26, 38, 10, 28, 28, 56, 60, 36);
INSERT INTO superhero_appearance (superhero_id, gender, race, height_cm, weight_kg, eye_color, hair_color) VALUES (26, 'Female', NULL, 163, 54, 'Brown', 'Black');
INSERT INTO superhero_biography (superhero_id, full_name, aliases, place_of_birth, first_appearance) VALUES (26, 'Angel Salvadore Bohusk', '["Tempest"]', NULL, 'New X-Men #118 (November, 2001)');
INSERT INTO superhero_images (superhero_id, xs_url, sm_url, md_url, lg_url) VALUES (26, 'https://cdn.jsdelivr.net/gh/akabab/superhero-api@0.3.0/api/images/xs/26-angel-salvadore.jpg', 'https://cdn.jsdelivr.net/gh/akabab/superhero-api@0.3.0/api/images/sm/26-angel-salvadore.jpg', 'https://cdn.jsdelivr.net/gh/akabab/superhero-api@0.3.0/api/images/md/26-angel-salvadore.jpg', 'https://cdn.jsdelivr.net/gh/akabab/superhero-api@0.3.0/api/images/lg/26-angel-salvadore.jpg');
INSERT INTO superheroes (id, name, slug, alignment, publisher) VALUES (28, 'Animal Man', '28-animal-man', 'good', 'DC Comics');
INSERT INTO superhero_powerstats (superhero_id, intelligence, strength, speed, durability, power, combat, cost) VALUES (28, 56, 48, 47, 85, 73, 80, 64);
INSERT INTO superhero_appearance (superhero_id, gender, race, height_cm, weight_kg, eye_color, hair_color) VALUES (28, 'Male', 'Human', 183, 83, 'Blue', 'Blond');
INSERT INTO superhero_biography (superhero_id, full_name, aliases, place_of_birth, first_appearance) VALUES (28, 'Bernhard Baker', '["The Human Zoo; A-Man; The Man with Animal Powers"]', NULL, 'Strange Adventures #180 (September, 1965)');
INSERT INTO superhero_images (superhero_id, xs_url, sm_url, md_url, lg_url) VALUES (28, 'https://cdn.jsdelivr.net/gh/akabab/superhero-api@0.3.0/api/images/xs/28-animal-man.jpg', 'https://cdn.jsdelivr.net/gh/akabab/superhero-api@0.3.0/api/images/sm/28-animal-man.jpg', 'https://cdn.jsdelivr.net/gh/akabab/superhero-api@0.3.0/api/images/md/28-animal-man.jpg', 'https://cdn.jsdelivr.net/gh/akabab/superhero-api@0.3.0/api/images/lg/28-animal-man.jpg');
INSERT INTO superheroes (id, name, slug, alignment, publisher) VALUES (29, 'Annihilus', '29-annihilus', 'bad', 'Marvel Comics');
INSERT INTO superhero_powerstats (superhero_id, intelligence, strength, speed, durability, power, combat, cost) VALUES (29, 75, 80, 47, 56, 59, 64, 63);
INSERT INTO superhero_appearance (superhero_id, gender, race, height_cm, weight_kg, eye_color, hair_color) VALUES (29, 'Male', NULL, 180, 90, 'Green', 'No Hair');
INSERT INTO superhero_biography (superhero_id, full_name, aliases, place_of_birth, first_appearance) VALUES (29, 'Annihilus', '["The Living Death That Walks","Lord of the Negative Zone"]', 'Planet of Arthros, Sector 17A, Negative Zone', 'Fantastic Four Annual #6 (1968)');
INSERT INTO superhero_images (superhero_id, xs_url, sm_url, md_url, lg_url) VALUES (29, 'https://cdn.jsdelivr.net/gh/akabab/superhero-api@0.3.0/api/images/xs/29-annihilus.jpg', 'https://cdn.jsdelivr.net/gh/akabab/superhero-api@0.3.0/api/images/sm/29-annihilus.jpg', 'https://cdn.jsdelivr.net/gh/akabab/superhero-api@0.3.0/api/images/md/29-annihilus.jpg', 'https://cdn.jsdelivr.net/gh/akabab/superhero-api@0.3.0/api/images/lg/29-annihilus.jpg');
INSERT INTO superheroes (id, name, slug, alignment, publisher) VALUES (30, 'Ant-Man', '30-ant-man', 'good', 'Giant-Man');
INSERT INTO superhero_powerstats (superhero_id, intelligence, strength, speed, durability, power, combat, cost) VALUES (30, 100, 18, 23, 28, 32, 32, 38);
INSERT INTO superhero_appearance (superhero_id, gender, race, height_cm, weight_kg, eye_color, hair_color) VALUES (30, 'Male', 'Human', 211, 122, 'Blue', 'Blond');
INSERT INTO superhero_biography (superhero_id, full_name, aliases, place_of_birth, first_appearance) VALUES (30, 'Hank Pym', '["Hank Pym","Doctor Pym","Ant-Man","Goliath","Yellowjacket","Wasp","Earth''s Scientist Supreme"]', 'Elmsford, New York', 'Tales to Astonish #27 (January, 1962) (as Hank Pym)  Tales to Astonish #35 (September, 1962) (as Ant-Man)');
INSERT INTO superhero_images (superhero_id, xs_url, sm_url, md_url, lg_url) VALUES (30, 'https://cdn.jsdelivr.net/gh/akabab/superhero-api@0.3.0/api/images/xs/30-ant-man.jpg', 'https://cdn.jsdelivr.net/gh/akabab/superhero-api@0.3.0/api/images/sm/30-ant-man.jpg', 'https://cdn.jsdelivr.net/gh/akabab/superhero-api@0.3.0/api/images/md/30-ant-man.jpg', 'https://cdn.jsdelivr.net/gh/akabab/superhero-api@0.3.0/api/images/lg/30-ant-man.jpg');
INSERT INTO superheroes (id, name, slug, alignment, publisher) VALUES (31, 'Ant-Man II', '31-ant-man-ii', 'good', 'Marvel Comics');
INSERT INTO superhero_powerstats (superhero_id, intelligence, strength, speed, durability, power, combat, cost) VALUES (31, 75, 18, 17, 40, 53, 30, 38);
INSERT INTO superhero_appearance (superhero_id, gender, race, height_cm, weight_kg, eye_color, hair_color) VALUES (31, 'Male', 'Human', 183, 86, 'Blue', 'Blond');
INSERT INTO superhero_biography (superhero_id, full_name, aliases, place_of_birth, first_appearance) VALUES (31, 'Scott Lang', '["Myrmidon","Scott Edward Harris Lang"]', 'Coral Gables, Florida', 'Avengers Vol 1 #181 (March, 1979)');
INSERT INTO superhero_images (superhero_id, xs_url, sm_url, md_url, lg_url) VALUES (31, 'https://cdn.jsdelivr.net/gh/akabab/superhero-api@0.3.0/api/images/xs/31-ant-man-ii.jpg', 'https://cdn.jsdelivr.net/gh/akabab/superhero-api@0.3.0/api/images/sm/31-ant-man-ii.jpg', 'https://cdn.jsdelivr.net/gh/akabab/superhero-api@0.3.0/api/images/md/31-ant-man-ii.jpg', 'https://cdn.jsdelivr.net/gh/akabab/superhero-api@0.3.0/api/images/lg/31-ant-man-ii.jpg');
INSERT INTO superheroes (id, name, slug, alignment, publisher) VALUES (32, 'Anti-Monitor', '32-anti-monitor', 'bad', 'DC Comics');
INSERT INTO superhero_powerstats (superhero_id, intelligence, strength, speed, durability, power, combat, cost) VALUES (32, 88, 100, 50, 100, 100, 90, 88);
INSERT INTO superhero_appearance (superhero_id, gender, race, height_cm, weight_kg, eye_color, hair_color) VALUES (32, 'Male', 'God / Eternal', NULL, 0, 'Yellow', 'No Hair');
INSERT INTO superhero_biography (superhero_id, full_name, aliases, place_of_birth, first_appearance) VALUES (32, '', '["Monitor","Mobius"]', 'Moon of Qward', 'Crisis on Infinite Earths #4');
INSERT INTO superhero_images (superhero_id, xs_url, sm_url, md_url, lg_url) VALUES (32, 'https://cdn.jsdelivr.net/gh/akabab/superhero-api@0.3.0/api/images/xs/32-anti-monitor.jpg', 'https://cdn.jsdelivr.net/gh/akabab/superhero-api@0.3.0/api/images/sm/32-anti-monitor.jpg', 'https://cdn.jsdelivr.net/gh/akabab/superhero-api@0.3.0/api/images/md/32-anti-monitor.jpg', 'https://cdn.jsdelivr.net/gh/akabab/superhero-api@0.3.0/api/images/lg/32-anti-monitor.jpg');
INSERT INTO superheroes (id, name, slug, alignment, publisher) VALUES (34, 'Anti-Venom', '34-anti-venom', 'null', 'Toxin');
INSERT INTO superhero_powerstats (superhero_id, intelligence, strength, speed, durability, power, combat, cost) VALUES (34, 75, 60, 65, 90, 96, 84, 78);
INSERT INTO superhero_appearance (superhero_id, gender, race, height_cm, weight_kg, eye_color, hair_color) VALUES (34, 'Male', 'Symbiote', 229, 358, 'Blue', 'Blond');
INSERT INTO superhero_biography (superhero_id, full_name, aliases, place_of_birth, first_appearance) VALUES (34, 'Eddie Brock', '["Eddie","Edwin Brock","Venom","Lethal Protector","White Venom","998th"]', 'San Francisco, California', 'Amazing Spider-Man #569 (as Anti-Venom)');
INSERT INTO superhero_images (superhero_id, xs_url, sm_url, md_url, lg_url) VALUES (34, 'https://cdn.jsdelivr.net/gh/akabab/superhero-api@0.3.0/api/images/xs/34-anti-venom.jpg', 'https://cdn.jsdelivr.net/gh/akabab/superhero-api@0.3.0/api/images/sm/34-anti-venom.jpg', 'https://cdn.jsdelivr.net/gh/akabab/superhero-api@0.3.0/api/images/md/34-anti-venom.jpg', 'https://cdn.jsdelivr.net/gh/akabab/superhero-api@0.3.0/api/images/lg/34-anti-venom.jpg');
INSERT INTO superheroes (id, name, slug, alignment, publisher) VALUES (35, 'Apocalypse', '35-apocalypse', 'bad', 'Marvel Comics');
INSERT INTO superhero_powerstats (superhero_id, intelligence, strength, speed, durability, power, combat, cost) VALUES (35, 100, 100, 33, 100, 100, 60, 82);
INSERT INTO superhero_appearance (superhero_id, gender, race, height_cm, weight_kg, eye_color, hair_color) VALUES (35, 'Male', 'Mutant', 213, 135, 'Red', 'Black');
INSERT INTO superhero_biography (superhero_id, full_name, aliases, place_of_birth, first_appearance) VALUES (35, 'En Sabah Nur', '["The Eternal One","the High Lord","Set","Huitxilopochti","Sauru","Kali-Ma"]', 'Akkaba, Egypt', 'X-Factor #5 (June, 1986)');
INSERT INTO superhero_images (superhero_id, xs_url, sm_url, md_url, lg_url) VALUES (35, 'https://cdn.jsdelivr.net/gh/akabab/superhero-api@0.3.0/api/images/xs/35-apocalypse.jpg', 'https://cdn.jsdelivr.net/gh/akabab/superhero-api@0.3.0/api/images/sm/35-apocalypse.jpg', 'https://cdn.jsdelivr.net/gh/akabab/superhero-api@0.3.0/api/images/md/35-apocalypse.jpg', 'https://cdn.jsdelivr.net/gh/akabab/superhero-api@0.3.0/api/images/lg/35-apocalypse.jpg');
INSERT INTO superheroes (id, name, slug, alignment, publisher) VALUES (36, 'Aquababy', '36-aquababy', 'good', 'DC Comics');
INSERT INTO superhero_powerstats (superhero_id, intelligence, strength, speed, durability, power, combat, cost) VALUES (36, 10, 16, 12, 14, 37, 14, 17);
INSERT INTO superhero_appearance (superhero_id, gender, race, height_cm, weight_kg, eye_color, hair_color) VALUES (36, 'Male', NULL, 0, 0, 'Blue', 'Blond');
INSERT INTO superhero_biography (superhero_id, full_name, aliases, place_of_birth, first_appearance) VALUES (36, 'Arthur Curry, Jr.', '["-"]', NULL, 'Aquaman #23 (October, 1965)');
INSERT INTO superhero_images (superhero_id, xs_url, sm_url, md_url, lg_url) VALUES (36, 'https://cdn.jsdelivr.net/gh/akabab/superhero-api@0.3.0/api/images/xs/36-aquababy.jpg', 'https://cdn.jsdelivr.net/gh/akabab/superhero-api@0.3.0/api/images/sm/36-aquababy.jpg', 'https://cdn.jsdelivr.net/gh/akabab/superhero-api@0.3.0/api/images/md/36-aquababy.jpg', 'https://cdn.jsdelivr.net/gh/akabab/superhero-api@0.3.0/api/images/lg/36-aquababy.jpg');
INSERT INTO superheroes (id, name, slug, alignment, publisher) VALUES (37, 'Aqualad', '37-aqualad', 'good', 'DC Comics');
INSERT INTO superhero_powerstats (superhero_id, intelligence, strength, speed, durability, power, combat, cost) VALUES (37, 63, 44, 42, 75, 89, 60, 62);
INSERT INTO superhero_appearance (superhero_id, gender, race, height_cm, weight_kg, eye_color, hair_color) VALUES (37, 'Male', 'Atlantean', 178, 106, 'Blue', 'Black');
INSERT INTO superhero_biography (superhero_id, full_name, aliases, place_of_birth, first_appearance) VALUES (37, 'Garth', '["-"]', 'Poseidonis, Atlantis', 'Adventure Comics #269 (February, 1960)');
INSERT INTO superhero_images (superhero_id, xs_url, sm_url, md_url, lg_url) VALUES (37, 'https://cdn.jsdelivr.net/gh/akabab/superhero-api@0.3.0/api/images/xs/37-aqualad.jpg', 'https://cdn.jsdelivr.net/gh/akabab/superhero-api@0.3.0/api/images/sm/37-aqualad.jpg', 'https://cdn.jsdelivr.net/gh/akabab/superhero-api@0.3.0/api/images/md/37-aqualad.jpg', 'https://cdn.jsdelivr.net/gh/akabab/superhero-api@0.3.0/api/images/lg/37-aqualad.jpg');
INSERT INTO superheroes (id, name, slug, alignment, publisher) VALUES (38, 'Aquaman', '38-aquaman', 'good', 'DC Comics');
INSERT INTO superhero_powerstats (superhero_id, intelligence, strength, speed, durability, power, combat, cost) VALUES (38, 81, 85, 79, 80, 100, 80, 84);
INSERT INTO superhero_appearance (superhero_id, gender, race, height_cm, weight_kg, eye_color, hair_color) VALUES (38, 'Male', 'Atlantean', 185, 146, 'Blue', 'Blond');
INSERT INTO superhero_biography (superhero_id, full_name, aliases, place_of_birth, first_appearance) VALUES (38, 'Orin', '["Dweller in the Depths","Swimmer","Waterbearer","Mental Man","Aquaboy","Water Wraith"]', 'Atlantis', 'More Fun Comics #73 (November, 1941)');
INSERT INTO superhero_images (superhero_id, xs_url, sm_url, md_url, lg_url) VALUES (38, 'https://cdn.jsdelivr.net/gh/akabab/superhero-api@0.3.0/api/images/xs/38-aquaman.jpg', 'https://cdn.jsdelivr.net/gh/akabab/superhero-api@0.3.0/api/images/sm/38-aquaman.jpg', 'https://cdn.jsdelivr.net/gh/akabab/superhero-api@0.3.0/api/images/md/38-aquaman.jpg', 'https://cdn.jsdelivr.net/gh/akabab/superhero-api@0.3.0/api/images/lg/38-aquaman.jpg');
INSERT INTO superheroes (id, name, slug, alignment, publisher) VALUES (39, 'Arachne', '39-arachne', 'good', 'Marvel Comics');
INSERT INTO superhero_powerstats (superhero_id, intelligence, strength, speed, durability, power, combat, cost) VALUES (39, 50, 48, 50, 70, 71, 70, 59);
INSERT INTO superhero_appearance (superhero_id, gender, race, height_cm, weight_kg, eye_color, hair_color) VALUES (39, 'Female', 'Human', 175, 63, 'Blue', 'Blond');
INSERT INTO superhero_biography (superhero_id, full_name, aliases, place_of_birth, first_appearance) VALUES (39, 'Julia Carpenter', '["Spider-Woman","Madame Web"]', 'Los Angeles, California', 'Marvel Super Heroes Secret Wars #6');
INSERT INTO superhero_images (superhero_id, xs_url, sm_url, md_url, lg_url) VALUES (39, 'https://cdn.jsdelivr.net/gh/akabab/superhero-api@0.3.0/api/images/xs/39-arachne.jpg', 'https://cdn.jsdelivr.net/gh/akabab/superhero-api@0.3.0/api/images/sm/39-arachne.jpg', 'https://cdn.jsdelivr.net/gh/akabab/superhero-api@0.3.0/api/images/md/39-arachne.jpg', 'https://cdn.jsdelivr.net/gh/akabab/superhero-api@0.3.0/api/images/lg/39-arachne.jpg');
INSERT INTO superheroes (id, name, slug, alignment, publisher) VALUES (40, 'Archangel', '40-archangel', 'good', 'Angel');
INSERT INTO superhero_powerstats (superhero_id, intelligence, strength, speed, durability, power, combat, cost) VALUES (40, 63, 13, 58, 64, 35, 42, 45);
INSERT INTO superhero_appearance (superhero_id, gender, race, height_cm, weight_kg, eye_color, hair_color) VALUES (40, 'Male', 'Mutant', 183, 68, 'Blue', 'Blond');
INSERT INTO superhero_biography (superhero_id, full_name, aliases, place_of_birth, first_appearance) VALUES (40, 'Warren Kenneth Worthington III', '["War","Dark Angel","Death","Avenging Angel"]', 'Centerport, Long Island, New York', 'X-Men #1 (September, 1963)');
INSERT INTO superhero_images (superhero_id, xs_url, sm_url, md_url, lg_url) VALUES (40, 'https://cdn.jsdelivr.net/gh/akabab/superhero-api@0.3.0/api/images/xs/40-archangel.jpg', 'https://cdn.jsdelivr.net/gh/akabab/superhero-api@0.3.0/api/images/sm/40-archangel.jpg', 'https://cdn.jsdelivr.net/gh/akabab/superhero-api@0.3.0/api/images/md/40-archangel.jpg', 'https://cdn.jsdelivr.net/gh/akabab/superhero-api@0.3.0/api/images/lg/40-archangel.jpg');
INSERT INTO superheroes (id, name, slug, alignment, publisher) VALUES (41, 'Arclight', '41-arclight', 'bad', 'Marvel Comics');
INSERT INTO superhero_powerstats (superhero_id, intelligence, strength, speed, durability, power, combat, cost) VALUES (41, 38, 63, 23, 42, 52, 70, 48);
INSERT INTO superhero_appearance (superhero_id, gender, race, height_cm, weight_kg, eye_color, hair_color) VALUES (41, 'Female', NULL, 173, 57, 'Violet', 'Purple');
INSERT INTO superhero_biography (superhero_id, full_name, aliases, place_of_birth, first_appearance) VALUES (41, 'Philippa Sontag', '["-"]', 'Vietnam', '(In shadow) Uncanny X-Men #210 (1986), (fully) X-Factor #10 (1986)');
INSERT INTO superhero_images (superhero_id, xs_url, sm_url, md_url, lg_url) VALUES (41, 'https://cdn.jsdelivr.net/gh/akabab/superhero-api@0.3.0/api/images/xs/41-arclight.jpg', 'https://cdn.jsdelivr.net/gh/akabab/superhero-api@0.3.0/api/images/sm/41-arclight.jpg', 'https://cdn.jsdelivr.net/gh/akabab/superhero-api@0.3.0/api/images/md/41-arclight.jpg', 'https://cdn.jsdelivr.net/gh/akabab/superhero-api@0.3.0/api/images/lg/41-arclight.jpg');
INSERT INTO superheroes (id, name, slug, alignment, publisher) VALUES (42, 'Ardina', '42-ardina', 'good', 'Marvel Comics');
INSERT INTO superhero_powerstats (superhero_id, intelligence, strength, speed, durability, power, combat, cost) VALUES (42, 63, 100, 100, 80, 100, 25, 78);
INSERT INTO superhero_appearance (superhero_id, gender, race, height_cm, weight_kg, eye_color, hair_color) VALUES (42, 'Female', 'Alien', 193, 98, 'White', 'Orange');
INSERT INTO superhero_biography (superhero_id, full_name, aliases, place_of_birth, first_appearance) VALUES (42, 'Ardina', '["-"]', NULL, 'The Order #4');
INSERT INTO superhero_images (superhero_id, xs_url, sm_url, md_url, lg_url) VALUES (42, 'https://cdn.jsdelivr.net/gh/akabab/superhero-api@0.3.0/api/images/xs/42-ardina.jpg', 'https://cdn.jsdelivr.net/gh/akabab/superhero-api@0.3.0/api/images/sm/42-ardina.jpg', 'https://cdn.jsdelivr.net/gh/akabab/superhero-api@0.3.0/api/images/md/42-ardina.jpg', 'https://cdn.jsdelivr.net/gh/akabab/superhero-api@0.3.0/api/images/lg/42-ardina.jpg');
INSERT INTO superheroes (id, name, slug, alignment, publisher) VALUES (43, 'Ares', '43-ares', 'good', 'Marvel Comics');
INSERT INTO superhero_powerstats (superhero_id, intelligence, strength, speed, durability, power, combat, cost) VALUES (43, 75, 82, 35, 80, 84, 101, 76);
INSERT INTO superhero_appearance (superhero_id, gender, race, height_cm, weight_kg, eye_color, hair_color) VALUES (43, 'Male', NULL, 185, 270, 'Brown', 'Brown');
INSERT INTO superhero_biography (superhero_id, full_name, aliases, place_of_birth, first_appearance) VALUES (43, '', '["God of War","Mister Talon","Mars","Warhawk"]', NULL, 'Thor #129');
INSERT INTO superhero_images (superhero_id, xs_url, sm_url, md_url, lg_url) VALUES (43, 'https://cdn.jsdelivr.net/gh/akabab/superhero-api@0.3.0/api/images/xs/43-ares.jpg', 'https://cdn.jsdelivr.net/gh/akabab/superhero-api@0.3.0/api/images/sm/43-ares.jpg', 'https://cdn.jsdelivr.net/gh/akabab/superhero-api@0.3.0/api/images/md/43-ares.jpg', 'https://cdn.jsdelivr.net/gh/akabab/superhero-api@0.3.0/api/images/lg/43-ares.jpg');
INSERT INTO superheroes (id, name, slug, alignment, publisher) VALUES (44, 'Ariel', '44-ariel', 'good', 'Marvel Comics');
INSERT INTO superhero_powerstats (superhero_id, intelligence, strength, speed, durability, power, combat, cost) VALUES (44, 50, 10, 12, 14, 94, 28, 34);
INSERT INTO superhero_appearance (superhero_id, gender, race, height_cm, weight_kg, eye_color, hair_color) VALUES (44, 'Female', NULL, 165, 59, 'Purple', 'Pink');
INSERT INTO superhero_biography (superhero_id, full_name, aliases, place_of_birth, first_appearance) VALUES (44, 'Ariel', '["-"]', NULL, 'Fallen Angels #1 (1987)');
INSERT INTO superhero_images (superhero_id, xs_url, sm_url, md_url, lg_url) VALUES (44, 'https://cdn.jsdelivr.net/gh/akabab/superhero-api@0.3.0/api/images/xs/44-ariel.jpg', 'https://cdn.jsdelivr.net/gh/akabab/superhero-api@0.3.0/api/images/sm/44-ariel.jpg', 'https://cdn.jsdelivr.net/gh/akabab/superhero-api@0.3.0/api/images/md/44-ariel.jpg', 'https://cdn.jsdelivr.net/gh/akabab/superhero-api@0.3.0/api/images/lg/44-ariel.jpg');
INSERT INTO superheroes (id, name, slug, alignment, publisher) VALUES (45, 'Armor', '45-armor', 'good', 'Marvel Comics');
INSERT INTO superhero_powerstats (superhero_id, intelligence, strength, speed, durability, power, combat, cost) VALUES (45, 50, 63, 12, 80, 55, 54, 52);
INSERT INTO superhero_appearance (superhero_id, gender, race, height_cm, weight_kg, eye_color, hair_color) VALUES (45, 'Female', NULL, 163, 50, 'Black', 'Black');
INSERT INTO superhero_biography (superhero_id, full_name, aliases, place_of_birth, first_appearance) VALUES (45, 'Hisako Ichiki', '["X-Girl","Kid"]', NULL, 'Astonishing X-Men #4 (2004)');
INSERT INTO superhero_images (superhero_id, xs_url, sm_url, md_url, lg_url) VALUES (45, 'https://cdn.jsdelivr.net/gh/akabab/superhero-api@0.3.0/api/images/xs/45-armor.jpg', 'https://cdn.jsdelivr.net/gh/akabab/superhero-api@0.3.0/api/images/sm/45-armor.jpg', 'https://cdn.jsdelivr.net/gh/akabab/superhero-api@0.3.0/api/images/md/45-armor.jpg', 'https://cdn.jsdelivr.net/gh/akabab/superhero-api@0.3.0/api/images/lg/45-armor.jpg');
INSERT INTO superheroes (id, name, slug, alignment, publisher) VALUES (48, 'Atlas', '48-atlas', 'good', 'Goliath');
INSERT INTO superhero_powerstats (superhero_id, intelligence, strength, speed, durability, power, combat, cost) VALUES (48, 63, 80, 25, 100, 98, 50, 69);
INSERT INTO superhero_appearance (superhero_id, gender, race, height_cm, weight_kg, eye_color, hair_color) VALUES (48, 'Male', 'Mutant', 183, 101, 'Brown', 'Red');
INSERT INTO superhero_biography (superhero_id, full_name, aliases, place_of_birth, first_appearance) VALUES (48, 'Erik Josten', '["Power Man","Smuggler","Goliath","Shatterfist","Intruder from Beyond","Edward Jantzen"]', 'Milwaukee, Wisconsin', 'Incredible Hulk #449');
INSERT INTO superhero_images (superhero_id, xs_url, sm_url, md_url, lg_url) VALUES (48, 'https://cdn.jsdelivr.net/gh/akabab/superhero-api@0.3.0/api/images/xs/48-atlas.jpg', 'https://cdn.jsdelivr.net/gh/akabab/superhero-api@0.3.0/api/images/sm/48-atlas.jpg', 'https://cdn.jsdelivr.net/gh/akabab/superhero-api@0.3.0/api/images/md/48-atlas.jpg', 'https://cdn.jsdelivr.net/gh/akabab/superhero-api@0.3.0/api/images/lg/48-atlas.jpg');
INSERT INTO superheroes (id, name, slug, alignment, publisher) VALUES (49, 'Atlas', '49-atlas', 'bad', 'DC Comics');
INSERT INTO superhero_powerstats (superhero_id, intelligence, strength, speed, durability, power, combat, cost) VALUES (49, 63, 100, 42, 100, 27, 80, 68);
INSERT INTO superhero_appearance (superhero_id, gender, race, height_cm, weight_kg, eye_color, hair_color) VALUES (49, 'Male', 'God / Eternal', 198, 126, 'Blue', 'Brown');
INSERT INTO superhero_biography (superhero_id, full_name, aliases, place_of_birth, first_appearance) VALUES (49, '', '["Atlas the Great","Atlas the Untamed"]', 'Crystal Mountain', 'Action Comics #121');
INSERT INTO superhero_images (superhero_id, xs_url, sm_url, md_url, lg_url) VALUES (49, 'https://cdn.jsdelivr.net/gh/akabab/superhero-api@0.3.0/api/images/xs/49-atlas.jpg', 'https://cdn.jsdelivr.net/gh/akabab/superhero-api@0.3.0/api/images/sm/49-atlas.jpg', 'https://cdn.jsdelivr.net/gh/akabab/superhero-api@0.3.0/api/images/md/49-atlas.jpg', 'https://cdn.jsdelivr.net/gh/akabab/superhero-api@0.3.0/api/images/lg/49-atlas.jpg');
INSERT INTO superheroes (id, name, slug, alignment, publisher) VALUES (52, 'Atom Girl', '52-atom-girl', 'good', 'DC Comics');
INSERT INTO superhero_powerstats (superhero_id, intelligence, strength, speed, durability, power, combat, cost) VALUES (52, 38, 10, 23, 28, 38, 42, 29);
INSERT INTO superhero_appearance (superhero_id, gender, race, height_cm, weight_kg, eye_color, hair_color) VALUES (52, 'Female', NULL, 168, 54, 'Black', 'Black');
INSERT INTO superhero_biography (superhero_id, full_name, aliases, place_of_birth, first_appearance) VALUES (52, 'Salu Digby', '["Shrinking Violet"]', NULL, 'Teen Titans/Legion Special #1 (2004)');
INSERT INTO superhero_images (superhero_id, xs_url, sm_url, md_url, lg_url) VALUES (52, 'https://cdn.jsdelivr.net/gh/akabab/superhero-api@0.3.0/api/images/xs/52-atom-girl.jpg', 'https://cdn.jsdelivr.net/gh/akabab/superhero-api@0.3.0/api/images/sm/52-atom-girl.jpg', 'https://cdn.jsdelivr.net/gh/akabab/superhero-api@0.3.0/api/images/md/52-atom-girl.jpg', 'https://cdn.jsdelivr.net/gh/akabab/superhero-api@0.3.0/api/images/lg/52-atom-girl.jpg');
INSERT INTO superheroes (id, name, slug, alignment, publisher) VALUES (53, 'Atom II', '53-atom-ii', 'good', 'DC Comics');
INSERT INTO superhero_powerstats (superhero_id, intelligence, strength, speed, durability, power, combat, cost) VALUES (53, 88, 10, 33, 45, 40, 60, 46);
INSERT INTO superhero_appearance (superhero_id, gender, race, height_cm, weight_kg, eye_color, hair_color) VALUES (53, 'Male', 'Human', 183, 81, 'Brown', 'Auburn');
INSERT INTO superhero_biography (superhero_id, full_name, aliases, place_of_birth, first_appearance) VALUES (53, 'Ray Palmer', '["The Mighty Mite","the Tiny Titan","the World''s Smallest Hero"]', NULL, 'Showcase #34');
INSERT INTO superhero_images (superhero_id, xs_url, sm_url, md_url, lg_url) VALUES (53, 'https://cdn.jsdelivr.net/gh/akabab/superhero-api@0.3.0/api/images/xs/53-atom-ii.jpg', 'https://cdn.jsdelivr.net/gh/akabab/superhero-api@0.3.0/api/images/sm/53-atom-ii.jpg', 'https://cdn.jsdelivr.net/gh/akabab/superhero-api@0.3.0/api/images/md/53-atom-ii.jpg', 'https://cdn.jsdelivr.net/gh/akabab/superhero-api@0.3.0/api/images/lg/53-atom-ii.jpg');
INSERT INTO superheroes (id, name, slug, alignment, publisher) VALUES (56, 'Aurora', '56-aurora', 'good', 'Marvel Comics');
INSERT INTO superhero_powerstats (superhero_id, intelligence, strength, speed, durability, power, combat, cost) VALUES (56, 63, 10, 96, 60, 74, 56, 59);
INSERT INTO superhero_appearance (superhero_id, gender, race, height_cm, weight_kg, eye_color, hair_color) VALUES (56, 'Female', 'Mutant', 180, 63, 'Blue', 'Black');
INSERT INTO superhero_biography (superhero_id, full_name, aliases, place_of_birth, first_appearance) VALUES (56, 'Jeanne-Marie Beaubier', '["Sister Beaubier"]', 'Montreal, Quebec, Canada', 'X-Men #121 (1979)');
INSERT INTO superhero_images (superhero_id, xs_url, sm_url, md_url, lg_url) VALUES (56, 'https://cdn.jsdelivr.net/gh/akabab/superhero-api@0.3.0/api/images/xs/56-aurora.jpg', 'https://cdn.jsdelivr.net/gh/akabab/superhero-api@0.3.0/api/images/sm/56-aurora.jpg', 'https://cdn.jsdelivr.net/gh/akabab/superhero-api@0.3.0/api/images/md/56-aurora.jpg', 'https://cdn.jsdelivr.net/gh/akabab/superhero-api@0.3.0/api/images/lg/56-aurora.jpg');
INSERT INTO superheroes (id, name, slug, alignment, publisher) VALUES (57, 'Azazel', '57-azazel', 'bad', 'Marvel Comics');
INSERT INTO superhero_powerstats (superhero_id, intelligence, strength, speed, durability, power, combat, cost) VALUES (57, 50, 11, 47, 95, 100, 80, 63);
INSERT INTO superhero_appearance (superhero_id, gender, race, height_cm, weight_kg, eye_color, hair_color) VALUES (57, 'Male', 'Neyaphem', 183, 67, 'Yellow', 'Black');
INSERT INTO superhero_biography (superhero_id, full_name, aliases, place_of_birth, first_appearance) VALUES (57, '', '["Semihazah","Duma","Keriel","Mastema","Beliar","Gadreel","Beelzebub","Satan"]', 'Isla des Demonas, Caribbean Sea', 'Uncanny X-Men #428 (2003)');
INSERT INTO superhero_images (superhero_id, xs_url, sm_url, md_url, lg_url) VALUES (57, 'https://cdn.jsdelivr.net/gh/akabab/superhero-api@0.3.0/api/images/xs/57-azazel.jpg', 'https://cdn.jsdelivr.net/gh/akabab/superhero-api@0.3.0/api/images/sm/57-azazel.jpg', 'https://cdn.jsdelivr.net/gh/akabab/superhero-api@0.3.0/api/images/md/57-azazel.jpg', 'https://cdn.jsdelivr.net/gh/akabab/superhero-api@0.3.0/api/images/lg/57-azazel.jpg');
INSERT INTO superheroes (id, name, slug, alignment, publisher) VALUES (58, 'Azrael', '58-azrael', 'good', 'DC Comics');
INSERT INTO superhero_powerstats (superhero_id, intelligence, strength, speed, durability, power, combat, cost) VALUES (58, 63, 18, 17, 20, 35, 80, 38);
INSERT INTO superhero_appearance (superhero_id, gender, race, height_cm, weight_kg, eye_color, hair_color) VALUES (58, 'Male', 'Human', 0, 0, 'Brown', 'Black');
INSERT INTO superhero_biography (superhero_id, full_name, aliases, place_of_birth, first_appearance) VALUES (58, 'Michael Washington Lane', '["Bat-Devil; Bat-Ghost"]', 'Gotham City', 'Batman #672 (February, 2008)');
INSERT INTO superhero_images (superhero_id, xs_url, sm_url, md_url, lg_url) VALUES (58, 'https://cdn.jsdelivr.net/gh/akabab/superhero-api@0.3.0/api/images/xs/58-azrael.jpg', 'https://cdn.jsdelivr.net/gh/akabab/superhero-api@0.3.0/api/images/sm/58-azrael.jpg', 'https://cdn.jsdelivr.net/gh/akabab/superhero-api@0.3.0/api/images/md/58-azrael.jpg', 'https://cdn.jsdelivr.net/gh/akabab/superhero-api@0.3.0/api/images/lg/58-azrael.jpg');
INSERT INTO superheroes (id, name, slug, alignment, publisher) VALUES (60, 'Bane', '60-bane', 'bad', 'DC Comics');
INSERT INTO superhero_powerstats (superhero_id, intelligence, strength, speed, durability, power, combat, cost) VALUES (60, 88, 38, 23, 56, 51, 95, 58);
INSERT INTO superhero_appearance (superhero_id, gender, race, height_cm, weight_kg, eye_color, hair_color) VALUES (60, 'Male', 'Human', 203, 180, NULL, NULL);
INSERT INTO superhero_biography (superhero_id, full_name, aliases, place_of_birth, first_appearance) VALUES (60, '', '["-"]', NULL, 'Batman: Vengeance of Bane #1 (January, 1993)');
INSERT INTO superhero_images (superhero_id, xs_url, sm_url, md_url, lg_url) VALUES (60, 'https://cdn.jsdelivr.net/gh/akabab/superhero-api@0.3.0/api/images/xs/60-bane.jpg', 'https://cdn.jsdelivr.net/gh/akabab/superhero-api@0.3.0/api/images/sm/60-bane.jpg', 'https://cdn.jsdelivr.net/gh/akabab/superhero-api@0.3.0/api/images/md/60-bane.jpg', 'https://cdn.jsdelivr.net/gh/akabab/superhero-api@0.3.0/api/images/lg/60-bane.jpg');
INSERT INTO superheroes (id, name, slug, alignment, publisher) VALUES (61, 'Banshee', '61-banshee', 'good', 'Marvel Comics');
INSERT INTO superhero_powerstats (superhero_id, intelligence, strength, speed, durability, power, combat, cost) VALUES (61, 50, 10, 58, 40, 63, 70, 48);
INSERT INTO superhero_appearance (superhero_id, gender, race, height_cm, weight_kg, eye_color, hair_color) VALUES (61, 'Male', 'Human', 183, 77, 'Green', 'Strawberry Blond');
INSERT INTO superhero_biography (superhero_id, full_name, aliases, place_of_birth, first_appearance) VALUES (61, 'Sean Cassidy', '["Death"]', 'Cassidy Keep, Ireland', 'X-Men #28 (January, 1967)');
INSERT INTO superhero_images (superhero_id, xs_url, sm_url, md_url, lg_url) VALUES (61, 'https://cdn.jsdelivr.net/gh/akabab/superhero-api@0.3.0/api/images/xs/61-banshee.jpg', 'https://cdn.jsdelivr.net/gh/akabab/superhero-api@0.3.0/api/images/sm/61-banshee.jpg', 'https://cdn.jsdelivr.net/gh/akabab/superhero-api@0.3.0/api/images/md/61-banshee.jpg', 'https://cdn.jsdelivr.net/gh/akabab/superhero-api@0.3.0/api/images/lg/61-banshee.jpg');
INSERT INTO superheroes (id, name, slug, alignment, publisher) VALUES (62, 'Bantam', '62-bantam', 'good', 'Marvel Comics');
INSERT INTO superhero_powerstats (superhero_id, intelligence, strength, speed, durability, power, combat, cost) VALUES (62, 25, 53, 23, 54, 21, 56, 38);
INSERT INTO superhero_appearance (superhero_id, gender, race, height_cm, weight_kg, eye_color, hair_color) VALUES (62, 'Male', NULL, 165, 54, 'Brown', 'Black');
INSERT INTO superhero_biography (superhero_id, full_name, aliases, place_of_birth, first_appearance) VALUES (62, 'Roberto Velasquez', '["-"]', NULL, 'Civil War: Front Line #3 (September, 2006)');
INSERT INTO superhero_images (superhero_id, xs_url, sm_url, md_url, lg_url) VALUES (62, 'https://cdn.jsdelivr.net/gh/akabab/superhero-api@0.3.0/api/images/xs/62-bantam.jpg', 'https://cdn.jsdelivr.net/gh/akabab/superhero-api@0.3.0/api/images/sm/62-bantam.jpg', 'https://cdn.jsdelivr.net/gh/akabab/superhero-api@0.3.0/api/images/md/62-bantam.jpg', 'https://cdn.jsdelivr.net/gh/akabab/superhero-api@0.3.0/api/images/lg/62-bantam.jpg');
INSERT INTO superheroes (id, name, slug, alignment, publisher) VALUES (63, 'Batgirl', '63-batgirl', 'good', 'Oracle');
INSERT INTO superhero_powerstats (superhero_id, intelligence, strength, speed, durability, power, combat, cost) VALUES (63, 88, 11, 33, 40, 34, 90, 49);
INSERT INTO superhero_appearance (superhero_id, gender, race, height_cm, weight_kg, eye_color, hair_color) VALUES (63, 'Female', 'Human', 170, 57, 'Green', 'Red');
INSERT INTO superhero_biography (superhero_id, full_name, aliases, place_of_birth, first_appearance) VALUES (63, 'Barbara Gordon', '["Oracle","Bluebelle"]', NULL, 'Detective Comics #359');
INSERT INTO superhero_images (superhero_id, xs_url, sm_url, md_url, lg_url) VALUES (63, 'https://cdn.jsdelivr.net/gh/akabab/superhero-api@0.3.0/api/images/xs/63-batgirl.jpg', 'https://cdn.jsdelivr.net/gh/akabab/superhero-api@0.3.0/api/images/sm/63-batgirl.jpg', 'https://cdn.jsdelivr.net/gh/akabab/superhero-api@0.3.0/api/images/md/63-batgirl.jpg', 'https://cdn.jsdelivr.net/gh/akabab/superhero-api@0.3.0/api/images/lg/63-batgirl.jpg');
INSERT INTO superheroes (id, name, slug, alignment, publisher) VALUES (66, 'Batgirl IV', '66-batgirl-iv', 'good', 'DC Comics');
INSERT INTO superhero_powerstats (superhero_id, intelligence, strength, speed, durability, power, combat, cost) VALUES (66, 69, 12, 27, 56, 46, 100, 51);
INSERT INTO superhero_appearance (superhero_id, gender, race, height_cm, weight_kg, eye_color, hair_color) VALUES (66, 'Female', 'Human', 165, 52, 'Green', 'Black');
INSERT INTO superhero_biography (superhero_id, full_name, aliases, place_of_birth, first_appearance) VALUES (66, 'Cassandra Cain', '["Kasumi","various mundane persona,"]', 'League of Assassins (exact base is unknown)', 'Batman: Legends of the Dark Knight #120');
INSERT INTO superhero_images (superhero_id, xs_url, sm_url, md_url, lg_url) VALUES (66, 'https://cdn.jsdelivr.net/gh/akabab/superhero-api@0.3.0/api/images/xs/66-batgirl-iv.jpg', 'https://cdn.jsdelivr.net/gh/akabab/superhero-api@0.3.0/api/images/sm/66-batgirl-iv.jpg', 'https://cdn.jsdelivr.net/gh/akabab/superhero-api@0.3.0/api/images/md/66-batgirl-iv.jpg', 'https://cdn.jsdelivr.net/gh/akabab/superhero-api@0.3.0/api/images/lg/66-batgirl-iv.jpg');
INSERT INTO superheroes (id, name, slug, alignment, publisher) VALUES (68, 'Batgirl VI', '68-batgirl-vi', 'good', 'Spoiler');
INSERT INTO superhero_powerstats (superhero_id, intelligence, strength, speed, durability, power, combat, cost) VALUES (68, 75, 10, 23, 28, 22, 80, 39);
INSERT INTO superhero_appearance (superhero_id, gender, race, height_cm, weight_kg, eye_color, hair_color) VALUES (68, 'Female', NULL, 168, 61, 'Blue', 'Blond');
INSERT INTO superhero_biography (superhero_id, full_name, aliases, place_of_birth, first_appearance) VALUES (68, 'Stephanie Brown', '["Steph","Robin","Marion Todd","Spoiler"]', NULL, 'Detective Comics #647. As Batgirl in Batgirl (Volume 3) #1. (2009)');
INSERT INTO superhero_images (superhero_id, xs_url, sm_url, md_url, lg_url) VALUES (68, 'https://cdn.jsdelivr.net/gh/akabab/superhero-api@0.3.0/api/images/xs/68-batgirl-vi.jpg', 'https://cdn.jsdelivr.net/gh/akabab/superhero-api@0.3.0/api/images/sm/68-batgirl-vi.jpg', 'https://cdn.jsdelivr.net/gh/akabab/superhero-api@0.3.0/api/images/md/68-batgirl-vi.jpg', 'https://cdn.jsdelivr.net/gh/akabab/superhero-api@0.3.0/api/images/lg/68-batgirl-vi.jpg');
INSERT INTO superheroes (id, name, slug, alignment, publisher) VALUES (69, 'Batman', '69-batman', 'good', 'DC Comics');
INSERT INTO superhero_powerstats (superhero_id, intelligence, strength, speed, durability, power, combat, cost) VALUES (69, 81, 40, 29, 55, 63, 90, 59);
INSERT INTO superhero_appearance (superhero_id, gender, race, height_cm, weight_kg, eye_color, hair_color) VALUES (69, 'Male', 'Human', 178, 77, 'Blue', 'Black');
INSERT INTO superhero_biography (superhero_id, full_name, aliases, place_of_birth, first_appearance) VALUES (69, 'Terry McGinnis', '["Batman II","The Tomorrow Knight","The second Dark Knight","The Dark Knight of Tomorrow","Batman Beyond"]', 'Gotham City, 25th Century', 'Batman Beyond #1');
INSERT INTO superhero_images (superhero_id, xs_url, sm_url, md_url, lg_url) VALUES (69, 'https://cdn.jsdelivr.net/gh/akabab/superhero-api@0.3.0/api/images/xs/69-batman.jpg', 'https://cdn.jsdelivr.net/gh/akabab/superhero-api@0.3.0/api/images/sm/69-batman.jpg', 'https://cdn.jsdelivr.net/gh/akabab/superhero-api@0.3.0/api/images/md/69-batman.jpg', 'https://cdn.jsdelivr.net/gh/akabab/superhero-api@0.3.0/api/images/lg/69-batman.jpg');
INSERT INTO superheroes (id, name, slug, alignment, publisher) VALUES (70, 'Batman', '70-batman', 'good', 'DC Comics');
INSERT INTO superhero_powerstats (superhero_id, intelligence, strength, speed, durability, power, combat, cost) VALUES (70, 100, 26, 27, 50, 47, 100, 58);
INSERT INTO superhero_appearance (superhero_id, gender, race, height_cm, weight_kg, eye_color, hair_color) VALUES (70, 'Male', 'Human', 188, 95, 'blue', 'black');
INSERT INTO superhero_biography (superhero_id, full_name, aliases, place_of_birth, first_appearance) VALUES (70, 'Bruce Wayne', '["Insider","Matches Malone"]', 'Crest Hill, Bristol Township; Gotham County', 'Detective Comics #27');
INSERT INTO superhero_images (superhero_id, xs_url, sm_url, md_url, lg_url) VALUES (70, 'https://cdn.jsdelivr.net/gh/akabab/superhero-api@0.3.0/api/images/xs/70-batman.jpg', 'https://cdn.jsdelivr.net/gh/akabab/superhero-api@0.3.0/api/images/sm/70-batman.jpg', 'https://cdn.jsdelivr.net/gh/akabab/superhero-api@0.3.0/api/images/md/70-batman.jpg', 'https://cdn.jsdelivr.net/gh/akabab/superhero-api@0.3.0/api/images/lg/70-batman.jpg');
INSERT INTO superheroes (id, name, slug, alignment, publisher) VALUES (71, 'Batman II', '71-batman-ii', 'good', 'Nightwing');
INSERT INTO superhero_powerstats (superhero_id, intelligence, strength, speed, durability, power, combat, cost) VALUES (71, 88, 11, 33, 28, 36, 100, 49);
INSERT INTO superhero_appearance (superhero_id, gender, race, height_cm, weight_kg, eye_color, hair_color) VALUES (71, 'Male', 'Human', 178, 79, 'Blue', 'Black');
INSERT INTO superhero_biography (superhero_id, full_name, aliases, place_of_birth, first_appearance) VALUES (71, 'Dick Grayson', '["Dick Grayson"]', NULL, NULL);
INSERT INTO superhero_images (superhero_id, xs_url, sm_url, md_url, lg_url) VALUES (71, 'https://cdn.jsdelivr.net/gh/akabab/superhero-api@0.3.0/api/images/xs/71-batman-ii.jpg', 'https://cdn.jsdelivr.net/gh/akabab/superhero-api@0.3.0/api/images/sm/71-batman-ii.jpg', 'https://cdn.jsdelivr.net/gh/akabab/superhero-api@0.3.0/api/images/md/71-batman-ii.jpg', 'https://cdn.jsdelivr.net/gh/akabab/superhero-api@0.3.0/api/images/lg/71-batman-ii.jpg');
INSERT INTO superheroes (id, name, slug, alignment, publisher) VALUES (72, 'Battlestar', '72-battlestar', 'good', 'Marvel Comics');
INSERT INTO superhero_powerstats (superhero_id, intelligence, strength, speed, durability, power, combat, cost) VALUES (72, 50, 53, 35, 74, 48, 74, 55);
INSERT INTO superhero_appearance (superhero_id, gender, race, height_cm, weight_kg, eye_color, hair_color) VALUES (72, 'Male', NULL, 198, 133, 'Brown', 'Black');
INSERT INTO superhero_biography (superhero_id, full_name, aliases, place_of_birth, first_appearance) VALUES (72, 'Lemar Hoskins', '["Bucky"]', 'Chicago, Illinois', 'Captain America #323 (1986); (as Bucky)');
INSERT INTO superhero_images (superhero_id, xs_url, sm_url, md_url, lg_url) VALUES (72, 'https://cdn.jsdelivr.net/gh/akabab/superhero-api@0.3.0/api/images/xs/72-battlestar.jpg', 'https://cdn.jsdelivr.net/gh/akabab/superhero-api@0.3.0/api/images/sm/72-battlestar.jpg', 'https://cdn.jsdelivr.net/gh/akabab/superhero-api@0.3.0/api/images/md/72-battlestar.jpg', 'https://cdn.jsdelivr.net/gh/akabab/superhero-api@0.3.0/api/images/lg/72-battlestar.jpg');
INSERT INTO superheroes (id, name, slug, alignment, publisher) VALUES (73, 'Batwoman V', '73-batwoman-v', 'good', 'DC Comics');
INSERT INTO superhero_powerstats (superhero_id, intelligence, strength, speed, durability, power, combat, cost) VALUES (73, 81, 8, 29, 25, 27, 80, 41);
INSERT INTO superhero_appearance (superhero_id, gender, race, height_cm, weight_kg, eye_color, hair_color) VALUES (73, 'Female', 'Human', 178, 0, 'Green', 'Red');
INSERT INTO superhero_biography (superhero_id, full_name, aliases, place_of_birth, first_appearance) VALUES (73, 'Katherine Rebecca Kane', '["-"]', NULL, '52 #7 (June, 2006)');
INSERT INTO superhero_images (superhero_id, xs_url, sm_url, md_url, lg_url) VALUES (73, 'https://cdn.jsdelivr.net/gh/akabab/superhero-api@0.3.0/api/images/xs/73-batwoman-v.jpg', 'https://cdn.jsdelivr.net/gh/akabab/superhero-api@0.3.0/api/images/sm/73-batwoman-v.jpg', 'https://cdn.jsdelivr.net/gh/akabab/superhero-api@0.3.0/api/images/md/73-batwoman-v.jpg', 'https://cdn.jsdelivr.net/gh/akabab/superhero-api@0.3.0/api/images/lg/73-batwoman-v.jpg');
INSERT INTO superheroes (id, name, slug, alignment, publisher) VALUES (75, 'Beast', '75-beast', 'good', 'Marvel Comics');
INSERT INTO superhero_powerstats (superhero_id, intelligence, strength, speed, durability, power, combat, cost) VALUES (75, 94, 48, 38, 60, 43, 85, 61);
INSERT INTO superhero_appearance (superhero_id, gender, race, height_cm, weight_kg, eye_color, hair_color) VALUES (75, 'Male', 'Mutant', 180, 181, 'Blue', 'Blue');
INSERT INTO superhero_biography (superhero_id, full_name, aliases, place_of_birth, first_appearance) VALUES (75, 'Henry Philip McCoy', '["Dr. McCoy","Hanko","Kreature","Mutate #666","Magilla Gorilla","Golden Armed Boy"]', 'Dunfee, Illinois', 'X-MEN Vol. 1 #1, (in furry ape form) AMAZING ADVENTURES #11, (in current feline form) NEW X-MEN Vol. 1 #114');
INSERT INTO superhero_images (superhero_id, xs_url, sm_url, md_url, lg_url) VALUES (75, 'https://cdn.jsdelivr.net/gh/akabab/superhero-api@0.3.0/api/images/xs/75-beast.jpg', 'https://cdn.jsdelivr.net/gh/akabab/superhero-api@0.3.0/api/images/sm/75-beast.jpg', 'https://cdn.jsdelivr.net/gh/akabab/superhero-api@0.3.0/api/images/md/75-beast.jpg', 'https://cdn.jsdelivr.net/gh/akabab/superhero-api@0.3.0/api/images/lg/75-beast.jpg');
INSERT INTO superheroes (id, name, slug, alignment, publisher) VALUES (76, 'Beast Boy', '76-beast-boy', 'good', 'DC Comics');
INSERT INTO superhero_powerstats (superhero_id, intelligence, strength, speed, durability, power, combat, cost) VALUES (76, 50, 28, 50, 70, 79, 40, 52);
INSERT INTO superhero_appearance (superhero_id, gender, race, height_cm, weight_kg, eye_color, hair_color) VALUES (76, 'Male', 'Human', 173, 68, 'Green', 'Green');
INSERT INTO superhero_biography (superhero_id, full_name, aliases, place_of_birth, first_appearance) VALUES (76, 'Garfield Mark Logan', '["Changeling","Beast-Brat","Green Jeans","Salad-head","Sprout","Tork","Craig Logan"]', NULL, 'Doom Patrol #99 (November, 1965)');
INSERT INTO superhero_images (superhero_id, xs_url, sm_url, md_url, lg_url) VALUES (76, 'https://cdn.jsdelivr.net/gh/akabab/superhero-api@0.3.0/api/images/xs/76-beast-boy.jpg', 'https://cdn.jsdelivr.net/gh/akabab/superhero-api@0.3.0/api/images/sm/76-beast-boy.jpg', 'https://cdn.jsdelivr.net/gh/akabab/superhero-api@0.3.0/api/images/md/76-beast-boy.jpg', 'https://cdn.jsdelivr.net/gh/akabab/superhero-api@0.3.0/api/images/lg/76-beast-boy.jpg');
INSERT INTO superheroes (id, name, slug, alignment, publisher) VALUES (78, 'Ben 10', '78-ben-10', 'good', 'DC Comics');
INSERT INTO superhero_powerstats (superhero_id, intelligence, strength, speed, durability, power, combat, cost) VALUES (78, 10, 7, 8, 10, 90, 40, 27);
INSERT INTO superhero_appearance (superhero_id, gender, race, height_cm, weight_kg, eye_color, hair_color) VALUES (78, 'Male', NULL, 0, 0, NULL, NULL);
INSERT INTO superhero_biography (superhero_id, full_name, aliases, place_of_birth, first_appearance) VALUES (78, 'Benjamin Kirby Tennyson', '["Ben Ten"]', NULL, 'Ben 10 S01E01');
INSERT INTO superhero_images (superhero_id, xs_url, sm_url, md_url, lg_url) VALUES (78, 'https://cdn.jsdelivr.net/gh/akabab/superhero-api@0.3.0/api/images/xs/78-ben-10.jpg', 'https://cdn.jsdelivr.net/gh/akabab/superhero-api@0.3.0/api/images/sm/78-ben-10.jpg', 'https://cdn.jsdelivr.net/gh/akabab/superhero-api@0.3.0/api/images/md/78-ben-10.jpg', 'https://cdn.jsdelivr.net/gh/akabab/superhero-api@0.3.0/api/images/lg/78-ben-10.jpg');
INSERT INTO superheroes (id, name, slug, alignment, publisher) VALUES (79, 'Beta Ray Bill', '79-beta-ray-bill', 'good', 'Marvel Comics');
INSERT INTO superhero_powerstats (superhero_id, intelligence, strength, speed, durability, power, combat, cost) VALUES (79, 63, 80, 35, 95, 100, 84, 76);
INSERT INTO superhero_appearance (superhero_id, gender, race, height_cm, weight_kg, eye_color, hair_color) VALUES (79, 'Male', NULL, 201, 216, NULL, 'No Hair');
INSERT INTO superhero_biography (superhero_id, full_name, aliases, place_of_birth, first_appearance) VALUES (79, 'Beta Ray Bill (translation of his Korbinite name)', '["Beta Ray Thor","Simon Walters"]', 'Burning Galaxy', 'Thor #337');
INSERT INTO superhero_images (superhero_id, xs_url, sm_url, md_url, lg_url) VALUES (79, 'https://cdn.jsdelivr.net/gh/akabab/superhero-api@0.3.0/api/images/xs/79-beta-ray-bill.jpg', 'https://cdn.jsdelivr.net/gh/akabab/superhero-api@0.3.0/api/images/sm/79-beta-ray-bill.jpg', 'https://cdn.jsdelivr.net/gh/akabab/superhero-api@0.3.0/api/images/md/79-beta-ray-bill.jpg', 'https://cdn.jsdelivr.net/gh/akabab/superhero-api@0.3.0/api/images/lg/79-beta-ray-bill.jpg');
INSERT INTO superheroes (id, name, slug, alignment, publisher) VALUES (80, 'Beyonder', '80-beyonder', 'good', 'Marvel Comics');
INSERT INTO superhero_powerstats (superhero_id, intelligence, strength, speed, durability, power, combat, cost) VALUES (80, 100, 100, 100, 100, 100, 84, 97);
INSERT INTO superhero_appearance (superhero_id, gender, race, height_cm, weight_kg, eye_color, hair_color) VALUES (80, 'Male', 'God / Eternal', 0, 0, NULL, NULL);
INSERT INTO superhero_biography (superhero_id, full_name, aliases, place_of_birth, first_appearance) VALUES (80, '', '["Ataxi","The Beyond Realm","Frank","Goblin Force","Goblin King","Goblyn King","Goblin Queen","The One From Beyond","God","Kosmos","Maker"]', 'Created in the Beyond', 'Marvel Super-Heroes Secret Wars #1');
INSERT INTO superhero_images (superhero_id, xs_url, sm_url, md_url, lg_url) VALUES (80, 'https://cdn.jsdelivr.net/gh/akabab/superhero-api@0.3.0/api/images/xs/80-beyonder.jpg', 'https://cdn.jsdelivr.net/gh/akabab/superhero-api@0.3.0/api/images/sm/80-beyonder.jpg', 'https://cdn.jsdelivr.net/gh/akabab/superhero-api@0.3.0/api/images/md/80-beyonder.jpg', 'https://cdn.jsdelivr.net/gh/akabab/superhero-api@0.3.0/api/images/lg/80-beyonder.jpg');
INSERT INTO superheroes (id, name, slug, alignment, publisher) VALUES (81, 'Big Barda', '81-big-barda', 'bad', 'DC Comics');
INSERT INTO superhero_powerstats (superhero_id, intelligence, strength, speed, durability, power, combat, cost) VALUES (81, 88, 100, 79, 100, 100, 100, 94);
INSERT INTO superhero_appearance (superhero_id, gender, race, height_cm, weight_kg, eye_color, hair_color) VALUES (81, 'Female', 'New God', 188, 135, 'Blue', 'Black');
INSERT INTO superhero_biography (superhero_id, full_name, aliases, place_of_birth, first_appearance) VALUES (81, 'Barda Free', '["Barda","the Strongest Woman in the World"]', NULL, 'Mister Miracle (Volume 1) #4');
INSERT INTO superhero_images (superhero_id, xs_url, sm_url, md_url, lg_url) VALUES (81, 'https://cdn.jsdelivr.net/gh/akabab/superhero-api@0.3.0/api/images/xs/81-big-barda.jpg', 'https://cdn.jsdelivr.net/gh/akabab/superhero-api@0.3.0/api/images/sm/81-big-barda.jpg', 'https://cdn.jsdelivr.net/gh/akabab/superhero-api@0.3.0/api/images/md/81-big-barda.jpg', 'https://cdn.jsdelivr.net/gh/akabab/superhero-api@0.3.0/api/images/lg/81-big-barda.jpg');
INSERT INTO superheroes (id, name, slug, alignment, publisher) VALUES (82, 'Big Daddy', '82-big-daddy', 'good', 'Icon Comics');
INSERT INTO superhero_powerstats (superhero_id, intelligence, strength, speed, durability, power, combat, cost) VALUES (82, 38, 10, 12, 32, 22, 64, 29);
INSERT INTO superhero_appearance (superhero_id, gender, race, height_cm, weight_kg, eye_color, hair_color) VALUES (82, 'Male', NULL, 0, 0, NULL, NULL);
INSERT INTO superhero_biography (superhero_id, full_name, aliases, place_of_birth, first_appearance) VALUES (82, 'Damon Macready', '["-"]', NULL, 'Kick-Ass #4');
INSERT INTO superhero_images (superhero_id, xs_url, sm_url, md_url, lg_url) VALUES (82, 'https://cdn.jsdelivr.net/gh/akabab/superhero-api@0.3.0/api/images/xs/82-big-daddy.jpg', 'https://cdn.jsdelivr.net/gh/akabab/superhero-api@0.3.0/api/images/sm/82-big-daddy.jpg', 'https://cdn.jsdelivr.net/gh/akabab/superhero-api@0.3.0/api/images/md/82-big-daddy.jpg', 'https://cdn.jsdelivr.net/gh/akabab/superhero-api@0.3.0/api/images/lg/82-big-daddy.jpg');
INSERT INTO superheroes (id, name, slug, alignment, publisher) VALUES (83, 'Big Man', '83-big-man', 'bad', 'Marvel Comics');
INSERT INTO superhero_powerstats (superhero_id, intelligence, strength, speed, durability, power, combat, cost) VALUES (83, 75, 12, 23, 28, 19, 70, 37);
INSERT INTO superhero_appearance (superhero_id, gender, race, height_cm, weight_kg, eye_color, hair_color) VALUES (83, 'Male', NULL, 165, 71, 'Blue', 'Brown');
INSERT INTO superhero_biography (superhero_id, full_name, aliases, place_of_birth, first_appearance) VALUES (83, 'Frederick Foswell', '["Patch"]', NULL, 'Amazing Spider-Man # 10 (1964)');
INSERT INTO superhero_images (superhero_id, xs_url, sm_url, md_url, lg_url) VALUES (83, 'https://cdn.jsdelivr.net/gh/akabab/superhero-api@0.3.0/api/images/xs/83-big-man.jpg', 'https://cdn.jsdelivr.net/gh/akabab/superhero-api@0.3.0/api/images/sm/83-big-man.jpg', 'https://cdn.jsdelivr.net/gh/akabab/superhero-api@0.3.0/api/images/md/83-big-man.jpg', 'https://cdn.jsdelivr.net/gh/akabab/superhero-api@0.3.0/api/images/lg/83-big-man.jpg');
INSERT INTO superheroes (id, name, slug, alignment, publisher) VALUES (84, 'Bill Harken', '84-bill-harken', 'good', 'SyFy');
INSERT INTO superhero_powerstats (superhero_id, intelligence, strength, speed, durability, power, combat, cost) VALUES (84, 63, 36, 33, 60, 27, 40, 43);
INSERT INTO superhero_appearance (superhero_id, gender, race, height_cm, weight_kg, eye_color, hair_color) VALUES (84, 'Male', 'Alpha', 0, 0, NULL, NULL);
INSERT INTO superhero_biography (superhero_id, full_name, aliases, place_of_birth, first_appearance) VALUES (84, '', '["-"]', NULL, NULL);
INSERT INTO superhero_images (superhero_id, xs_url, sm_url, md_url, lg_url) VALUES (84, 'https://cdn.jsdelivr.net/gh/akabab/superhero-api@0.3.0/api/images/xs/84-bill-harken.jpg', 'https://cdn.jsdelivr.net/gh/akabab/superhero-api@0.3.0/api/images/sm/84-bill-harken.jpg', 'https://cdn.jsdelivr.net/gh/akabab/superhero-api@0.3.0/api/images/md/84-bill-harken.jpg', 'https://cdn.jsdelivr.net/gh/akabab/superhero-api@0.3.0/api/images/lg/84-bill-harken.jpg');
INSERT INTO superheroes (id, name, slug, alignment, publisher) VALUES (87, 'Bionic Woman', '87-bionic-woman', 'good', '');
INSERT INTO superhero_powerstats (superhero_id, intelligence, strength, speed, durability, power, combat, cost) VALUES (87, 56, 37, 33, 40, 20, 40, 37);
INSERT INTO superhero_appearance (superhero_id, gender, race, height_cm, weight_kg, eye_color, hair_color) VALUES (87, 'Female', 'Cyborg', 0, 0, 'Blue', 'Black');
INSERT INTO superhero_biography (superhero_id, full_name, aliases, place_of_birth, first_appearance) VALUES (87, 'Jamie Sommers', '["Clarissa Whyte"]', NULL, NULL);
INSERT INTO superhero_images (superhero_id, xs_url, sm_url, md_url, lg_url) VALUES (87, 'https://cdn.jsdelivr.net/gh/akabab/superhero-api@0.3.0/api/images/xs/87-bionic-woman.jpg', 'https://cdn.jsdelivr.net/gh/akabab/superhero-api@0.3.0/api/images/sm/87-bionic-woman.jpg', 'https://cdn.jsdelivr.net/gh/akabab/superhero-api@0.3.0/api/images/md/87-bionic-woman.jpg', 'https://cdn.jsdelivr.net/gh/akabab/superhero-api@0.3.0/api/images/lg/87-bionic-woman.jpg');
INSERT INTO superheroes (id, name, slug, alignment, publisher) VALUES (88, 'Bird-Brain', '88-bird-brain', 'good', 'Marvel Comics');
INSERT INTO superhero_powerstats (superhero_id, intelligence, strength, speed, durability, power, combat, cost) VALUES (88, 25, 10, 35, 28, 21, 42, 26);
INSERT INTO superhero_appearance (superhero_id, gender, race, height_cm, weight_kg, eye_color, hair_color) VALUES (88, NULL, NULL, 0, 0, NULL, NULL);
INSERT INTO superhero_biography (superhero_id, full_name, aliases, place_of_birth, first_appearance) VALUES (88, '', '["Bird-Boy"]', NULL, 'The New Mutants #56 (October, 1987)');
INSERT INTO superhero_images (superhero_id, xs_url, sm_url, md_url, lg_url) VALUES (88, 'https://cdn.jsdelivr.net/gh/akabab/superhero-api@0.3.0/api/images/xs/88-bird-brain.jpg', 'https://cdn.jsdelivr.net/gh/akabab/superhero-api@0.3.0/api/images/sm/88-bird-brain.jpg', 'https://cdn.jsdelivr.net/gh/akabab/superhero-api@0.3.0/api/images/md/88-bird-brain.jpg', 'https://cdn.jsdelivr.net/gh/akabab/superhero-api@0.3.0/api/images/lg/88-bird-brain.jpg');
INSERT INTO superheroes (id, name, slug, alignment, publisher) VALUES (92, 'Bishop', '92-bishop', 'good', 'Marvel Comics');
INSERT INTO superhero_powerstats (superhero_id, intelligence, strength, speed, durability, power, combat, cost) VALUES (92, 63, 14, 23, 75, 100, 65, 56);
INSERT INTO superhero_appearance (superhero_id, gender, race, height_cm, weight_kg, eye_color, hair_color) VALUES (92, 'Male', 'Mutant', 198, 124, 'Brown', 'No Hair');
INSERT INTO superhero_biography (superhero_id, full_name, aliases, place_of_birth, first_appearance) VALUES (92, 'Lucas Bishop', '["Archbishop"]', 'A mutant relocation camp in an undisclosed location on an alternate 21st Century Earth', 'Uncanny X-Men #282 (November, 1991)');
INSERT INTO superhero_images (superhero_id, xs_url, sm_url, md_url, lg_url) VALUES (92, 'https://cdn.jsdelivr.net/gh/akabab/superhero-api@0.3.0/api/images/xs/92-bishop.jpg', 'https://cdn.jsdelivr.net/gh/akabab/superhero-api@0.3.0/api/images/sm/92-bishop.jpg', 'https://cdn.jsdelivr.net/gh/akabab/superhero-api@0.3.0/api/images/md/92-bishop.jpg', 'https://cdn.jsdelivr.net/gh/akabab/superhero-api@0.3.0/api/images/lg/92-bishop.jpg');
INSERT INTO superheroes (id, name, slug, alignment, publisher) VALUES (93, 'Bizarro', '93-bizarro', 'neutral', 'DC Comics');
INSERT INTO superhero_powerstats (superhero_id, intelligence, strength, speed, durability, power, combat, cost) VALUES (93, 38, 95, 100, 100, 100, 85, 86);
INSERT INTO superhero_appearance (superhero_id, gender, race, height_cm, weight_kg, eye_color, hair_color) VALUES (93, 'Male', 'Bizarro', 191, 155, 'Black', 'Black');
INSERT INTO superhero_biography (superhero_id, full_name, aliases, place_of_birth, first_appearance) VALUES (93, 'Bizarro', '["-"]', NULL, 'Superboy Vol. 1 #68 (1958)');
INSERT INTO superhero_images (superhero_id, xs_url, sm_url, md_url, lg_url) VALUES (93, 'https://cdn.jsdelivr.net/gh/akabab/superhero-api@0.3.0/api/images/xs/93-bizarro.jpg', 'https://cdn.jsdelivr.net/gh/akabab/superhero-api@0.3.0/api/images/sm/93-bizarro.jpg', 'https://cdn.jsdelivr.net/gh/akabab/superhero-api@0.3.0/api/images/md/93-bizarro.jpg', 'https://cdn.jsdelivr.net/gh/akabab/superhero-api@0.3.0/api/images/lg/93-bizarro.jpg');
INSERT INTO superheroes (id, name, slug, alignment, publisher) VALUES (95, 'Black Adam', '95-black-adam', 'bad', 'DC Comics');
INSERT INTO superhero_powerstats (superhero_id, intelligence, strength, speed, durability, power, combat, cost) VALUES (95, 88, 100, 92, 100, 100, 56, 89);
INSERT INTO superhero_appearance (superhero_id, gender, race, height_cm, weight_kg, eye_color, hair_color) VALUES (95, 'Male', NULL, 191, 113, 'Brown', 'Black');
INSERT INTO superhero_biography (superhero_id, full_name, aliases, place_of_birth, first_appearance) VALUES (95, 'Teth-Adam', '["Hassan Bari","Theo Adam","Mighty Adam","Khem-Adam"]', 'Kahndaq, Egypt', 'Marvel Family #1 (December, 1945)');
INSERT INTO superhero_images (superhero_id, xs_url, sm_url, md_url, lg_url) VALUES (95, 'https://cdn.jsdelivr.net/gh/akabab/superhero-api@0.3.0/api/images/xs/95-black-adam.jpg', 'https://cdn.jsdelivr.net/gh/akabab/superhero-api@0.3.0/api/images/sm/95-black-adam.jpg', 'https://cdn.jsdelivr.net/gh/akabab/superhero-api@0.3.0/api/images/md/95-black-adam.jpg', 'https://cdn.jsdelivr.net/gh/akabab/superhero-api@0.3.0/api/images/lg/95-black-adam.jpg');
INSERT INTO superheroes (id, name, slug, alignment, publisher) VALUES (96, 'Black Bolt', '96-black-bolt', 'good', 'Marvel Comics');
INSERT INTO superhero_powerstats (superhero_id, intelligence, strength, speed, durability, power, combat, cost) VALUES (96, 75, 67, 100, 84, 100, 56, 80);
INSERT INTO superhero_appearance (superhero_id, gender, race, height_cm, weight_kg, eye_color, hair_color) VALUES (96, 'Male', 'Inhuman', 188, 95, 'Blue', 'Black');
INSERT INTO superhero_biography (superhero_id, full_name, aliases, place_of_birth, first_appearance) VALUES (96, 'Blackagar Boltagon', '["-"]', 'Attilan, Atlantic Ocean', 'Fantastic Four #45 (December, 1965)');
INSERT INTO superhero_images (superhero_id, xs_url, sm_url, md_url, lg_url) VALUES (96, 'https://cdn.jsdelivr.net/gh/akabab/superhero-api@0.3.0/api/images/xs/96-black-bolt.jpg', 'https://cdn.jsdelivr.net/gh/akabab/superhero-api@0.3.0/api/images/sm/96-black-bolt.jpg', 'https://cdn.jsdelivr.net/gh/akabab/superhero-api@0.3.0/api/images/md/96-black-bolt.jpg', 'https://cdn.jsdelivr.net/gh/akabab/superhero-api@0.3.0/api/images/lg/96-black-bolt.jpg');
INSERT INTO superheroes (id, name, slug, alignment, publisher) VALUES (97, 'Black Canary', '97-black-canary', 'good', 'DC Comics');
INSERT INTO superhero_powerstats (superhero_id, intelligence, strength, speed, durability, power, combat, cost) VALUES (97, 63, 8, 33, 20, 52, 80, 42);
INSERT INTO superhero_appearance (superhero_id, gender, race, height_cm, weight_kg, eye_color, hair_color) VALUES (97, 'Female', 'Metahuman', 170, 59, 'Blue', 'Blond');
INSERT INTO superhero_biography (superhero_id, full_name, aliases, place_of_birth, first_appearance) VALUES (97, 'Laurel Lance', '["Dinah Laurel Lance Queen; Dinah Laurel Lance-Windrow"]', NULL, 'Justice League of America (Volume 1) #75');
INSERT INTO superhero_images (superhero_id, xs_url, sm_url, md_url, lg_url) VALUES (97, 'https://cdn.jsdelivr.net/gh/akabab/superhero-api@0.3.0/api/images/xs/97-black-canary.jpg', 'https://cdn.jsdelivr.net/gh/akabab/superhero-api@0.3.0/api/images/sm/97-black-canary.jpg', 'https://cdn.jsdelivr.net/gh/akabab/superhero-api@0.3.0/api/images/md/97-black-canary.jpg', 'https://cdn.jsdelivr.net/gh/akabab/superhero-api@0.3.0/api/images/lg/97-black-canary.jpg');
INSERT INTO superheroes (id, name, slug, alignment, publisher) VALUES (98, 'Black Canary', '98-black-canary', 'good', 'DC Comics');
INSERT INTO superhero_powerstats (superhero_id, intelligence, strength, speed, durability, power, combat, cost) VALUES (98, 63, 8, 33, 15, 45, 80, 40);
INSERT INTO superhero_appearance (superhero_id, gender, race, height_cm, weight_kg, eye_color, hair_color) VALUES (98, 'Female', 'Human', 165, 58, 'Blue', 'Blond');
INSERT INTO superhero_biography (superhero_id, full_name, aliases, place_of_birth, first_appearance) VALUES (98, 'Dinah Drake Lance', '["-"]', NULL, 'Flash Comics #86 (August, 1947)');
INSERT INTO superhero_images (superhero_id, xs_url, sm_url, md_url, lg_url) VALUES (98, 'https://cdn.jsdelivr.net/gh/akabab/superhero-api@0.3.0/api/images/xs/98-black-canary.jpg', 'https://cdn.jsdelivr.net/gh/akabab/superhero-api@0.3.0/api/images/sm/98-black-canary.jpg', 'https://cdn.jsdelivr.net/gh/akabab/superhero-api@0.3.0/api/images/md/98-black-canary.jpg', 'https://cdn.jsdelivr.net/gh/akabab/superhero-api@0.3.0/api/images/lg/98-black-canary.jpg');
INSERT INTO superheroes (id, name, slug, alignment, publisher) VALUES (99, 'Black Cat', '99-black-cat', 'good', 'Marvel Comics');
INSERT INTO superhero_powerstats (superhero_id, intelligence, strength, speed, durability, power, combat, cost) VALUES (99, 75, 16, 33, 10, 23, 70, 37);
INSERT INTO superhero_appearance (superhero_id, gender, race, height_cm, weight_kg, eye_color, hair_color) VALUES (99, 'Female', 'Human', 178, 54, 'Green', 'Blond');
INSERT INTO superhero_biography (superhero_id, full_name, aliases, place_of_birth, first_appearance) VALUES (99, 'Felicia Hardy', '["Felicity Harmon"]', 'Queens, New York', 'Amazing Spider-Man #194 (July, 1979)');
INSERT INTO superhero_images (superhero_id, xs_url, sm_url, md_url, lg_url) VALUES (99, 'https://cdn.jsdelivr.net/gh/akabab/superhero-api@0.3.0/api/images/xs/99-black-cat.jpg', 'https://cdn.jsdelivr.net/gh/akabab/superhero-api@0.3.0/api/images/sm/99-black-cat.jpg', 'https://cdn.jsdelivr.net/gh/akabab/superhero-api@0.3.0/api/images/md/99-black-cat.jpg', 'https://cdn.jsdelivr.net/gh/akabab/superhero-api@0.3.0/api/images/lg/99-black-cat.jpg');
INSERT INTO superheroes (id, name, slug, alignment, publisher) VALUES (100, 'Black Flash', '100-black-flash', 'neutral', 'DC Comics');
INSERT INTO superhero_powerstats (superhero_id, intelligence, strength, speed, durability, power, combat, cost) VALUES (100, 44, 10, 100, 80, 100, 30, 60);
INSERT INTO superhero_appearance (superhero_id, gender, race, height_cm, weight_kg, eye_color, hair_color) VALUES (100, 'Male', 'God / Eternal', 0, 0, NULL, NULL);
INSERT INTO superhero_biography (superhero_id, full_name, aliases, place_of_birth, first_appearance) VALUES (100, '', '["Barry Allen","Flashback","Slow Lightning","Black Racer","Death Flash","God of Death"]', NULL, 'Flash Vol 2 #138');
INSERT INTO superhero_images (superhero_id, xs_url, sm_url, md_url, lg_url) VALUES (100, 'https://cdn.jsdelivr.net/gh/akabab/superhero-api@0.3.0/api/images/xs/100-black-flash.jpg', 'https://cdn.jsdelivr.net/gh/akabab/superhero-api@0.3.0/api/images/sm/100-black-flash.jpg', 'https://cdn.jsdelivr.net/gh/akabab/superhero-api@0.3.0/api/images/md/100-black-flash.jpg', 'https://cdn.jsdelivr.net/gh/akabab/superhero-api@0.3.0/api/images/lg/100-black-flash.jpg');
INSERT INTO superheroes (id, name, slug, alignment, publisher) VALUES (102, 'Black Knight III', '102-black-knight-iii', 'good', 'Marvel Comics');
INSERT INTO superhero_powerstats (superhero_id, intelligence, strength, speed, durability, power, combat, cost) VALUES (102, 63, 10, 8, 70, 43, 70, 44);
INSERT INTO superhero_appearance (superhero_id, gender, race, height_cm, weight_kg, eye_color, hair_color) VALUES (102, 'Male', 'Human', 183, 86, 'Brown', 'Brown');
INSERT INTO superhero_biography (superhero_id, full_name, aliases, place_of_birth, first_appearance) VALUES (102, 'Dane Whitman', '["The Pendragon","Gann Josin","Eobar Garrington"]', 'Gloucester, Massachusetts', 'Avengers #47 (1967)');
INSERT INTO superhero_images (superhero_id, xs_url, sm_url, md_url, lg_url) VALUES (102, 'https://cdn.jsdelivr.net/gh/akabab/superhero-api@0.3.0/api/images/xs/102-black-knight-iii.jpg', 'https://cdn.jsdelivr.net/gh/akabab/superhero-api@0.3.0/api/images/sm/102-black-knight-iii.jpg', 'https://cdn.jsdelivr.net/gh/akabab/superhero-api@0.3.0/api/images/md/102-black-knight-iii.jpg', 'https://cdn.jsdelivr.net/gh/akabab/superhero-api@0.3.0/api/images/lg/102-black-knight-iii.jpg');
INSERT INTO superheroes (id, name, slug, alignment, publisher) VALUES (103, 'Black Lightning', '103-black-lightning', 'good', 'DC Comics');
INSERT INTO superhero_powerstats (superhero_id, intelligence, strength, speed, durability, power, combat, cost) VALUES (103, 50, 11, 53, 28, 70, 75, 47);
INSERT INTO superhero_appearance (superhero_id, gender, race, height_cm, weight_kg, eye_color, hair_color) VALUES (103, 'Male', NULL, 185, 90, 'Brown', 'No Hair');
INSERT INTO superhero_biography (superhero_id, full_name, aliases, place_of_birth, first_appearance) VALUES (103, 'Jefferson Pierce', '["-"]', NULL, 'Black Lightning #1 (April 1977)');
INSERT INTO superhero_images (superhero_id, xs_url, sm_url, md_url, lg_url) VALUES (103, 'https://cdn.jsdelivr.net/gh/akabab/superhero-api@0.3.0/api/images/xs/103-black-lightning.jpg', 'https://cdn.jsdelivr.net/gh/akabab/superhero-api@0.3.0/api/images/sm/103-black-lightning.jpg', 'https://cdn.jsdelivr.net/gh/akabab/superhero-api@0.3.0/api/images/md/103-black-lightning.jpg', 'https://cdn.jsdelivr.net/gh/akabab/superhero-api@0.3.0/api/images/lg/103-black-lightning.jpg');
INSERT INTO superheroes (id, name, slug, alignment, publisher) VALUES (104, 'Black Mamba', '104-black-mamba', 'bad', 'Marvel Comics');
INSERT INTO superhero_powerstats (superhero_id, intelligence, strength, speed, durability, power, combat, cost) VALUES (104, 75, 10, 35, 42, 88, 65, 52);
INSERT INTO superhero_appearance (superhero_id, gender, race, height_cm, weight_kg, eye_color, hair_color) VALUES (104, 'Female', NULL, 170, 52, 'Green', 'Black');
INSERT INTO superhero_biography (superhero_id, full_name, aliases, place_of_birth, first_appearance) VALUES (104, 'Tanya Sealy', '["Tanya Sweet"]', 'Chicago, Illinois', 'Marvel Two-In-One #64');
INSERT INTO superhero_images (superhero_id, xs_url, sm_url, md_url, lg_url) VALUES (104, 'https://cdn.jsdelivr.net/gh/akabab/superhero-api@0.3.0/api/images/xs/104-black-mamba.jpg', 'https://cdn.jsdelivr.net/gh/akabab/superhero-api@0.3.0/api/images/sm/104-black-mamba.jpg', 'https://cdn.jsdelivr.net/gh/akabab/superhero-api@0.3.0/api/images/md/104-black-mamba.jpg', 'https://cdn.jsdelivr.net/gh/akabab/superhero-api@0.3.0/api/images/lg/104-black-mamba.jpg');
INSERT INTO superheroes (id, name, slug, alignment, publisher) VALUES (105, 'Black Manta', '105-black-manta', 'bad', 'DC Comics');
INSERT INTO superhero_powerstats (superhero_id, intelligence, strength, speed, durability, power, combat, cost) VALUES (105, 75, 28, 50, 60, 76, 85, 62);
INSERT INTO superhero_appearance (superhero_id, gender, race, height_cm, weight_kg, eye_color, hair_color) VALUES (105, 'Male', 'Human', 188, 92, 'Black', 'No Hair');
INSERT INTO superhero_biography (superhero_id, full_name, aliases, place_of_birth, first_appearance) VALUES (105, 'David', '["Devil Ray","Scourge of the Seven Seas","Yellow Lantern"]', NULL, 'Aquaman #35 (August, 1967)');
INSERT INTO superhero_images (superhero_id, xs_url, sm_url, md_url, lg_url) VALUES (105, 'https://cdn.jsdelivr.net/gh/akabab/superhero-api@0.3.0/api/images/xs/105-black-manta.jpg', 'https://cdn.jsdelivr.net/gh/akabab/superhero-api@0.3.0/api/images/sm/105-black-manta.jpg', 'https://cdn.jsdelivr.net/gh/akabab/superhero-api@0.3.0/api/images/md/105-black-manta.jpg', 'https://cdn.jsdelivr.net/gh/akabab/superhero-api@0.3.0/api/images/lg/105-black-manta.jpg');
INSERT INTO superheroes (id, name, slug, alignment, publisher) VALUES (106, 'Black Panther', '106-black-panther', 'good', 'Marvel Comics');
INSERT INTO superhero_powerstats (superhero_id, intelligence, strength, speed, durability, power, combat, cost) VALUES (106, 88, 16, 30, 60, 41, 100, 55);
INSERT INTO superhero_appearance (superhero_id, gender, race, height_cm, weight_kg, eye_color, hair_color) VALUES (106, 'Male', 'Human', 183, 90, 'Brown', 'Black');
INSERT INTO superhero_biography (superhero_id, full_name, aliases, place_of_birth, first_appearance) VALUES (106, 'T''Challa', '["Mr. Okonkwo","The Man Without Fear","Luke Charles","Black Leopard","the Client","Coal Tiger","has impersonated Daredevil and others on occasion"]', 'Wakanda, Africa', 'Fantastic Four Vol. 1 #52 (1966)');
INSERT INTO superhero_images (superhero_id, xs_url, sm_url, md_url, lg_url) VALUES (106, 'https://cdn.jsdelivr.net/gh/akabab/superhero-api@0.3.0/api/images/xs/106-black-panther.jpg', 'https://cdn.jsdelivr.net/gh/akabab/superhero-api@0.3.0/api/images/sm/106-black-panther.jpg', 'https://cdn.jsdelivr.net/gh/akabab/superhero-api@0.3.0/api/images/md/106-black-panther.jpg', 'https://cdn.jsdelivr.net/gh/akabab/superhero-api@0.3.0/api/images/lg/106-black-panther.jpg');
INSERT INTO superheroes (id, name, slug, alignment, publisher) VALUES (107, 'Black Widow', '107-black-widow', 'good', 'Marvel Comics');
INSERT INTO superhero_powerstats (superhero_id, intelligence, strength, speed, durability, power, combat, cost) VALUES (107, 75, 13, 33, 30, 36, 100, 47);
INSERT INTO superhero_appearance (superhero_id, gender, race, height_cm, weight_kg, eye_color, hair_color) VALUES (107, 'Female', 'Human', 170, 59, 'Green', 'Auburn');
INSERT INTO superhero_biography (superhero_id, full_name, aliases, place_of_birth, first_appearance) VALUES (107, 'Natasha Romanoff', '["Yelena Belova","Natasha Romanoff","Natasha","Tasha","Madame Natasha","Nancy Rushman","Laura Matthers","Nadine Roman","\"Oktober\"","Black Pearl","Ebon Flame"]', NULL, 'Tales of Suspense #52');
INSERT INTO superhero_images (superhero_id, xs_url, sm_url, md_url, lg_url) VALUES (107, 'https://cdn.jsdelivr.net/gh/akabab/superhero-api@0.3.0/api/images/xs/107-black-widow.jpg', 'https://cdn.jsdelivr.net/gh/akabab/superhero-api@0.3.0/api/images/sm/107-black-widow.jpg', 'https://cdn.jsdelivr.net/gh/akabab/superhero-api@0.3.0/api/images/md/107-black-widow.jpg', 'https://cdn.jsdelivr.net/gh/akabab/superhero-api@0.3.0/api/images/lg/107-black-widow.jpg');
INSERT INTO superheroes (id, name, slug, alignment, publisher) VALUES (109, 'Blackout', '109-blackout', 'bad', 'Marvel Comics');
INSERT INTO superhero_powerstats (superhero_id, intelligence, strength, speed, durability, power, combat, cost) VALUES (109, 63, 32, 45, 80, 45, 65, 55);
INSERT INTO superhero_appearance (superhero_id, gender, race, height_cm, weight_kg, eye_color, hair_color) VALUES (109, 'Male', 'Demon', 191, 104, 'Red', 'White');
INSERT INTO superhero_biography (superhero_id, full_name, aliases, place_of_birth, first_appearance) VALUES (109, '', '["-"]', NULL, 'Ghost Rider Vol 3 #2 (June, 1990)');
INSERT INTO superhero_images (superhero_id, xs_url, sm_url, md_url, lg_url) VALUES (109, 'https://cdn.jsdelivr.net/gh/akabab/superhero-api@0.3.0/api/images/xs/109-blackout.jpg', 'https://cdn.jsdelivr.net/gh/akabab/superhero-api@0.3.0/api/images/sm/109-blackout.jpg', 'https://cdn.jsdelivr.net/gh/akabab/superhero-api@0.3.0/api/images/md/109-blackout.jpg', 'https://cdn.jsdelivr.net/gh/akabab/superhero-api@0.3.0/api/images/lg/109-blackout.jpg');
INSERT INTO superheroes (id, name, slug, alignment, publisher) VALUES (110, 'Blackwing', '110-blackwing', 'bad', 'Marvel Comics');
INSERT INTO superhero_powerstats (superhero_id, intelligence, strength, speed, durability, power, combat, cost) VALUES (110, 38, 10, 35, 32, 20, 56, 31);
INSERT INTO superhero_appearance (superhero_id, gender, race, height_cm, weight_kg, eye_color, hair_color) VALUES (110, 'Male', NULL, 185, 86, 'Blue', 'Black');
INSERT INTO superhero_biography (superhero_id, full_name, aliases, place_of_birth, first_appearance) VALUES (110, 'Joseph Manfredi', '["Blackwing","Joe Manfredi","Joe Silvermane","Guiseppi Manfredi"]', 'Professional Criminal', 'Daredevil #118 (February, 1975)');
INSERT INTO superhero_images (superhero_id, xs_url, sm_url, md_url, lg_url) VALUES (110, 'https://cdn.jsdelivr.net/gh/akabab/superhero-api@0.3.0/api/images/xs/110-blackwing.jpg', 'https://cdn.jsdelivr.net/gh/akabab/superhero-api@0.3.0/api/images/sm/110-blackwing.jpg', 'https://cdn.jsdelivr.net/gh/akabab/superhero-api@0.3.0/api/images/md/110-blackwing.jpg', 'https://cdn.jsdelivr.net/gh/akabab/superhero-api@0.3.0/api/images/lg/110-blackwing.jpg');
INSERT INTO superheroes (id, name, slug, alignment, publisher) VALUES (111, 'Blackwulf', '111-blackwulf', 'null', 'Marvel Comics');
INSERT INTO superhero_powerstats (superhero_id, intelligence, strength, speed, durability, power, combat, cost) VALUES (111, 50, 28, 8, 30, 69, 25, 35);
INSERT INTO superhero_appearance (superhero_id, gender, race, height_cm, weight_kg, eye_color, hair_color) VALUES (111, 'Male', 'Alien', 188, 88, 'Red', 'White');
INSERT INTO superhero_biography (superhero_id, full_name, aliases, place_of_birth, first_appearance) VALUES (111, 'Lucian', '["Pelops","Black Wolf"]', 'Armechadon', 'Thunderstrike #6 (March, 1994)');
INSERT INTO superhero_images (superhero_id, xs_url, sm_url, md_url, lg_url) VALUES (111, 'https://cdn.jsdelivr.net/gh/akabab/superhero-api@0.3.0/api/images/xs/111-blackwulf.jpg', 'https://cdn.jsdelivr.net/gh/akabab/superhero-api@0.3.0/api/images/sm/111-blackwulf.jpg', 'https://cdn.jsdelivr.net/gh/akabab/superhero-api@0.3.0/api/images/md/111-blackwulf.jpg', 'https://cdn.jsdelivr.net/gh/akabab/superhero-api@0.3.0/api/images/lg/111-blackwulf.jpg');
INSERT INTO superheroes (id, name, slug, alignment, publisher) VALUES (112, 'Blade', '112-blade', 'good', 'Marvel Comics');
INSERT INTO superhero_powerstats (superhero_id, intelligence, strength, speed, durability, power, combat, cost) VALUES (112, 63, 28, 38, 50, 40, 90, 51);
INSERT INTO superhero_appearance (superhero_id, gender, race, height_cm, weight_kg, eye_color, hair_color) VALUES (112, 'Male', 'Vampire', 188, 97, 'Brown', 'Black');
INSERT INTO superhero_biography (superhero_id, full_name, aliases, place_of_birth, first_appearance) VALUES (112, 'Eric Brooks', '["Switchblade","Frank Blade","Daywalker"]', 'Soho, London,England', 'Tomb of Dracula Vol. 1 #10 (1973)');
INSERT INTO superhero_images (superhero_id, xs_url, sm_url, md_url, lg_url) VALUES (112, 'https://cdn.jsdelivr.net/gh/akabab/superhero-api@0.3.0/api/images/xs/112-blade.jpg', 'https://cdn.jsdelivr.net/gh/akabab/superhero-api@0.3.0/api/images/sm/112-blade.jpg', 'https://cdn.jsdelivr.net/gh/akabab/superhero-api@0.3.0/api/images/md/112-blade.jpg', 'https://cdn.jsdelivr.net/gh/akabab/superhero-api@0.3.0/api/images/lg/112-blade.jpg');
INSERT INTO superheroes (id, name, slug, alignment, publisher) VALUES (114, 'Bling!', '114-bling!', 'good', 'Marvel Comics');
INSERT INTO superhero_powerstats (superhero_id, intelligence, strength, speed, durability, power, combat, cost) VALUES (114, 69, 14, 12, 90, 52, 28, 44);
INSERT INTO superhero_appearance (superhero_id, gender, race, height_cm, weight_kg, eye_color, hair_color) VALUES (114, 'Female', NULL, 168, 68, NULL, NULL);
INSERT INTO superhero_biography (superhero_id, full_name, aliases, place_of_birth, first_appearance) VALUES (114, 'Roxanne Washington', '["-"]', NULL, 'X-Men #171 (2005)');
INSERT INTO superhero_images (superhero_id, xs_url, sm_url, md_url, lg_url) VALUES (114, 'https://cdn.jsdelivr.net/gh/akabab/superhero-api@0.3.0/api/images/xs/114-bling!.jpg', 'https://cdn.jsdelivr.net/gh/akabab/superhero-api@0.3.0/api/images/sm/114-bling!.jpg', 'https://cdn.jsdelivr.net/gh/akabab/superhero-api@0.3.0/api/images/md/114-bling!.jpg', 'https://cdn.jsdelivr.net/gh/akabab/superhero-api@0.3.0/api/images/lg/114-bling!.jpg');
INSERT INTO superheroes (id, name, slug, alignment, publisher) VALUES (115, 'Blink', '115-blink', 'good', 'Marvel Comics');
INSERT INTO superhero_powerstats (superhero_id, intelligence, strength, speed, durability, power, combat, cost) VALUES (115, 50, 8, 20, 28, 77, 64, 41);
INSERT INTO superhero_appearance (superhero_id, gender, race, height_cm, weight_kg, eye_color, hair_color) VALUES (115, 'Female', 'Mutant', 165, 56, 'Green', 'Magenta');
INSERT INTO superhero_biography (superhero_id, full_name, aliases, place_of_birth, first_appearance) VALUES (115, 'Clarice Ferguson', '["-"]', 'Bahamas', 'Uncanny X-Men #317 (October, 1994)');
INSERT INTO superhero_images (superhero_id, xs_url, sm_url, md_url, lg_url) VALUES (115, 'https://cdn.jsdelivr.net/gh/akabab/superhero-api@0.3.0/api/images/xs/115-blink.jpg', 'https://cdn.jsdelivr.net/gh/akabab/superhero-api@0.3.0/api/images/sm/115-blink.jpg', 'https://cdn.jsdelivr.net/gh/akabab/superhero-api@0.3.0/api/images/md/115-blink.jpg', 'https://cdn.jsdelivr.net/gh/akabab/superhero-api@0.3.0/api/images/lg/115-blink.jpg');
INSERT INTO superheroes (id, name, slug, alignment, publisher) VALUES (118, 'Blizzard II', '118-blizzard-ii', 'bad', 'Marvel Comics');
INSERT INTO superhero_powerstats (superhero_id, intelligence, strength, speed, durability, power, combat, cost) VALUES (118, 38, 10, 27, 42, 47, 56, 36);
INSERT INTO superhero_appearance (superhero_id, gender, race, height_cm, weight_kg, eye_color, hair_color) VALUES (118, 'Male', NULL, 175, 77, 'Brown', 'Brown');
INSERT INTO superhero_biography (superhero_id, full_name, aliases, place_of_birth, first_appearance) VALUES (118, 'Donald Gill', '["-"]', 'Newark, Delaware', 'Iron Man #223 (1987)');
INSERT INTO superhero_images (superhero_id, xs_url, sm_url, md_url, lg_url) VALUES (118, 'https://cdn.jsdelivr.net/gh/akabab/superhero-api@0.3.0/api/images/xs/118-blizzard-ii.jpg', 'https://cdn.jsdelivr.net/gh/akabab/superhero-api@0.3.0/api/images/sm/118-blizzard-ii.jpg', 'https://cdn.jsdelivr.net/gh/akabab/superhero-api@0.3.0/api/images/md/118-blizzard-ii.jpg', 'https://cdn.jsdelivr.net/gh/akabab/superhero-api@0.3.0/api/images/lg/118-blizzard-ii.jpg');
INSERT INTO superheroes (id, name, slug, alignment, publisher) VALUES (119, 'Blob', '119-blob', 'bad', 'Marvel Comics');
INSERT INTO superhero_powerstats (superhero_id, intelligence, strength, speed, durability, power, combat, cost) VALUES (119, 10, 83, 23, 95, 28, 72, 51);
INSERT INTO superhero_appearance (superhero_id, gender, race, height_cm, weight_kg, eye_color, hair_color) VALUES (119, 'Male', NULL, 178, 230, 'Brown', 'Brown');
INSERT INTO superhero_biography (superhero_id, full_name, aliases, place_of_birth, first_appearance) VALUES (119, 'Frederick J. Dukes', '["-"]', 'Lubbock, Texas', 'X-Men #3 (1964)');
INSERT INTO superhero_images (superhero_id, xs_url, sm_url, md_url, lg_url) VALUES (119, 'https://cdn.jsdelivr.net/gh/akabab/superhero-api@0.3.0/api/images/xs/119-blob.jpg', 'https://cdn.jsdelivr.net/gh/akabab/superhero-api@0.3.0/api/images/sm/119-blob.jpg', 'https://cdn.jsdelivr.net/gh/akabab/superhero-api@0.3.0/api/images/md/119-blob.jpg', 'https://cdn.jsdelivr.net/gh/akabab/superhero-api@0.3.0/api/images/lg/119-blob.jpg');
INSERT INTO superheroes (id, name, slug, alignment, publisher) VALUES (120, 'Bloodaxe', '120-bloodaxe', 'bad', 'Marvel Comics');
INSERT INTO superhero_powerstats (superhero_id, intelligence, strength, speed, durability, power, combat, cost) VALUES (120, 63, 80, 33, 80, 100, 84, 73);
INSERT INTO superhero_appearance (superhero_id, gender, race, height_cm, weight_kg, eye_color, hair_color) VALUES (120, 'Female', 'Human', 218, 495, 'Blue', 'Brown');
INSERT INTO superhero_biography (superhero_id, full_name, aliases, place_of_birth, first_appearance) VALUES (120, 'Jackie Lukus', '["-"]', NULL, '(as Jackie Lukus) Thor #392 (as Bloodaxe) Thor #449');
INSERT INTO superhero_images (superhero_id, xs_url, sm_url, md_url, lg_url) VALUES (120, 'https://cdn.jsdelivr.net/gh/akabab/superhero-api@0.3.0/api/images/xs/120-bloodaxe.jpg', 'https://cdn.jsdelivr.net/gh/akabab/superhero-api@0.3.0/api/images/sm/120-bloodaxe.jpg', 'https://cdn.jsdelivr.net/gh/akabab/superhero-api@0.3.0/api/images/md/120-bloodaxe.jpg', 'https://cdn.jsdelivr.net/gh/akabab/superhero-api@0.3.0/api/images/lg/120-bloodaxe.jpg');
INSERT INTO superheroes (id, name, slug, alignment, publisher) VALUES (121, 'Bloodhawk', '121-bloodhawk', 'good', 'Marvel Comics');
INSERT INTO superhero_powerstats (superhero_id, intelligence, strength, speed, durability, power, combat, cost) VALUES (121, 50, 10, 50, 80, 80, 64, 55);
INSERT INTO superhero_appearance (superhero_id, gender, race, height_cm, weight_kg, eye_color, hair_color) VALUES (121, 'Male', 'Mutant', 0, 0, 'Black', 'No Hair');
INSERT INTO superhero_biography (superhero_id, full_name, aliases, place_of_birth, first_appearance) VALUES (121, 'Lemuel Krug', '["Lemuel Halcon"]', NULL, 'X-Men (2099) #1');
INSERT INTO superhero_images (superhero_id, xs_url, sm_url, md_url, lg_url) VALUES (121, 'https://cdn.jsdelivr.net/gh/akabab/superhero-api@0.3.0/api/images/xs/121-bloodhawk.jpg', 'https://cdn.jsdelivr.net/gh/akabab/superhero-api@0.3.0/api/images/sm/121-bloodhawk.jpg', 'https://cdn.jsdelivr.net/gh/akabab/superhero-api@0.3.0/api/images/md/121-bloodhawk.jpg', 'https://cdn.jsdelivr.net/gh/akabab/superhero-api@0.3.0/api/images/lg/121-bloodhawk.jpg');
INSERT INTO superheroes (id, name, slug, alignment, publisher) VALUES (126, 'Blue Beetle III', '126-blue-beetle-iii', 'good', 'DC Comics');
INSERT INTO superhero_powerstats (superhero_id, intelligence, strength, speed, durability, power, combat, cost) VALUES (126, 50, 34, 58, 80, 100, 30, 58);
INSERT INTO superhero_appearance (superhero_id, gender, race, height_cm, weight_kg, eye_color, hair_color) VALUES (126, 'Male', 'Human', 0, 0, 'Brown', 'Black');
INSERT INTO superhero_biography (superhero_id, full_name, aliases, place_of_birth, first_appearance) VALUES (126, 'Jaime Reyes', '["Scooter"]', 'Presumed to be El Paso', 'Infinite Crisis #3 (2006)');
INSERT INTO superhero_images (superhero_id, xs_url, sm_url, md_url, lg_url) VALUES (126, 'https://cdn.jsdelivr.net/gh/akabab/superhero-api@0.3.0/api/images/xs/126-blue-beetle-iii.jpg', 'https://cdn.jsdelivr.net/gh/akabab/superhero-api@0.3.0/api/images/sm/126-blue-beetle-iii.jpg', 'https://cdn.jsdelivr.net/gh/akabab/superhero-api@0.3.0/api/images/md/126-blue-beetle-iii.jpg', 'https://cdn.jsdelivr.net/gh/akabab/superhero-api@0.3.0/api/images/lg/126-blue-beetle-iii.jpg');
INSERT INTO superheroes (id, name, slug, alignment, publisher) VALUES (127, 'Boba Fett', '127-boba-fett', 'bad', 'George Lucas');
INSERT INTO superhero_powerstats (superhero_id, intelligence, strength, speed, durability, power, combat, cost) VALUES (127, 63, 10, 38, 36, 68, 70, 47);
INSERT INTO superhero_appearance (superhero_id, gender, race, height_cm, weight_kg, eye_color, hair_color) VALUES (127, 'Male', 'Human / Clone', 183, 0, 'Brown', 'Black');
INSERT INTO superhero_biography (superhero_id, full_name, aliases, place_of_birth, first_appearance) VALUES (127, '', '["Teff","Sava Brek Madak","Jaster Mereel","Mandalore","Mand''alor"]', 'Kamino', NULL);
INSERT INTO superhero_images (superhero_id, xs_url, sm_url, md_url, lg_url) VALUES (127, 'https://cdn.jsdelivr.net/gh/akabab/superhero-api@0.3.0/api/images/xs/127-boba-fett.jpg', 'https://cdn.jsdelivr.net/gh/akabab/superhero-api@0.3.0/api/images/sm/127-boba-fett.jpg', 'https://cdn.jsdelivr.net/gh/akabab/superhero-api@0.3.0/api/images/md/127-boba-fett.jpg', 'https://cdn.jsdelivr.net/gh/akabab/superhero-api@0.3.0/api/images/lg/127-boba-fett.jpg');
INSERT INTO superheroes (id, name, slug, alignment, publisher) VALUES (130, 'Boom-Boom', '130-boom-boom', 'good', 'Meltdown');
INSERT INTO superhero_powerstats (superhero_id, intelligence, strength, speed, durability, power, combat, cost) VALUES (130, 38, 10, 12, 42, 57, 64, 37);
INSERT INTO superhero_appearance (superhero_id, gender, race, height_cm, weight_kg, eye_color, hair_color) VALUES (130, 'Female', 'Mutant', 165, 55, 'Blue', 'Blond');
INSERT INTO superhero_biography (superhero_id, full_name, aliases, place_of_birth, first_appearance) VALUES (130, 'Tabitha Smith', '["Time Bomb","Boomer","Meltdown","Tabby","Firecracker","Mutate #35","Nancy Forrester"]', NULL, 'Secret Wars II #5');
INSERT INTO superhero_images (superhero_id, xs_url, sm_url, md_url, lg_url) VALUES (130, 'https://cdn.jsdelivr.net/gh/akabab/superhero-api@0.3.0/api/images/xs/130-boom-boom.jpg', 'https://cdn.jsdelivr.net/gh/akabab/superhero-api@0.3.0/api/images/sm/130-boom-boom.jpg', 'https://cdn.jsdelivr.net/gh/akabab/superhero-api@0.3.0/api/images/md/130-boom-boom.jpg', 'https://cdn.jsdelivr.net/gh/akabab/superhero-api@0.3.0/api/images/lg/130-boom-boom.jpg');
INSERT INTO superheroes (id, name, slug, alignment, publisher) VALUES (135, 'Box IV', '135-box-iv', 'good', 'Gemini V');
INSERT INTO superhero_powerstats (superhero_id, intelligence, strength, speed, durability, power, combat, cost) VALUES (135, 50, 75, 23, 28, 11, 56, 40);
INSERT INTO superhero_appearance (superhero_id, gender, race, height_cm, weight_kg, eye_color, hair_color) VALUES (135, NULL, NULL, 0, 0, 'Brown', 'Brown / Black');
INSERT INTO superhero_biography (superhero_id, full_name, aliases, place_of_birth, first_appearance) VALUES (135, 'Madison Jeffries', '["Gemini","Jack-In-The-Box"]', 'Place of birth unknown', 'Alpha Flight #16');
INSERT INTO superhero_images (superhero_id, xs_url, sm_url, md_url, lg_url) VALUES (135, 'https://cdn.jsdelivr.net/gh/akabab/superhero-api@0.3.0/api/images/xs/135-box-iv.jpg', 'https://cdn.jsdelivr.net/gh/akabab/superhero-api@0.3.0/api/images/sm/135-box-iv.jpg', 'https://cdn.jsdelivr.net/gh/akabab/superhero-api@0.3.0/api/images/md/135-box-iv.jpg', 'https://cdn.jsdelivr.net/gh/akabab/superhero-api@0.3.0/api/images/lg/135-box-iv.jpg');
INSERT INTO superheroes (id, name, slug, alignment, publisher) VALUES (136, 'Brainiac', '136-brainiac', 'bad', 'DC Comics');
INSERT INTO superhero_powerstats (superhero_id, intelligence, strength, speed, durability, power, combat, cost) VALUES (136, 100, 95, 63, 90, 60, 75, 80);
INSERT INTO superhero_appearance (superhero_id, gender, race, height_cm, weight_kg, eye_color, hair_color) VALUES (136, 'Male', 'Android', 198, 135, 'Green', 'No Hair');
INSERT INTO superhero_biography (superhero_id, full_name, aliases, place_of_birth, first_appearance) VALUES (136, 'Vril Dox', '["Milton Fine"]', NULL, 'Action Comics #242 (July 1958)');
INSERT INTO superhero_images (superhero_id, xs_url, sm_url, md_url, lg_url) VALUES (136, 'https://cdn.jsdelivr.net/gh/akabab/superhero-api@0.3.0/api/images/xs/136-brainiac.jpg', 'https://cdn.jsdelivr.net/gh/akabab/superhero-api@0.3.0/api/images/sm/136-brainiac.jpg', 'https://cdn.jsdelivr.net/gh/akabab/superhero-api@0.3.0/api/images/md/136-brainiac.jpg', 'https://cdn.jsdelivr.net/gh/akabab/superhero-api@0.3.0/api/images/lg/136-brainiac.jpg');
INSERT INTO superheroes (id, name, slug, alignment, publisher) VALUES (137, 'Brainiac 5', '137-brainiac-5', 'good', 'DC Comics');
INSERT INTO superhero_powerstats (superhero_id, intelligence, strength, speed, durability, power, combat, cost) VALUES (137, 100, 10, 23, 28, 60, 32, 42);
INSERT INTO superhero_appearance (superhero_id, gender, race, height_cm, weight_kg, eye_color, hair_color) VALUES (137, 'Male', NULL, 170, 61, 'Green', 'Blond');
INSERT INTO superhero_biography (superhero_id, full_name, aliases, place_of_birth, first_appearance) VALUES (137, 'Querl Dox', '["-"]', NULL, 'Brainiac 5''s primary invention is his personal force-shield generator. Brainiac 5 re-discovered the technical process behind original Brainiac''s force-shield belt, which is capable of generating a virtually impervious field of protection. The belt must be');
INSERT INTO superhero_images (superhero_id, xs_url, sm_url, md_url, lg_url) VALUES (137, 'https://cdn.jsdelivr.net/gh/akabab/superhero-api@0.3.0/api/images/xs/137-brainiac-5.jpg', 'https://cdn.jsdelivr.net/gh/akabab/superhero-api@0.3.0/api/images/sm/137-brainiac-5.jpg', 'https://cdn.jsdelivr.net/gh/akabab/superhero-api@0.3.0/api/images/md/137-brainiac-5.jpg', 'https://cdn.jsdelivr.net/gh/akabab/superhero-api@0.3.0/api/images/lg/137-brainiac-5.jpg');
INSERT INTO superheroes (id, name, slug, alignment, publisher) VALUES (139, 'Brundlefly', '139-brundlefly', 'null', '');
INSERT INTO superhero_powerstats (superhero_id, intelligence, strength, speed, durability, power, combat, cost) VALUES (139, 69, 32, 25, 40, 27, 15, 34);
INSERT INTO superhero_appearance (superhero_id, gender, race, height_cm, weight_kg, eye_color, hair_color) VALUES (139, 'Male', 'Mutant', 193, 0, NULL, NULL);
INSERT INTO superhero_biography (superhero_id, full_name, aliases, place_of_birth, first_appearance) VALUES (139, 'Seth Brundle', '["The Fly"]', NULL, 'The Fly (1986)');
INSERT INTO superhero_images (superhero_id, xs_url, sm_url, md_url, lg_url) VALUES (139, 'https://cdn.jsdelivr.net/gh/akabab/superhero-api@0.3.0/api/images/xs/139-brundlefly.jpg', 'https://cdn.jsdelivr.net/gh/akabab/superhero-api@0.3.0/api/images/sm/139-brundlefly.jpg', 'https://cdn.jsdelivr.net/gh/akabab/superhero-api@0.3.0/api/images/md/139-brundlefly.jpg', 'https://cdn.jsdelivr.net/gh/akabab/superhero-api@0.3.0/api/images/lg/139-brundlefly.jpg');
INSERT INTO superheroes (id, name, slug, alignment, publisher) VALUES (140, 'Buffy', '140-buffy', 'good', 'Dark Horse Comics');
INSERT INTO superhero_powerstats (superhero_id, intelligence, strength, speed, durability, power, combat, cost) VALUES (140, 63, 28, 42, 70, 48, 60, 51);
INSERT INTO superhero_appearance (superhero_id, gender, race, height_cm, weight_kg, eye_color, hair_color) VALUES (140, 'Female', 'Human', 157, 52, 'Green', 'Blond');
INSERT INTO superhero_biography (superhero_id, full_name, aliases, place_of_birth, first_appearance) VALUES (140, 'Buffy Anne Summers', '["Anne","The Chosen One","The Vampire Slayer","The Slayer","Buff","B","The Buffster","Belinda","Joan"]', NULL, 'Dark Horse Presents 1998 Annual');
INSERT INTO superhero_images (superhero_id, xs_url, sm_url, md_url, lg_url) VALUES (140, 'https://cdn.jsdelivr.net/gh/akabab/superhero-api@0.3.0/api/images/xs/140-buffy.jpg', 'https://cdn.jsdelivr.net/gh/akabab/superhero-api@0.3.0/api/images/sm/140-buffy.jpg', 'https://cdn.jsdelivr.net/gh/akabab/superhero-api@0.3.0/api/images/md/140-buffy.jpg', 'https://cdn.jsdelivr.net/gh/akabab/superhero-api@0.3.0/api/images/lg/140-buffy.jpg');
INSERT INTO superheroes (id, name, slug, alignment, publisher) VALUES (141, 'Bullseye', '141-bullseye', 'bad', 'Marvel Comics');
INSERT INTO superhero_powerstats (superhero_id, intelligence, strength, speed, durability, power, combat, cost) VALUES (141, 50, 11, 25, 70, 20, 70, 41);
INSERT INTO superhero_appearance (superhero_id, gender, race, height_cm, weight_kg, eye_color, hair_color) VALUES (141, 'Male', 'Human', 183, 90, 'blue', 'blond');
INSERT INTO superhero_biography (superhero_id, full_name, aliases, place_of_birth, first_appearance) VALUES (141, 'Lester', '["Benjamin Poindexter","Daredevil","Punisher","Bullseye","Hawkeye","pitcher"]', NULL, 'Daredevil #131 (March, 1976)');
INSERT INTO superhero_images (superhero_id, xs_url, sm_url, md_url, lg_url) VALUES (141, 'https://cdn.jsdelivr.net/gh/akabab/superhero-api@0.3.0/api/images/xs/141-bullseye.jpg', 'https://cdn.jsdelivr.net/gh/akabab/superhero-api@0.3.0/api/images/sm/141-bullseye.jpg', 'https://cdn.jsdelivr.net/gh/akabab/superhero-api@0.3.0/api/images/md/141-bullseye.jpg', 'https://cdn.jsdelivr.net/gh/akabab/superhero-api@0.3.0/api/images/lg/141-bullseye.jpg');
INSERT INTO superheroes (id, name, slug, alignment, publisher) VALUES (142, 'Bumblebee', '142-bumblebee', 'good', 'DC Comics');
INSERT INTO superhero_powerstats (superhero_id, intelligence, strength, speed, durability, power, combat, cost) VALUES (142, 63, 28, 25, 10, 47, 35, 34);
INSERT INTO superhero_appearance (superhero_id, gender, race, height_cm, weight_kg, eye_color, hair_color) VALUES (142, 'Female', 'Human', 170, 59, 'Brown', 'Black');
INSERT INTO superhero_biography (superhero_id, full_name, aliases, place_of_birth, first_appearance) VALUES (142, 'Karen Beecher', '["-"]', NULL, 'Teen Titans #45');
INSERT INTO superhero_images (superhero_id, xs_url, sm_url, md_url, lg_url) VALUES (142, 'https://cdn.jsdelivr.net/gh/akabab/superhero-api@0.3.0/api/images/xs/142-bumblebee.jpg', 'https://cdn.jsdelivr.net/gh/akabab/superhero-api@0.3.0/api/images/sm/142-bumblebee.jpg', 'https://cdn.jsdelivr.net/gh/akabab/superhero-api@0.3.0/api/images/md/142-bumblebee.jpg', 'https://cdn.jsdelivr.net/gh/akabab/superhero-api@0.3.0/api/images/lg/142-bumblebee.jpg');
INSERT INTO superheroes (id, name, slug, alignment, publisher) VALUES (144, 'Bushido', '144-bushido', 'good', 'DC Comics');
INSERT INTO superhero_powerstats (superhero_id, intelligence, strength, speed, durability, power, combat, cost) VALUES (144, 38, 10, 8, 10, 19, 70, 25);
INSERT INTO superhero_appearance (superhero_id, gender, race, height_cm, weight_kg, eye_color, hair_color) VALUES (144, 'Male', 'Human', 0, 0, NULL, NULL);
INSERT INTO superhero_biography (superhero_id, full_name, aliases, place_of_birth, first_appearance) VALUES (144, 'Ryuko Orsono', '["-"]', NULL, 'Titans: Secret Files & Origins #2');
INSERT INTO superhero_images (superhero_id, xs_url, sm_url, md_url, lg_url) VALUES (144, 'https://cdn.jsdelivr.net/gh/akabab/superhero-api@0.3.0/api/images/xs/144-bushido.jpg', 'https://cdn.jsdelivr.net/gh/akabab/superhero-api@0.3.0/api/images/sm/144-bushido.jpg', 'https://cdn.jsdelivr.net/gh/akabab/superhero-api@0.3.0/api/images/md/144-bushido.jpg', 'https://cdn.jsdelivr.net/gh/akabab/superhero-api@0.3.0/api/images/lg/144-bushido.jpg');
INSERT INTO superheroes (id, name, slug, alignment, publisher) VALUES (145, 'Cable', '145-cable', 'good', 'Marvel Comics');
INSERT INTO superhero_powerstats (superhero_id, intelligence, strength, speed, durability, power, combat, cost) VALUES (145, 88, 48, 23, 56, 100, 80, 65);
INSERT INTO superhero_appearance (superhero_id, gender, race, height_cm, weight_kg, eye_color, hair_color) VALUES (145, 'Male', 'Mutant', 203, 158, 'Blue', 'White');
INSERT INTO superhero_biography (superhero_id, full_name, aliases, place_of_birth, first_appearance) VALUES (145, 'Nathan Summers', '["Chosen One","Soldier X","Nathan Dayspring","Askani''son","Nathan Dayspring Summers","Nathan Winters","The Traveller","The Saviour"]', 'Unrevealed location in the 20th Century United States', 'New Mutants #86 (as Cable)');
INSERT INTO superhero_images (superhero_id, xs_url, sm_url, md_url, lg_url) VALUES (145, 'https://cdn.jsdelivr.net/gh/akabab/superhero-api@0.3.0/api/images/xs/145-cable.jpg', 'https://cdn.jsdelivr.net/gh/akabab/superhero-api@0.3.0/api/images/sm/145-cable.jpg', 'https://cdn.jsdelivr.net/gh/akabab/superhero-api@0.3.0/api/images/md/145-cable.jpg', 'https://cdn.jsdelivr.net/gh/akabab/superhero-api@0.3.0/api/images/lg/145-cable.jpg');
INSERT INTO superheroes (id, name, slug, alignment, publisher) VALUES (146, 'Callisto', '146-callisto', 'bad', 'Marvel Comics');
INSERT INTO superhero_powerstats (superhero_id, intelligence, strength, speed, durability, power, combat, cost) VALUES (146, 63, 53, 23, 42, 52, 85, 53);
INSERT INTO superhero_appearance (superhero_id, gender, race, height_cm, weight_kg, eye_color, hair_color) VALUES (146, 'Female', NULL, 175, 74, 'Blue', 'Black');
INSERT INTO superhero_biography (superhero_id, full_name, aliases, place_of_birth, first_appearance) VALUES (146, 'Callisto', '["-"]', NULL, 'X-MEN (first series) #169');
INSERT INTO superhero_images (superhero_id, xs_url, sm_url, md_url, lg_url) VALUES (146, 'https://cdn.jsdelivr.net/gh/akabab/superhero-api@0.3.0/api/images/xs/146-callisto.jpg', 'https://cdn.jsdelivr.net/gh/akabab/superhero-api@0.3.0/api/images/sm/146-callisto.jpg', 'https://cdn.jsdelivr.net/gh/akabab/superhero-api@0.3.0/api/images/md/146-callisto.jpg', 'https://cdn.jsdelivr.net/gh/akabab/superhero-api@0.3.0/api/images/lg/146-callisto.jpg');
INSERT INTO superheroes (id, name, slug, alignment, publisher) VALUES (147, 'Cameron Hicks', '147-cameron-hicks', 'good', 'SyFy');
INSERT INTO superhero_powerstats (superhero_id, intelligence, strength, speed, durability, power, combat, cost) VALUES (147, 50, 10, 23, 28, 51, 70, 38);
INSERT INTO superhero_appearance (superhero_id, gender, race, height_cm, weight_kg, eye_color, hair_color) VALUES (147, 'Male', 'Alpha', 0, 0, NULL, NULL);
INSERT INTO superhero_biography (superhero_id, full_name, aliases, place_of_birth, first_appearance) VALUES (147, '', '["-"]', NULL, NULL);
INSERT INTO superhero_images (superhero_id, xs_url, sm_url, md_url, lg_url) VALUES (147, 'https://cdn.jsdelivr.net/gh/akabab/superhero-api@0.3.0/api/images/xs/147-cameron-hicks.jpg', 'https://cdn.jsdelivr.net/gh/akabab/superhero-api@0.3.0/api/images/sm/147-cameron-hicks.jpg', 'https://cdn.jsdelivr.net/gh/akabab/superhero-api@0.3.0/api/images/md/147-cameron-hicks.jpg', 'https://cdn.jsdelivr.net/gh/akabab/superhero-api@0.3.0/api/images/lg/147-cameron-hicks.jpg');
INSERT INTO superheroes (id, name, slug, alignment, publisher) VALUES (148, 'Cannonball', '148-cannonball', 'good', 'Marvel Comics');
INSERT INTO superhero_powerstats (superhero_id, intelligence, strength, speed, durability, power, combat, cost) VALUES (148, 50, 28, 67, 99, 94, 56, 65);
INSERT INTO superhero_appearance (superhero_id, gender, race, height_cm, weight_kg, eye_color, hair_color) VALUES (148, 'Male', NULL, 183, 81, 'Blue', 'Blond');
INSERT INTO superhero_biography (superhero_id, full_name, aliases, place_of_birth, first_appearance) VALUES (148, 'Samuel Zachery Guthrie', '["Formerly Samson Guthry","Sam Guthrie","Jet-Ass"]', 'Cumberland County, Kentucky', 'Marvel Graphic Novel #4 (1982)');
INSERT INTO superhero_images (superhero_id, xs_url, sm_url, md_url, lg_url) VALUES (148, 'https://cdn.jsdelivr.net/gh/akabab/superhero-api@0.3.0/api/images/xs/148-cannonball.jpg', 'https://cdn.jsdelivr.net/gh/akabab/superhero-api@0.3.0/api/images/sm/148-cannonball.jpg', 'https://cdn.jsdelivr.net/gh/akabab/superhero-api@0.3.0/api/images/md/148-cannonball.jpg', 'https://cdn.jsdelivr.net/gh/akabab/superhero-api@0.3.0/api/images/lg/148-cannonball.jpg');
INSERT INTO superheroes (id, name, slug, alignment, publisher) VALUES (149, 'Captain America', '149-captain-america', 'good', 'Marvel Comics');
INSERT INTO superhero_powerstats (superhero_id, intelligence, strength, speed, durability, power, combat, cost) VALUES (149, 69, 19, 38, 55, 60, 100, 56);
INSERT INTO superhero_appearance (superhero_id, gender, race, height_cm, weight_kg, eye_color, hair_color) VALUES (149, 'Male', 'Human', 188, 108, 'blue', 'blond');
INSERT INTO superhero_biography (superhero_id, full_name, aliases, place_of_birth, first_appearance) VALUES (149, 'Steve Rogers', '["Nomad","The Captain"]', 'Manhattan, New York City, New York', 'Captain America Comics #1 (March 1941)');
INSERT INTO superhero_images (superhero_id, xs_url, sm_url, md_url, lg_url) VALUES (149, 'https://cdn.jsdelivr.net/gh/akabab/superhero-api@0.3.0/api/images/xs/149-captain-america.jpg', 'https://cdn.jsdelivr.net/gh/akabab/superhero-api@0.3.0/api/images/sm/149-captain-america.jpg', 'https://cdn.jsdelivr.net/gh/akabab/superhero-api@0.3.0/api/images/md/149-captain-america.jpg', 'https://cdn.jsdelivr.net/gh/akabab/superhero-api@0.3.0/api/images/lg/149-captain-america.jpg');
INSERT INTO superheroes (id, name, slug, alignment, publisher) VALUES (150, 'Captain Atom', '150-captain-atom', 'good', 'DC Comics');
INSERT INTO superhero_powerstats (superhero_id, intelligence, strength, speed, durability, power, combat, cost) VALUES (150, 81, 93, 83, 90, 100, 80, 87);
INSERT INTO superhero_appearance (superhero_id, gender, race, height_cm, weight_kg, eye_color, hair_color) VALUES (150, 'Male', 'Human / Radiation', 193, 90, 'Blue', 'Silver');
INSERT INTO superhero_biography (superhero_id, full_name, aliases, place_of_birth, first_appearance) VALUES (150, 'Nathaniel Adam', '["Monarch","Allen Adam","Cameron Scott"]', NULL, 'Captain Atom #1');
INSERT INTO superhero_images (superhero_id, xs_url, sm_url, md_url, lg_url) VALUES (150, 'https://cdn.jsdelivr.net/gh/akabab/superhero-api@0.3.0/api/images/xs/150-captain-atom.jpg', 'https://cdn.jsdelivr.net/gh/akabab/superhero-api@0.3.0/api/images/sm/150-captain-atom.jpg', 'https://cdn.jsdelivr.net/gh/akabab/superhero-api@0.3.0/api/images/md/150-captain-atom.jpg', 'https://cdn.jsdelivr.net/gh/akabab/superhero-api@0.3.0/api/images/lg/150-captain-atom.jpg');
INSERT INTO superheroes (id, name, slug, alignment, publisher) VALUES (151, 'Captain Britain', '151-captain-britain', 'good', 'Marvel Comics');
INSERT INTO superhero_powerstats (superhero_id, intelligence, strength, speed, durability, power, combat, cost) VALUES (151, 75, 77, 50, 60, 31, 80, 62);
INSERT INTO superhero_appearance (superhero_id, gender, race, height_cm, weight_kg, eye_color, hair_color) VALUES (151, 'Male', 'Human', 198, 116, 'Blue', 'Blond');
INSERT INTO superhero_biography (superhero_id, full_name, aliases, place_of_birth, first_appearance) VALUES (151, 'Brian Braddock', '["Britannic","Black Bishop","Jungle Man","King of Otherworld","Merlinson"]', 'Braddock Manor, England', 'Captain Britain #1 (October, 1976)');
INSERT INTO superhero_images (superhero_id, xs_url, sm_url, md_url, lg_url) VALUES (151, 'https://cdn.jsdelivr.net/gh/akabab/superhero-api@0.3.0/api/images/xs/151-captain-britain.jpg', 'https://cdn.jsdelivr.net/gh/akabab/superhero-api@0.3.0/api/images/sm/151-captain-britain.jpg', 'https://cdn.jsdelivr.net/gh/akabab/superhero-api@0.3.0/api/images/md/151-captain-britain.jpg', 'https://cdn.jsdelivr.net/gh/akabab/superhero-api@0.3.0/api/images/lg/151-captain-britain.jpg');
INSERT INTO superheroes (id, name, slug, alignment, publisher) VALUES (152, 'Captain Cold', '152-captain-cold', 'neutral', 'DC Comics');
INSERT INTO superhero_powerstats (superhero_id, intelligence, strength, speed, durability, power, combat, cost) VALUES (152, 50, 10, 17, 20, 28, 20, 24);
INSERT INTO superhero_appearance (superhero_id, gender, race, height_cm, weight_kg, eye_color, hair_color) VALUES (152, 'Male', 'Human', 0, 0, 'Brown', 'Brown');
INSERT INTO superhero_biography (superhero_id, full_name, aliases, place_of_birth, first_appearance) VALUES (152, 'Leonard Snart', '["Citizen Cold","Kid Kold","Len Snart","Leonard Snart","Leonards Wynters","The Man Who Mastered Absolute Zero"]', NULL, 'Flash Vol 4 #6 (April, 2012)');
INSERT INTO superhero_images (superhero_id, xs_url, sm_url, md_url, lg_url) VALUES (152, 'https://cdn.jsdelivr.net/gh/akabab/superhero-api@0.3.0/api/images/xs/152-captain-cold.jpg', 'https://cdn.jsdelivr.net/gh/akabab/superhero-api@0.3.0/api/images/sm/152-captain-cold.jpg', 'https://cdn.jsdelivr.net/gh/akabab/superhero-api@0.3.0/api/images/md/152-captain-cold.jpg', 'https://cdn.jsdelivr.net/gh/akabab/superhero-api@0.3.0/api/images/lg/152-captain-cold.jpg');
INSERT INTO superheroes (id, name, slug, alignment, publisher) VALUES (154, 'Captain Hindsight', '154-captain-hindsight', 'good', 'South Park');
INSERT INTO superhero_powerstats (superhero_id, intelligence, strength, speed, durability, power, combat, cost) VALUES (154, 25, 10, 83, 30, 10, 20, 29);
INSERT INTO superhero_appearance (superhero_id, gender, race, height_cm, weight_kg, eye_color, hair_color) VALUES (154, 'Male', 'Human', 0, 0, NULL, 'Black');
INSERT INTO superhero_biography (superhero_id, full_name, aliases, place_of_birth, first_appearance) VALUES (154, 'Jack Brolin', '["-"]', NULL, 'South Park S14 E11 "Coon 2: Hindsight"');
INSERT INTO superhero_images (superhero_id, xs_url, sm_url, md_url, lg_url) VALUES (154, 'https://cdn.jsdelivr.net/gh/akabab/superhero-api@0.3.0/api/images/xs/154-captain-hindsight.jpg', 'https://cdn.jsdelivr.net/gh/akabab/superhero-api@0.3.0/api/images/sm/154-captain-hindsight.jpg', 'https://cdn.jsdelivr.net/gh/akabab/superhero-api@0.3.0/api/images/md/154-captain-hindsight.jpg', 'https://cdn.jsdelivr.net/gh/akabab/superhero-api@0.3.0/api/images/lg/154-captain-hindsight.jpg');
INSERT INTO superheroes (id, name, slug, alignment, publisher) VALUES (156, 'Captain Marvel', '156-captain-marvel', 'good', 'DC Comics');
INSERT INTO superhero_powerstats (superhero_id, intelligence, strength, speed, durability, power, combat, cost) VALUES (156, 88, 100, 88, 95, 100, 75, 91);
INSERT INTO superhero_appearance (superhero_id, gender, race, height_cm, weight_kg, eye_color, hair_color) VALUES (156, 'Male', 'Human', 193, 101, 'Blue', 'Black');
INSERT INTO superhero_biography (superhero_id, full_name, aliases, place_of_birth, first_appearance) VALUES (156, 'Billy Batson', '["The World''s Mightiest Mortal","The Big Red Cheese","Captain Thunder","Shazam"]', 'Fawcett City, United States', 'Whiz Comics no. 2 (1940)');
INSERT INTO superhero_images (superhero_id, xs_url, sm_url, md_url, lg_url) VALUES (156, 'https://cdn.jsdelivr.net/gh/akabab/superhero-api@0.3.0/api/images/xs/156-captain-marvel.jpg', 'https://cdn.jsdelivr.net/gh/akabab/superhero-api@0.3.0/api/images/sm/156-captain-marvel.jpg', 'https://cdn.jsdelivr.net/gh/akabab/superhero-api@0.3.0/api/images/md/156-captain-marvel.jpg', 'https://cdn.jsdelivr.net/gh/akabab/superhero-api@0.3.0/api/images/lg/156-captain-marvel.jpg');
INSERT INTO superheroes (id, name, slug, alignment, publisher) VALUES (157, 'Captain Marvel', '157-captain-marvel', 'good', 'Binary');
INSERT INTO superhero_powerstats (superhero_id, intelligence, strength, speed, durability, power, combat, cost) VALUES (157, 84, 88, 71, 95, 100, 90, 88);
INSERT INTO superhero_appearance (superhero_id, gender, race, height_cm, weight_kg, eye_color, hair_color) VALUES (157, 'Female', 'Human-Kree', 180, 74, 'Blue', 'Blond');
INSERT INTO superhero_biography (superhero_id, full_name, aliases, place_of_birth, first_appearance) VALUES (157, 'Carol Danvers', '["Ace","Binary","Lady Marvel","Warbird","others used during her espionage career"]', 'Boston, Massachusetts', 'Ms. Marvel #1');
INSERT INTO superhero_images (superhero_id, xs_url, sm_url, md_url, lg_url) VALUES (157, 'https://cdn.jsdelivr.net/gh/akabab/superhero-api@0.3.0/api/images/xs/157-captain-marvel.jpg', 'https://cdn.jsdelivr.net/gh/akabab/superhero-api@0.3.0/api/images/sm/157-captain-marvel.jpg', 'https://cdn.jsdelivr.net/gh/akabab/superhero-api@0.3.0/api/images/md/157-captain-marvel.jpg', 'https://cdn.jsdelivr.net/gh/akabab/superhero-api@0.3.0/api/images/lg/157-captain-marvel.jpg');
INSERT INTO superheroes (id, name, slug, alignment, publisher) VALUES (158, 'Captain Marvel II', '158-captain-marvel-ii', 'good', 'DC Comics');
INSERT INTO superhero_powerstats (superhero_id, intelligence, strength, speed, durability, power, combat, cost) VALUES (158, 75, 81, 27, 90, 34, 56, 60);
INSERT INTO superhero_appearance (superhero_id, gender, race, height_cm, weight_kg, eye_color, hair_color) VALUES (158, 'Male', 'Human', 175, 74, 'Blue', 'Black');
INSERT INTO superhero_biography (superhero_id, full_name, aliases, place_of_birth, first_appearance) VALUES (158, 'Frederick Christopher Freeman', '["Captain Marvel Jr.","CM3"]', NULL, 'Current incarnation: (As Freddy Freeman) The Power of Shazam #3 (May, 1995)');
INSERT INTO superhero_images (superhero_id, xs_url, sm_url, md_url, lg_url) VALUES (158, 'https://cdn.jsdelivr.net/gh/akabab/superhero-api@0.3.0/api/images/xs/158-captain-marvel-ii.jpg', 'https://cdn.jsdelivr.net/gh/akabab/superhero-api@0.3.0/api/images/sm/158-captain-marvel-ii.jpg', 'https://cdn.jsdelivr.net/gh/akabab/superhero-api@0.3.0/api/images/md/158-captain-marvel-ii.jpg', 'https://cdn.jsdelivr.net/gh/akabab/superhero-api@0.3.0/api/images/lg/158-captain-marvel-ii.jpg');
INSERT INTO superheroes (id, name, slug, alignment, publisher) VALUES (160, 'Captain Planet', '160-captain-planet', 'good', 'Marvel Comics');
INSERT INTO superhero_powerstats (superhero_id, intelligence, strength, speed, durability, power, combat, cost) VALUES (160, 50, 88, 75, 80, 100, 60, 75);
INSERT INTO superhero_appearance (superhero_id, gender, race, height_cm, weight_kg, eye_color, hair_color) VALUES (160, 'Male', 'God / Eternal', 0, 0, 'Red', 'Green');
INSERT INTO superhero_biography (superhero_id, full_name, aliases, place_of_birth, first_appearance) VALUES (160, '', '["The Captain","CP","Planet"]', NULL, 'Captain Planet and the Planeteers (TV Series)');
INSERT INTO superhero_images (superhero_id, xs_url, sm_url, md_url, lg_url) VALUES (160, 'https://cdn.jsdelivr.net/gh/akabab/superhero-api@0.3.0/api/images/xs/160-captain-planet.jpg', 'https://cdn.jsdelivr.net/gh/akabab/superhero-api@0.3.0/api/images/sm/160-captain-planet.jpg', 'https://cdn.jsdelivr.net/gh/akabab/superhero-api@0.3.0/api/images/md/160-captain-planet.jpg', 'https://cdn.jsdelivr.net/gh/akabab/superhero-api@0.3.0/api/images/lg/160-captain-planet.jpg');
INSERT INTO superheroes (id, name, slug, alignment, publisher) VALUES (162, 'Carnage', '162-carnage', 'bad', 'Marvel Comics');
INSERT INTO superhero_powerstats (superhero_id, intelligence, strength, speed, durability, power, combat, cost) VALUES (162, 63, 63, 70, 84, 88, 90, 76);
INSERT INTO superhero_appearance (superhero_id, gender, race, height_cm, weight_kg, eye_color, hair_color) VALUES (162, 'Male', 'Symbiote', 185, 86, 'Green', 'Red');
INSERT INTO superhero_biography (superhero_id, full_name, aliases, place_of_birth, first_appearance) VALUES (162, 'Cletus Kasady', '["Mass Carnage","999th"]', NULL, 'Amazing Spider-Man #344 (February, 1991)');
INSERT INTO superhero_images (superhero_id, xs_url, sm_url, md_url, lg_url) VALUES (162, 'https://cdn.jsdelivr.net/gh/akabab/superhero-api@0.3.0/api/images/xs/162-carnage.jpg', 'https://cdn.jsdelivr.net/gh/akabab/superhero-api@0.3.0/api/images/sm/162-carnage.jpg', 'https://cdn.jsdelivr.net/gh/akabab/superhero-api@0.3.0/api/images/md/162-carnage.jpg', 'https://cdn.jsdelivr.net/gh/akabab/superhero-api@0.3.0/api/images/lg/162-carnage.jpg');
INSERT INTO superheroes (id, name, slug, alignment, publisher) VALUES (165, 'Catwoman', '165-catwoman', 'good', 'DC Comics');
INSERT INTO superhero_powerstats (superhero_id, intelligence, strength, speed, durability, power, combat, cost) VALUES (165, 69, 11, 33, 28, 27, 85, 42);
INSERT INTO superhero_appearance (superhero_id, gender, race, height_cm, weight_kg, eye_color, hair_color) VALUES (165, 'Female', 'Human', 175, 61, 'Green', 'Black');
INSERT INTO superhero_biography (superhero_id, full_name, aliases, place_of_birth, first_appearance) VALUES (165, 'Selina Kyle', '["The Cat","Irena Dubrovna","Elva Barr","Sadie Kelowski","Madame Moderne","Marguerite Tone"]', 'Gotham City', 'Detective Comics #569');
INSERT INTO superhero_images (superhero_id, xs_url, sm_url, md_url, lg_url) VALUES (165, 'https://cdn.jsdelivr.net/gh/akabab/superhero-api@0.3.0/api/images/xs/165-catwoman.jpg', 'https://cdn.jsdelivr.net/gh/akabab/superhero-api@0.3.0/api/images/sm/165-catwoman.jpg', 'https://cdn.jsdelivr.net/gh/akabab/superhero-api@0.3.0/api/images/md/165-catwoman.jpg', 'https://cdn.jsdelivr.net/gh/akabab/superhero-api@0.3.0/api/images/lg/165-catwoman.jpg');
INSERT INTO superheroes (id, name, slug, alignment, publisher) VALUES (167, 'Century', '167-century', 'good', 'Marvel Comics');
INSERT INTO superhero_powerstats (superhero_id, intelligence, strength, speed, durability, power, combat, cost) VALUES (167, 88, 80, 53, 64, 100, 100, 80);
INSERT INTO superhero_appearance (superhero_id, gender, race, height_cm, weight_kg, eye_color, hair_color) VALUES (167, 'Male', 'Alien', 201, 97, 'White', 'White');
INSERT INTO superhero_biography (superhero_id, full_name, aliases, place_of_birth, first_appearance) VALUES (167, '', '["-"]', NULL, 'Force Works #1 (July, 1994)');
INSERT INTO superhero_images (superhero_id, xs_url, sm_url, md_url, lg_url) VALUES (167, 'https://cdn.jsdelivr.net/gh/akabab/superhero-api@0.3.0/api/images/xs/167-century.jpg', 'https://cdn.jsdelivr.net/gh/akabab/superhero-api@0.3.0/api/images/sm/167-century.jpg', 'https://cdn.jsdelivr.net/gh/akabab/superhero-api@0.3.0/api/images/md/167-century.jpg', 'https://cdn.jsdelivr.net/gh/akabab/superhero-api@0.3.0/api/images/lg/167-century.jpg');
INSERT INTO superheroes (id, name, slug, alignment, publisher) VALUES (169, 'Chamber', '169-chamber', 'good', 'Marvel Comics');
INSERT INTO superhero_powerstats (superhero_id, intelligence, strength, speed, durability, power, combat, cost) VALUES (169, 50, 10, 20, 80, 57, 64, 46);
INSERT INTO superhero_appearance (superhero_id, gender, race, height_cm, weight_kg, eye_color, hair_color) VALUES (169, 'Male', 'Mutant', 175, 63, 'Brown', 'Brown');
INSERT INTO superhero_biography (superhero_id, full_name, aliases, place_of_birth, first_appearance) VALUES (169, 'Jonothon Evan Starsmore', '["Decibel","Jono","Jono Hex"]', 'United Kingdom', 'Generation X #1 (November, 1994)');
INSERT INTO superhero_images (superhero_id, xs_url, sm_url, md_url, lg_url) VALUES (169, 'https://cdn.jsdelivr.net/gh/akabab/superhero-api@0.3.0/api/images/xs/169-chamber.jpg', 'https://cdn.jsdelivr.net/gh/akabab/superhero-api@0.3.0/api/images/sm/169-chamber.jpg', 'https://cdn.jsdelivr.net/gh/akabab/superhero-api@0.3.0/api/images/md/169-chamber.jpg', 'https://cdn.jsdelivr.net/gh/akabab/superhero-api@0.3.0/api/images/lg/169-chamber.jpg');
INSERT INTO superheroes (id, name, slug, alignment, publisher) VALUES (170, 'Chameleon', '170-chameleon', 'bad', 'DC Comics');
INSERT INTO superhero_powerstats (superhero_id, intelligence, strength, speed, durability, power, combat, cost) VALUES (170, 88, 10, 12, 28, 28, 28, 32);
INSERT INTO superhero_appearance (superhero_id, gender, race, height_cm, weight_kg, eye_color, hair_color) VALUES (170, 'Male', NULL, 0, 0, NULL, NULL);
INSERT INTO superhero_biography (superhero_id, full_name, aliases, place_of_birth, first_appearance) VALUES (170, 'Dmitri Anatoly Smerdyakov Kravinoff', '["Dr. Ashley Kafka","Dr. Turner","J. Jonah Jameson","Torpedo","Rick Jones","Dr. Henry Pym","Peter Parker","Captain George Stacy","Dr. Robert Bruce Banner","General"]', 'Russia', 'Amazing Spider-Man #1');
INSERT INTO superhero_images (superhero_id, xs_url, sm_url, md_url, lg_url) VALUES (170, 'https://cdn.jsdelivr.net/gh/akabab/superhero-api@0.3.0/api/images/xs/170-chameleon.jpg', 'https://cdn.jsdelivr.net/gh/akabab/superhero-api@0.3.0/api/images/sm/170-chameleon.jpg', 'https://cdn.jsdelivr.net/gh/akabab/superhero-api@0.3.0/api/images/md/170-chameleon.jpg', 'https://cdn.jsdelivr.net/gh/akabab/superhero-api@0.3.0/api/images/lg/170-chameleon.jpg');
INSERT INTO superheroes (id, name, slug, alignment, publisher) VALUES (171, 'Changeling', '171-changeling', 'bad', 'Marvel Comics');
INSERT INTO superhero_powerstats (superhero_id, intelligence, strength, speed, durability, power, combat, cost) VALUES (171, 63, 10, 23, 42, 64, 64, 44);
INSERT INTO superhero_appearance (superhero_id, gender, race, height_cm, weight_kg, eye_color, hair_color) VALUES (171, 'Male', NULL, 180, 81, 'Brown', 'Black');
INSERT INTO superhero_biography (superhero_id, full_name, aliases, place_of_birth, first_appearance) VALUES (171, 'Kevin Sidney', '["Professor X","Professor Charles Xavier"]', NULL, 'Uncanny X-Men #35 (August, 1967)');
INSERT INTO superhero_images (superhero_id, xs_url, sm_url, md_url, lg_url) VALUES (171, 'https://cdn.jsdelivr.net/gh/akabab/superhero-api@0.3.0/api/images/xs/171-changeling.jpg', 'https://cdn.jsdelivr.net/gh/akabab/superhero-api@0.3.0/api/images/sm/171-changeling.jpg', 'https://cdn.jsdelivr.net/gh/akabab/superhero-api@0.3.0/api/images/md/171-changeling.jpg', 'https://cdn.jsdelivr.net/gh/akabab/superhero-api@0.3.0/api/images/lg/171-changeling.jpg');
INSERT INTO superheroes (id, name, slug, alignment, publisher) VALUES (172, 'Cheetah', '172-cheetah', 'bad', 'DC Comics');
INSERT INTO superhero_powerstats (superhero_id, intelligence, strength, speed, durability, power, combat, cost) VALUES (172, 38, 8, 42, 20, 32, 70, 35);
INSERT INTO superhero_appearance (superhero_id, gender, race, height_cm, weight_kg, eye_color, hair_color) VALUES (172, 'Female', 'Human', 163, 50, 'Green', 'Blond');
INSERT INTO superhero_biography (superhero_id, full_name, aliases, place_of_birth, first_appearance) VALUES (172, 'Priscilla Rich', '["Kay Carlton","The Cheetah"]', NULL, 'Wonder Woman Vol1 #6 (Fall 1943)');
INSERT INTO superhero_images (superhero_id, xs_url, sm_url, md_url, lg_url) VALUES (172, 'https://cdn.jsdelivr.net/gh/akabab/superhero-api@0.3.0/api/images/xs/172-cheetah.jpg', 'https://cdn.jsdelivr.net/gh/akabab/superhero-api@0.3.0/api/images/sm/172-cheetah.jpg', 'https://cdn.jsdelivr.net/gh/akabab/superhero-api@0.3.0/api/images/md/172-cheetah.jpg', 'https://cdn.jsdelivr.net/gh/akabab/superhero-api@0.3.0/api/images/lg/172-cheetah.jpg');
INSERT INTO superheroes (id, name, slug, alignment, publisher) VALUES (174, 'Cheetah III', '174-cheetah-iii', 'bad', 'DC Comics');
INSERT INTO superhero_powerstats (superhero_id, intelligence, strength, speed, durability, power, combat, cost) VALUES (174, 88, 100, 88, 80, 78, 95, 88);
INSERT INTO superhero_appearance (superhero_id, gender, race, height_cm, weight_kg, eye_color, hair_color) VALUES (174, 'Female', 'Human', 175, 54, 'Brown', 'Brown');
INSERT INTO superhero_biography (superhero_id, full_name, aliases, place_of_birth, first_appearance) VALUES (174, 'Barbara Minerva', '["Barbara Minerva","Bride of Urzkartaga","Priscilla Rich","Deborah Domaine","Sabrina Ballesteros"]', NULL, 'Wonder Woman Vol2 #7 (Sept 1987)');
INSERT INTO superhero_images (superhero_id, xs_url, sm_url, md_url, lg_url) VALUES (174, 'https://cdn.jsdelivr.net/gh/akabab/superhero-api@0.3.0/api/images/xs/174-cheetah-iii.jpg', 'https://cdn.jsdelivr.net/gh/akabab/superhero-api@0.3.0/api/images/sm/174-cheetah-iii.jpg', 'https://cdn.jsdelivr.net/gh/akabab/superhero-api@0.3.0/api/images/md/174-cheetah-iii.jpg', 'https://cdn.jsdelivr.net/gh/akabab/superhero-api@0.3.0/api/images/lg/174-cheetah-iii.jpg');
INSERT INTO superheroes (id, name, slug, alignment, publisher) VALUES (176, 'Chuck Norris', '176-chuck-norris', 'good', NULL);
INSERT INTO superhero_powerstats (superhero_id, intelligence, strength, speed, durability, power, combat, cost) VALUES (176, 50, 80, 47, 56, 42, 99, 62);
INSERT INTO superhero_appearance (superhero_id, gender, race, height_cm, weight_kg, eye_color, hair_color) VALUES (176, 'Male', NULL, 178, 0, NULL, NULL);
INSERT INTO superhero_biography (superhero_id, full_name, aliases, place_of_birth, first_appearance) VALUES (176, 'Carlos Ray Norris', '["Chuck"]', 'Ryan, Oklahoma, United States', NULL);
INSERT INTO superhero_images (superhero_id, xs_url, sm_url, md_url, lg_url) VALUES (176, 'https://cdn.jsdelivr.net/gh/akabab/superhero-api@0.3.0/api/images/xs/176-chuck-norris.jpg', 'https://cdn.jsdelivr.net/gh/akabab/superhero-api@0.3.0/api/images/sm/176-chuck-norris.jpg', 'https://cdn.jsdelivr.net/gh/akabab/superhero-api@0.3.0/api/images/md/176-chuck-norris.jpg', 'https://cdn.jsdelivr.net/gh/akabab/superhero-api@0.3.0/api/images/lg/176-chuck-norris.jpg');
INSERT INTO superheroes (id, name, slug, alignment, publisher) VALUES (177, 'Citizen Steel', '177-citizen-steel', 'good', 'DC Comics');
INSERT INTO superhero_powerstats (superhero_id, intelligence, strength, speed, durability, power, combat, cost) VALUES (177, 50, 95, 33, 100, 23, 60, 60);
INSERT INTO superhero_appearance (superhero_id, gender, race, height_cm, weight_kg, eye_color, hair_color) VALUES (177, 'Male', 'Human', 183, 170, 'Green', 'Red');
INSERT INTO superhero_biography (superhero_id, full_name, aliases, place_of_birth, first_appearance) VALUES (177, 'Nathan Heywood', '["Buckeye","Uncle Nate","Uncle Nathan"]', NULL, 'Justice Society of America Vol 3 #2 (March, 2007)');
INSERT INTO superhero_images (superhero_id, xs_url, sm_url, md_url, lg_url) VALUES (177, 'https://cdn.jsdelivr.net/gh/akabab/superhero-api@0.3.0/api/images/xs/177-citizen-steel.jpg', 'https://cdn.jsdelivr.net/gh/akabab/superhero-api@0.3.0/api/images/sm/177-citizen-steel.jpg', 'https://cdn.jsdelivr.net/gh/akabab/superhero-api@0.3.0/api/images/md/177-citizen-steel.jpg', 'https://cdn.jsdelivr.net/gh/akabab/superhero-api@0.3.0/api/images/lg/177-citizen-steel.jpg');
INSERT INTO superheroes (id, name, slug, alignment, publisher) VALUES (178, 'Claire Bennet', '178-claire-bennet', 'good', 'NBC - Heroes');
INSERT INTO superhero_powerstats (superhero_id, intelligence, strength, speed, durability, power, combat, cost) VALUES (178, 38, 9, 12, 100, 90, 28, 46);
INSERT INTO superhero_appearance (superhero_id, gender, race, height_cm, weight_kg, eye_color, hair_color) VALUES (178, 'Female', NULL, 0, 0, 'Blue', 'Blond');
INSERT INTO superhero_biography (superhero_id, full_name, aliases, place_of_birth, first_appearance) VALUES (178, 'Claire Bennet', '["Vivian Lewis","Claire Butler"]', NULL, 'Heroes S01E01');
INSERT INTO superhero_images (superhero_id, xs_url, sm_url, md_url, lg_url) VALUES (178, 'https://cdn.jsdelivr.net/gh/akabab/superhero-api@0.3.0/api/images/xs/178-claire-bennet.jpg', 'https://cdn.jsdelivr.net/gh/akabab/superhero-api@0.3.0/api/images/sm/178-claire-bennet.jpg', 'https://cdn.jsdelivr.net/gh/akabab/superhero-api@0.3.0/api/images/md/178-claire-bennet.jpg', 'https://cdn.jsdelivr.net/gh/akabab/superhero-api@0.3.0/api/images/lg/178-claire-bennet.jpg');
INSERT INTO superheroes (id, name, slug, alignment, publisher) VALUES (180, 'Cloak', '180-cloak', 'good', 'Marvel Comics');
INSERT INTO superhero_powerstats (superhero_id, intelligence, strength, speed, durability, power, combat, cost) VALUES (180, 63, 10, 47, 64, 100, 56, 56);
INSERT INTO superhero_appearance (superhero_id, gender, race, height_cm, weight_kg, eye_color, hair_color) VALUES (180, 'Male', NULL, 226, 70, 'brown', 'black');
INSERT INTO superhero_biography (superhero_id, full_name, aliases, place_of_birth, first_appearance) VALUES (180, 'Tyrone Johnson', '["-"]', 'South Boston, Massachusetts', 'Spectacular Spiderman #64');
INSERT INTO superhero_images (superhero_id, xs_url, sm_url, md_url, lg_url) VALUES (180, 'https://cdn.jsdelivr.net/gh/akabab/superhero-api@0.3.0/api/images/xs/180-cloak.jpg', 'https://cdn.jsdelivr.net/gh/akabab/superhero-api@0.3.0/api/images/sm/180-cloak.jpg', 'https://cdn.jsdelivr.net/gh/akabab/superhero-api@0.3.0/api/images/md/180-cloak.jpg', 'https://cdn.jsdelivr.net/gh/akabab/superhero-api@0.3.0/api/images/lg/180-cloak.jpg');
INSERT INTO superheroes (id, name, slug, alignment, publisher) VALUES (181, 'Clock King', '181-clock-king', 'bad', 'DC Comics');
INSERT INTO superhero_powerstats (superhero_id, intelligence, strength, speed, durability, power, combat, cost) VALUES (181, 75, 10, 17, 10, 7, 40, 26);
INSERT INTO superhero_appearance (superhero_id, gender, race, height_cm, weight_kg, eye_color, hair_color) VALUES (181, 'Male', 'Human', 178, 78, 'Blue', 'Black');
INSERT INTO superhero_biography (superhero_id, full_name, aliases, place_of_birth, first_appearance) VALUES (181, 'William Tockman', '["Tempus Fugit"]', NULL, 'World''s Finest #111 (August, 1960)');
INSERT INTO superhero_images (superhero_id, xs_url, sm_url, md_url, lg_url) VALUES (181, 'https://cdn.jsdelivr.net/gh/akabab/superhero-api@0.3.0/api/images/xs/181-clock-king.jpg', 'https://cdn.jsdelivr.net/gh/akabab/superhero-api@0.3.0/api/images/sm/181-clock-king.jpg', 'https://cdn.jsdelivr.net/gh/akabab/superhero-api@0.3.0/api/images/md/181-clock-king.jpg', 'https://cdn.jsdelivr.net/gh/akabab/superhero-api@0.3.0/api/images/lg/181-clock-king.jpg');
INSERT INTO superheroes (id, name, slug, alignment, publisher) VALUES (185, 'Colossus', '185-colossus', 'good', 'Marvel Comics');
INSERT INTO superhero_powerstats (superhero_id, intelligence, strength, speed, durability, power, combat, cost) VALUES (185, 63, 83, 33, 100, 45, 80, 67);
INSERT INTO superhero_appearance (superhero_id, gender, race, height_cm, weight_kg, eye_color, hair_color) VALUES (185, 'Male', 'Mutant', 226, 225, 'Silver', 'Black');
INSERT INTO superhero_biography (superhero_id, full_name, aliases, place_of_birth, first_appearance) VALUES (185, 'Piotr Nikolaievitch Rasputin', '["Pete","Peter Nicholas","The Proletarian","Little Brother"]', 'Ust-Ordynski Collective, near Lake Baikal, Siberia, Russia', 'Giant-Size X-Men #1 (May, 1975)');
INSERT INTO superhero_images (superhero_id, xs_url, sm_url, md_url, lg_url) VALUES (185, 'https://cdn.jsdelivr.net/gh/akabab/superhero-api@0.3.0/api/images/xs/185-colossus.jpg', 'https://cdn.jsdelivr.net/gh/akabab/superhero-api@0.3.0/api/images/sm/185-colossus.jpg', 'https://cdn.jsdelivr.net/gh/akabab/superhero-api@0.3.0/api/images/md/185-colossus.jpg', 'https://cdn.jsdelivr.net/gh/akabab/superhero-api@0.3.0/api/images/lg/185-colossus.jpg');
INSERT INTO superheroes (id, name, slug, alignment, publisher) VALUES (186, 'Copycat', '186-copycat', 'neutral', 'Marvel Comics');
INSERT INTO superhero_powerstats (superhero_id, intelligence, strength, speed, durability, power, combat, cost) VALUES (186, 56, 10, 21, 25, 54, 60, 37);
INSERT INTO superhero_appearance (superhero_id, gender, race, height_cm, weight_kg, eye_color, hair_color) VALUES (186, 'Female', 'Mutant', 183, 67, 'Red', 'White');
INSERT INTO superhero_biography (superhero_id, full_name, aliases, place_of_birth, first_appearance) VALUES (186, 'Vanessa Carlysle', '["Nurse Veronica","Patricia Muggins","Titania","Garrison Kane","Christina Valentino","Domino","Cheryl Marks","Debbie","Marguerite","Amy"]', NULL, 'New Mutants #98 (February, 1991)');
INSERT INTO superhero_images (superhero_id, xs_url, sm_url, md_url, lg_url) VALUES (186, 'https://cdn.jsdelivr.net/gh/akabab/superhero-api@0.3.0/api/images/xs/186-copycat.jpg', 'https://cdn.jsdelivr.net/gh/akabab/superhero-api@0.3.0/api/images/sm/186-copycat.jpg', 'https://cdn.jsdelivr.net/gh/akabab/superhero-api@0.3.0/api/images/md/186-copycat.jpg', 'https://cdn.jsdelivr.net/gh/akabab/superhero-api@0.3.0/api/images/lg/186-copycat.jpg');
INSERT INTO superheroes (id, name, slug, alignment, publisher) VALUES (188, 'Cottonmouth', '188-cottonmouth', 'bad', 'Marvel Comics');
INSERT INTO superhero_powerstats (superhero_id, intelligence, strength, speed, durability, power, combat, cost) VALUES (188, 50, 10, 8, 10, 27, 25, 21);
INSERT INTO superhero_appearance (superhero_id, gender, race, height_cm, weight_kg, eye_color, hair_color) VALUES (188, 'Male', 'Human', 183, 99, 'Brown', 'Black');
INSERT INTO superhero_biography (superhero_id, full_name, aliases, place_of_birth, first_appearance) VALUES (188, 'Burchell Clemens', '["Quincy McIver"]', NULL, 'Captain America #310 (October, 1985)');
INSERT INTO superhero_images (superhero_id, xs_url, sm_url, md_url, lg_url) VALUES (188, 'https://cdn.jsdelivr.net/gh/akabab/superhero-api@0.3.0/api/images/xs/188-cottonmouth.jpg', 'https://cdn.jsdelivr.net/gh/akabab/superhero-api@0.3.0/api/images/sm/188-cottonmouth.jpg', 'https://cdn.jsdelivr.net/gh/akabab/superhero-api@0.3.0/api/images/md/188-cottonmouth.jpg', 'https://cdn.jsdelivr.net/gh/akabab/superhero-api@0.3.0/api/images/lg/188-cottonmouth.jpg');
INSERT INTO superheroes (id, name, slug, alignment, publisher) VALUES (191, 'Crystal', '191-crystal', 'good', 'Marvel Comics');
INSERT INTO superhero_powerstats (superhero_id, intelligence, strength, speed, durability, power, combat, cost) VALUES (191, 63, 16, 12, 14, 61, 56, 37);
INSERT INTO superhero_appearance (superhero_id, gender, race, height_cm, weight_kg, eye_color, hair_color) VALUES (191, 'Female', 'Inhuman', 168, 50, 'Green', 'Red');
INSERT INTO superhero_biography (superhero_id, full_name, aliases, place_of_birth, first_appearance) VALUES (191, 'Crystallia Amaquelin', '["Crys","Exquisite Elemental"]', 'Attilan', 'Fantastic Four #45 (1965)');
INSERT INTO superhero_images (superhero_id, xs_url, sm_url, md_url, lg_url) VALUES (191, 'https://cdn.jsdelivr.net/gh/akabab/superhero-api@0.3.0/api/images/xs/191-crystal.jpg', 'https://cdn.jsdelivr.net/gh/akabab/superhero-api@0.3.0/api/images/sm/191-crystal.jpg', 'https://cdn.jsdelivr.net/gh/akabab/superhero-api@0.3.0/api/images/md/191-crystal.jpg', 'https://cdn.jsdelivr.net/gh/akabab/superhero-api@0.3.0/api/images/lg/191-crystal.jpg');
INSERT INTO superheroes (id, name, slug, alignment, publisher) VALUES (194, 'Cyborg', '194-cyborg', 'good', 'DC Comics');
INSERT INTO superhero_powerstats (superhero_id, intelligence, strength, speed, durability, power, combat, cost) VALUES (194, 75, 53, 42, 85, 71, 64, 65);
INSERT INTO superhero_appearance (superhero_id, gender, race, height_cm, weight_kg, eye_color, hair_color) VALUES (194, 'Male', 'Cyborg', 198, 173, 'Brown', 'Black');
INSERT INTO superhero_biography (superhero_id, full_name, aliases, place_of_birth, first_appearance) VALUES (194, 'Victor Stone', '["Cyberion Technis","Omegadrome","Planet Cyberion"]', 'New York City, New York', 'DC Comics Presents #26 (October, 1980)');
INSERT INTO superhero_images (superhero_id, xs_url, sm_url, md_url, lg_url) VALUES (194, 'https://cdn.jsdelivr.net/gh/akabab/superhero-api@0.3.0/api/images/xs/194-cyborg.jpg', 'https://cdn.jsdelivr.net/gh/akabab/superhero-api@0.3.0/api/images/sm/194-cyborg.jpg', 'https://cdn.jsdelivr.net/gh/akabab/superhero-api@0.3.0/api/images/md/194-cyborg.jpg', 'https://cdn.jsdelivr.net/gh/akabab/superhero-api@0.3.0/api/images/lg/194-cyborg.jpg');
INSERT INTO superheroes (id, name, slug, alignment, publisher) VALUES (195, 'Cyborg Superman', '195-cyborg-superman', 'bad', 'DC Comics');
INSERT INTO superhero_powerstats (superhero_id, intelligence, strength, speed, durability, power, combat, cost) VALUES (195, 75, 93, 92, 100, 100, 80, 90);
INSERT INTO superhero_appearance (superhero_id, gender, race, height_cm, weight_kg, eye_color, hair_color) VALUES (195, 'Male', 'Cyborg', 0, 0, 'Blue', 'Black');
INSERT INTO superhero_biography (superhero_id, full_name, aliases, place_of_birth, first_appearance) VALUES (195, 'Henry Henshaw', '["Grandmaster of the Manhunters","Herald of the Anti-Monitor","Alpha-Prime of the Alpha Lanterns"]', NULL, 'Adventures of Superman #466 (May, 1990)');
INSERT INTO superhero_images (superhero_id, xs_url, sm_url, md_url, lg_url) VALUES (195, 'https://cdn.jsdelivr.net/gh/akabab/superhero-api@0.3.0/api/images/xs/195-cyborg-superman.jpg', 'https://cdn.jsdelivr.net/gh/akabab/superhero-api@0.3.0/api/images/sm/195-cyborg-superman.jpg', 'https://cdn.jsdelivr.net/gh/akabab/superhero-api@0.3.0/api/images/md/195-cyborg-superman.jpg', 'https://cdn.jsdelivr.net/gh/akabab/superhero-api@0.3.0/api/images/lg/195-cyborg-superman.jpg');
INSERT INTO superheroes (id, name, slug, alignment, publisher) VALUES (196, 'Cyclops', '196-cyclops', 'good', 'Marvel Comics');
INSERT INTO superhero_powerstats (superhero_id, intelligence, strength, speed, durability, power, combat, cost) VALUES (196, 75, 10, 23, 42, 76, 80, 51);
INSERT INTO superhero_appearance (superhero_id, gender, race, height_cm, weight_kg, eye_color, hair_color) VALUES (196, 'Male', 'Mutant', 191, 88, 'Brown', 'Brown');
INSERT INTO superhero_biography (superhero_id, full_name, aliases, place_of_birth, first_appearance) VALUES (196, 'Scott Summers', '["Scotty","Cyke","Slim","Fearless Leader","One-Eye","Erik the Red","Slym Dayspring","Mutate 007","Apocalypse"]', 'Anchorage, Alaska', 'X-Men #1 (September, 1963)');
INSERT INTO superhero_images (superhero_id, xs_url, sm_url, md_url, lg_url) VALUES (196, 'https://cdn.jsdelivr.net/gh/akabab/superhero-api@0.3.0/api/images/xs/196-cyclops.jpg', 'https://cdn.jsdelivr.net/gh/akabab/superhero-api@0.3.0/api/images/sm/196-cyclops.jpg', 'https://cdn.jsdelivr.net/gh/akabab/superhero-api@0.3.0/api/images/md/196-cyclops.jpg', 'https://cdn.jsdelivr.net/gh/akabab/superhero-api@0.3.0/api/images/lg/196-cyclops.jpg');
INSERT INTO superheroes (id, name, slug, alignment, publisher) VALUES (198, 'Dagger', '198-dagger', 'good', 'Marvel Comics');
INSERT INTO superhero_powerstats (superhero_id, intelligence, strength, speed, durability, power, combat, cost) VALUES (198, 63, 10, 35, 42, 52, 70, 45);
INSERT INTO superhero_appearance (superhero_id, gender, race, height_cm, weight_kg, eye_color, hair_color) VALUES (198, 'Female', NULL, NULL, 52, 'Blue', 'Blond');
INSERT INTO superhero_biography (superhero_id, full_name, aliases, place_of_birth, first_appearance) VALUES (198, 'Tandy Bowen', '["Lady Light"]', 'Shaker Heights, Ohio', 'Spectacular Spiderman #64');
INSERT INTO superhero_images (superhero_id, xs_url, sm_url, md_url, lg_url) VALUES (198, 'https://cdn.jsdelivr.net/gh/akabab/superhero-api@0.3.0/api/images/xs/198-dagger.jpg', 'https://cdn.jsdelivr.net/gh/akabab/superhero-api@0.3.0/api/images/sm/198-dagger.jpg', 'https://cdn.jsdelivr.net/gh/akabab/superhero-api@0.3.0/api/images/md/198-dagger.jpg', 'https://cdn.jsdelivr.net/gh/akabab/superhero-api@0.3.0/api/images/lg/198-dagger.jpg');
INSERT INTO superheroes (id, name, slug, alignment, publisher) VALUES (200, 'Daphne Powell', '200-daphne-powell', 'good', 'ABC Studios');
INSERT INTO superhero_powerstats (superhero_id, intelligence, strength, speed, durability, power, combat, cost) VALUES (200, 38, 10, 8, 10, 56, 10, 22);
INSERT INTO superhero_appearance (superhero_id, gender, race, height_cm, weight_kg, eye_color, hair_color) VALUES (200, 'Female', NULL, 0, 0, NULL, NULL);
INSERT INTO superhero_biography (superhero_id, full_name, aliases, place_of_birth, first_appearance) VALUES (200, 'Daphne Powell', '["-"]', NULL, 'No Ordinary Family S01E01 (2010)');
INSERT INTO superhero_images (superhero_id, xs_url, sm_url, md_url, lg_url) VALUES (200, 'https://cdn.jsdelivr.net/gh/akabab/superhero-api@0.3.0/api/images/xs/200-daphne-powell.jpg', 'https://cdn.jsdelivr.net/gh/akabab/superhero-api@0.3.0/api/images/sm/200-daphne-powell.jpg', 'https://cdn.jsdelivr.net/gh/akabab/superhero-api@0.3.0/api/images/md/200-daphne-powell.jpg', 'https://cdn.jsdelivr.net/gh/akabab/superhero-api@0.3.0/api/images/lg/200-daphne-powell.jpg');
INSERT INTO superheroes (id, name, slug, alignment, publisher) VALUES (201, 'Daredevil', '201-daredevil', 'good', 'Marvel Comics');
INSERT INTO superhero_powerstats (superhero_id, intelligence, strength, speed, durability, power, combat, cost) VALUES (201, 75, 13, 25, 35, 61, 100, 51);
INSERT INTO superhero_appearance (superhero_id, gender, race, height_cm, weight_kg, eye_color, hair_color) VALUES (201, 'Male', 'Human', 183, 90, 'Blue', 'Red');
INSERT INTO superhero_biography (superhero_id, full_name, aliases, place_of_birth, first_appearance) VALUES (201, 'Matt Murdock', '["Matt","Jack Batlin","Kingpin of Crime","Laurent LeVasseur","Michael \"Mike\" Murdock","Scarlet Swashbuckler","Nameless One","Kingpin of Hell''s Kitchen","The Man Without Fear","The Guardian Devil","DD","Red","Hornhead","Cooper Peyton","Captain Universe"]', 'New York City, New York', 'Daredevil #1 (April, 1964)');
INSERT INTO superhero_images (superhero_id, xs_url, sm_url, md_url, lg_url) VALUES (201, 'https://cdn.jsdelivr.net/gh/akabab/superhero-api@0.3.0/api/images/xs/201-daredevil.jpg', 'https://cdn.jsdelivr.net/gh/akabab/superhero-api@0.3.0/api/images/sm/201-daredevil.jpg', 'https://cdn.jsdelivr.net/gh/akabab/superhero-api@0.3.0/api/images/md/201-daredevil.jpg', 'https://cdn.jsdelivr.net/gh/akabab/superhero-api@0.3.0/api/images/lg/201-daredevil.jpg');
INSERT INTO superheroes (id, name, slug, alignment, publisher) VALUES (202, 'Darkhawk', '202-darkhawk', 'good', 'Marvel Comics');
INSERT INTO superhero_powerstats (superhero_id, intelligence, strength, speed, durability, power, combat, cost) VALUES (202, 50, 32, 33, 70, 74, 64, 53);
INSERT INTO superhero_appearance (superhero_id, gender, race, height_cm, weight_kg, eye_color, hair_color) VALUES (202, 'Male', 'Human', 185, 81, 'Brown', 'Brown');
INSERT INTO superhero_biography (superhero_id, full_name, aliases, place_of_birth, first_appearance) VALUES (202, 'Christopher Powell', '["Bucket-Head","Edge-Man","Powell"]', 'Queens, New York', 'Darkhawk #1 (March, 1991)');
INSERT INTO superhero_images (superhero_id, xs_url, sm_url, md_url, lg_url) VALUES (202, 'https://cdn.jsdelivr.net/gh/akabab/superhero-api@0.3.0/api/images/xs/202-darkhawk.jpg', 'https://cdn.jsdelivr.net/gh/akabab/superhero-api@0.3.0/api/images/sm/202-darkhawk.jpg', 'https://cdn.jsdelivr.net/gh/akabab/superhero-api@0.3.0/api/images/md/202-darkhawk.jpg', 'https://cdn.jsdelivr.net/gh/akabab/superhero-api@0.3.0/api/images/lg/202-darkhawk.jpg');
INSERT INTO superheroes (id, name, slug, alignment, publisher) VALUES (203, 'Darkman', '203-darkman', 'good', 'Universal Studios');
INSERT INTO superhero_powerstats (superhero_id, intelligence, strength, speed, durability, power, combat, cost) VALUES (203, 75, 14, 23, 85, 12, 28, 39);
INSERT INTO superhero_appearance (superhero_id, gender, race, height_cm, weight_kg, eye_color, hair_color) VALUES (203, 'Male', NULL, 0, 0, NULL, NULL);
INSERT INTO superhero_biography (superhero_id, full_name, aliases, place_of_birth, first_appearance) VALUES (203, 'Peyton Westlake', '["-"]', NULL, 'Darkman (August 24, 1990)');
INSERT INTO superhero_images (superhero_id, xs_url, sm_url, md_url, lg_url) VALUES (203, 'https://cdn.jsdelivr.net/gh/akabab/superhero-api@0.3.0/api/images/xs/203-darkman.jpg', 'https://cdn.jsdelivr.net/gh/akabab/superhero-api@0.3.0/api/images/sm/203-darkman.jpg', 'https://cdn.jsdelivr.net/gh/akabab/superhero-api@0.3.0/api/images/md/203-darkman.jpg', 'https://cdn.jsdelivr.net/gh/akabab/superhero-api@0.3.0/api/images/lg/203-darkman.jpg');
INSERT INTO superheroes (id, name, slug, alignment, publisher) VALUES (204, 'Darkseid', '204-darkseid', 'bad', 'DC Comics');
INSERT INTO superhero_powerstats (superhero_id, intelligence, strength, speed, durability, power, combat, cost) VALUES (204, 88, 100, 83, 100, 100, 95, 94);
INSERT INTO superhero_appearance (superhero_id, gender, race, height_cm, weight_kg, eye_color, hair_color) VALUES (204, 'Male', 'New God', 267, 817, 'Red', 'No Hair');
INSERT INTO superhero_biography (superhero_id, full_name, aliases, place_of_birth, first_appearance) VALUES (204, 'Uxas', '["Dark God"]', NULL, 'Superman''s Pal Jimmy Olsen #134 (November 1970)');
INSERT INTO superhero_images (superhero_id, xs_url, sm_url, md_url, lg_url) VALUES (204, 'https://cdn.jsdelivr.net/gh/akabab/superhero-api@0.3.0/api/images/xs/204-darkseid.jpg', 'https://cdn.jsdelivr.net/gh/akabab/superhero-api@0.3.0/api/images/sm/204-darkseid.jpg', 'https://cdn.jsdelivr.net/gh/akabab/superhero-api@0.3.0/api/images/md/204-darkseid.jpg', 'https://cdn.jsdelivr.net/gh/akabab/superhero-api@0.3.0/api/images/lg/204-darkseid.jpg');
INSERT INTO superheroes (id, name, slug, alignment, publisher) VALUES (206, 'Darkstar', '206-darkstar', 'good', 'Marvel Comics');
INSERT INTO superhero_powerstats (superhero_id, intelligence, strength, speed, durability, power, combat, cost) VALUES (206, 38, 8, 35, 42, 79, 64, 44);
INSERT INTO superhero_appearance (superhero_id, gender, race, height_cm, weight_kg, eye_color, hair_color) VALUES (206, 'Female', 'Mutant', 168, 56, 'Brown', 'Blond');
INSERT INTO superhero_biography (superhero_id, full_name, aliases, place_of_birth, first_appearance) VALUES (206, 'Laynia Petrovna', '["Tyomni Zvesda"]', 'Minks, USSR', 'Champions #7 (August, 1976)');
INSERT INTO superhero_images (superhero_id, xs_url, sm_url, md_url, lg_url) VALUES (206, 'https://cdn.jsdelivr.net/gh/akabab/superhero-api@0.3.0/api/images/xs/206-darkstar.jpg', 'https://cdn.jsdelivr.net/gh/akabab/superhero-api@0.3.0/api/images/sm/206-darkstar.jpg', 'https://cdn.jsdelivr.net/gh/akabab/superhero-api@0.3.0/api/images/md/206-darkstar.jpg', 'https://cdn.jsdelivr.net/gh/akabab/superhero-api@0.3.0/api/images/lg/206-darkstar.jpg');
INSERT INTO superheroes (id, name, slug, alignment, publisher) VALUES (207, 'Darth Maul', '207-darth-maul', 'bad', 'George Lucas');
INSERT INTO superhero_powerstats (superhero_id, intelligence, strength, speed, durability, power, combat, cost) VALUES (207, 56, 48, 50, 30, 100, 100, 64);
INSERT INTO superhero_appearance (superhero_id, gender, race, height_cm, weight_kg, eye_color, hair_color) VALUES (207, 'Male', 'Dathomirian Zabrak', 170, 0, 'Yellow / Red', NULL);
INSERT INTO superhero_biography (superhero_id, full_name, aliases, place_of_birth, first_appearance) VALUES (207, '', '["Sith","Master Of The Double-Bladed Lightsaber"]', 'Dathomir', 'Star Wars Episode I: The Phantom Menace (1999)');
INSERT INTO superhero_images (superhero_id, xs_url, sm_url, md_url, lg_url) VALUES (207, 'https://cdn.jsdelivr.net/gh/akabab/superhero-api@0.3.0/api/images/xs/207-darth-maul.jpg', 'https://cdn.jsdelivr.net/gh/akabab/superhero-api@0.3.0/api/images/sm/207-darth-maul.jpg', 'https://cdn.jsdelivr.net/gh/akabab/superhero-api@0.3.0/api/images/md/207-darth-maul.jpg', 'https://cdn.jsdelivr.net/gh/akabab/superhero-api@0.3.0/api/images/lg/207-darth-maul.jpg');
INSERT INTO superheroes (id, name, slug, alignment, publisher) VALUES (208, 'Darth Vader', '208-darth-vader', 'bad', 'George Lucas');
INSERT INTO superhero_powerstats (superhero_id, intelligence, strength, speed, durability, power, combat, cost) VALUES (208, 69, 48, 33, 35, 100, 100, 64);
INSERT INTO superhero_appearance (superhero_id, gender, race, height_cm, weight_kg, eye_color, hair_color) VALUES (208, 'Male', 'Cyborg', 198, 135, 'Yellow', 'No Hair');
INSERT INTO superhero_biography (superhero_id, full_name, aliases, place_of_birth, first_appearance) VALUES (208, 'Anakin Skywalker', '["Lord Vader"]', 'Tatooine', 'Star Wars: Episode IV - A New Hope (1977)');
INSERT INTO superhero_images (superhero_id, xs_url, sm_url, md_url, lg_url) VALUES (208, 'https://cdn.jsdelivr.net/gh/akabab/superhero-api@0.3.0/api/images/xs/208-darth-vader.jpg', 'https://cdn.jsdelivr.net/gh/akabab/superhero-api@0.3.0/api/images/sm/208-darth-vader.jpg', 'https://cdn.jsdelivr.net/gh/akabab/superhero-api@0.3.0/api/images/md/208-darth-vader.jpg', 'https://cdn.jsdelivr.net/gh/akabab/superhero-api@0.3.0/api/images/lg/208-darth-vader.jpg');
INSERT INTO superheroes (id, name, slug, alignment, publisher) VALUES (209, 'Dash', '209-dash', 'good', 'Dark Horse Comics');
INSERT INTO superhero_powerstats (superhero_id, intelligence, strength, speed, durability, power, combat, cost) VALUES (209, 25, 12, 92, 60, 20, 30, 39);
INSERT INTO superhero_appearance (superhero_id, gender, race, height_cm, weight_kg, eye_color, hair_color) VALUES (209, 'Male', 'Human', 122, 27, 'Blue', 'Blond');
INSERT INTO superhero_biography (superhero_id, full_name, aliases, place_of_birth, first_appearance) VALUES (209, 'Dashiell Robert Parr', '["The Fastest Kid on Earth","The Dash"]', NULL, 'The Incredibles (Movies, 2004)');
INSERT INTO superhero_images (superhero_id, xs_url, sm_url, md_url, lg_url) VALUES (209, 'https://cdn.jsdelivr.net/gh/akabab/superhero-api@0.3.0/api/images/xs/209-dash.jpg', 'https://cdn.jsdelivr.net/gh/akabab/superhero-api@0.3.0/api/images/sm/209-dash.jpg', 'https://cdn.jsdelivr.net/gh/akabab/superhero-api@0.3.0/api/images/md/209-dash.jpg', 'https://cdn.jsdelivr.net/gh/akabab/superhero-api@0.3.0/api/images/lg/209-dash.jpg');
INSERT INTO superheroes (id, name, slug, alignment, publisher) VALUES (210, 'Data', '210-data', 'good', 'Star Trek');
INSERT INTO superhero_powerstats (superhero_id, intelligence, strength, speed, durability, power, combat, cost) VALUES (210, 100, 32, 21, 40, 56, 50, 49);
INSERT INTO superhero_appearance (superhero_id, gender, race, height_cm, weight_kg, eye_color, hair_color) VALUES (210, 'Male', 'Android', 0, 0, 'Yellow', 'Brown');
INSERT INTO superhero_biography (superhero_id, full_name, aliases, place_of_birth, first_appearance) VALUES (210, 'Data', '["B-4"]', NULL, NULL);
INSERT INTO superhero_images (superhero_id, xs_url, sm_url, md_url, lg_url) VALUES (210, 'https://cdn.jsdelivr.net/gh/akabab/superhero-api@0.3.0/api/images/xs/210-data.jpg', 'https://cdn.jsdelivr.net/gh/akabab/superhero-api@0.3.0/api/images/sm/210-data.jpg', 'https://cdn.jsdelivr.net/gh/akabab/superhero-api@0.3.0/api/images/md/210-data.jpg', 'https://cdn.jsdelivr.net/gh/akabab/superhero-api@0.3.0/api/images/lg/210-data.jpg');
INSERT INTO superheroes (id, name, slug, alignment, publisher) VALUES (211, 'Dazzler', '211-dazzler', 'good', 'Marvel Comics');
INSERT INTO superhero_powerstats (superhero_id, intelligence, strength, speed, durability, power, combat, cost) VALUES (211, 63, 10, 33, 60, 100, 55, 53);
INSERT INTO superhero_appearance (superhero_id, gender, race, height_cm, weight_kg, eye_color, hair_color) VALUES (211, 'Female', 'Mutant', 173, 52, 'Blue', 'Blond');
INSERT INTO superhero_biography (superhero_id, full_name, aliases, place_of_birth, first_appearance) VALUES (211, 'Alison Blaire', '["Ali","The Disco Dazzler","Songbird","Dazz","Kimberly Schau","Ally"]', 'Gardendale, Long Island, New York', 'X-Men #130 (1980)');
INSERT INTO superhero_images (superhero_id, xs_url, sm_url, md_url, lg_url) VALUES (211, 'https://cdn.jsdelivr.net/gh/akabab/superhero-api@0.3.0/api/images/xs/211-dazzler.jpg', 'https://cdn.jsdelivr.net/gh/akabab/superhero-api@0.3.0/api/images/sm/211-dazzler.jpg', 'https://cdn.jsdelivr.net/gh/akabab/superhero-api@0.3.0/api/images/md/211-dazzler.jpg', 'https://cdn.jsdelivr.net/gh/akabab/superhero-api@0.3.0/api/images/lg/211-dazzler.jpg');
INSERT INTO superheroes (id, name, slug, alignment, publisher) VALUES (212, 'Deadman', '212-deadman', 'good', 'DC Comics');
INSERT INTO superhero_powerstats (superhero_id, intelligence, strength, speed, durability, power, combat, cost) VALUES (212, 50, 10, 33, 100, 100, 42, 55);
INSERT INTO superhero_appearance (superhero_id, gender, race, height_cm, weight_kg, eye_color, hair_color) VALUES (212, 'Male', 'Human', 183, 90, 'Blue', 'Black');
INSERT INTO superhero_biography (superhero_id, full_name, aliases, place_of_birth, first_appearance) VALUES (212, 'Boston Brand', '["-"]', NULL, 'Strange Adventures #205 (October, 1967)');
INSERT INTO superhero_images (superhero_id, xs_url, sm_url, md_url, lg_url) VALUES (212, 'https://cdn.jsdelivr.net/gh/akabab/superhero-api@0.3.0/api/images/xs/212-deadman.jpg', 'https://cdn.jsdelivr.net/gh/akabab/superhero-api@0.3.0/api/images/sm/212-deadman.jpg', 'https://cdn.jsdelivr.net/gh/akabab/superhero-api@0.3.0/api/images/md/212-deadman.jpg', 'https://cdn.jsdelivr.net/gh/akabab/superhero-api@0.3.0/api/images/lg/212-deadman.jpg');
INSERT INTO superheroes (id, name, slug, alignment, publisher) VALUES (213, 'Deadpool', '213-deadpool', 'neutral', 'Evil Deadpool');
INSERT INTO superhero_powerstats (superhero_id, intelligence, strength, speed, durability, power, combat, cost) VALUES (213, 69, 32, 50, 100, 100, 100, 75);
INSERT INTO superhero_appearance (superhero_id, gender, race, height_cm, weight_kg, eye_color, hair_color) VALUES (213, 'Male', 'Mutant', 188, 95, 'Brown', 'No Hair');
INSERT INTO superhero_biography (superhero_id, full_name, aliases, place_of_birth, first_appearance) VALUES (213, 'Wade Wilson', '["Wade Wilson","Jack","Chiyonosake (\"the Wolf of the Rice Wine\")","Rhodes","Corpus","Lopez","Hobgoblin","Thom Cruz","Peter Parker"]', 'Canada', 'New Mutants #98 (February, 1991)');
INSERT INTO superhero_images (superhero_id, xs_url, sm_url, md_url, lg_url) VALUES (213, 'https://cdn.jsdelivr.net/gh/akabab/superhero-api@0.3.0/api/images/xs/213-deadpool.jpg', 'https://cdn.jsdelivr.net/gh/akabab/superhero-api@0.3.0/api/images/sm/213-deadpool.jpg', 'https://cdn.jsdelivr.net/gh/akabab/superhero-api@0.3.0/api/images/md/213-deadpool.jpg', 'https://cdn.jsdelivr.net/gh/akabab/superhero-api@0.3.0/api/images/lg/213-deadpool.jpg');
INSERT INTO superheroes (id, name, slug, alignment, publisher) VALUES (214, 'Deadshot', '214-deadshot', 'bad', 'DC Comics');
INSERT INTO superhero_powerstats (superhero_id, intelligence, strength, speed, durability, power, combat, cost) VALUES (214, 50, 10, 23, 28, 55, 80, 41);
INSERT INTO superhero_appearance (superhero_id, gender, race, height_cm, weight_kg, eye_color, hair_color) VALUES (214, 'Male', 'Human', 185, 91, 'Brown', 'Brown');
INSERT INTO superhero_biography (superhero_id, full_name, aliases, place_of_birth, first_appearance) VALUES (214, 'Floyd Lawton', '["Man Who Never Misses","Worlds Finest Assassin","Orlando Furioso"]', NULL, 'Batman #59 (June, 1950)');
INSERT INTO superhero_images (superhero_id, xs_url, sm_url, md_url, lg_url) VALUES (214, 'https://cdn.jsdelivr.net/gh/akabab/superhero-api@0.3.0/api/images/xs/214-deadshot.jpg', 'https://cdn.jsdelivr.net/gh/akabab/superhero-api@0.3.0/api/images/sm/214-deadshot.jpg', 'https://cdn.jsdelivr.net/gh/akabab/superhero-api@0.3.0/api/images/md/214-deadshot.jpg', 'https://cdn.jsdelivr.net/gh/akabab/superhero-api@0.3.0/api/images/lg/214-deadshot.jpg');
INSERT INTO superheroes (id, name, slug, alignment, publisher) VALUES (215, 'Deathlok', '215-deathlok', 'good', 'Marvel Comics');
INSERT INTO superhero_powerstats (superhero_id, intelligence, strength, speed, durability, power, combat, cost) VALUES (215, 69, 32, 30, 70, 40, 60, 50);
INSERT INTO superhero_appearance (superhero_id, gender, race, height_cm, weight_kg, eye_color, hair_color) VALUES (215, 'Male', 'Cyborg', 193, 178, 'Brown', 'Grey');
INSERT INTO superhero_biography (superhero_id, full_name, aliases, place_of_birth, first_appearance) VALUES (215, 'Luther Manning', '["Demolisher"]', NULL, 'Astonishing Tales #25 (August, 1974)');
INSERT INTO superhero_images (superhero_id, xs_url, sm_url, md_url, lg_url) VALUES (215, 'https://cdn.jsdelivr.net/gh/akabab/superhero-api@0.3.0/api/images/xs/215-deathlok.jpg', 'https://cdn.jsdelivr.net/gh/akabab/superhero-api@0.3.0/api/images/sm/215-deathlok.jpg', 'https://cdn.jsdelivr.net/gh/akabab/superhero-api@0.3.0/api/images/md/215-deathlok.jpg', 'https://cdn.jsdelivr.net/gh/akabab/superhero-api@0.3.0/api/images/lg/215-deathlok.jpg');
INSERT INTO superheroes (id, name, slug, alignment, publisher) VALUES (216, 'Deathstroke', '216-deathstroke', 'neutral', 'DC Comics');
INSERT INTO superhero_powerstats (superhero_id, intelligence, strength, speed, durability, power, combat, cost) VALUES (216, 75, 30, 35, 100, 47, 90, 62);
INSERT INTO superhero_appearance (superhero_id, gender, race, height_cm, weight_kg, eye_color, hair_color) VALUES (216, 'Male', 'Human', 193, 101, 'Blue', 'White');
INSERT INTO superhero_biography (superhero_id, full_name, aliases, place_of_birth, first_appearance) VALUES (216, 'Slade Joseph Wilson', '["Slade Wilson","Deathstroke the Terminator","Batman"]', NULL, 'New Teen Titans #2 (December, 1980)');
INSERT INTO superhero_images (superhero_id, xs_url, sm_url, md_url, lg_url) VALUES (216, 'https://cdn.jsdelivr.net/gh/akabab/superhero-api@0.3.0/api/images/xs/216-deathstroke.jpg', 'https://cdn.jsdelivr.net/gh/akabab/superhero-api@0.3.0/api/images/sm/216-deathstroke.jpg', 'https://cdn.jsdelivr.net/gh/akabab/superhero-api@0.3.0/api/images/md/216-deathstroke.jpg', 'https://cdn.jsdelivr.net/gh/akabab/superhero-api@0.3.0/api/images/lg/216-deathstroke.jpg');
INSERT INTO superheroes (id, name, slug, alignment, publisher) VALUES (217, 'Demogoblin', '217-demogoblin', 'bad', 'Marvel Comics');
INSERT INTO superhero_powerstats (superhero_id, intelligence, strength, speed, durability, power, combat, cost) VALUES (217, 50, 48, 42, 35, 67, 60, 50);
INSERT INTO superhero_appearance (superhero_id, gender, race, height_cm, weight_kg, eye_color, hair_color) VALUES (217, 'Male', 'Demon', 185, 95, 'Red', 'No Hair');
INSERT INTO superhero_biography (superhero_id, full_name, aliases, place_of_birth, first_appearance) VALUES (217, '', '["Jason Macendale Jr"]', NULL, 'Web of Spider-Man #86 (March, 1992)');
INSERT INTO superhero_images (superhero_id, xs_url, sm_url, md_url, lg_url) VALUES (217, 'https://cdn.jsdelivr.net/gh/akabab/superhero-api@0.3.0/api/images/xs/217-demogoblin.jpg', 'https://cdn.jsdelivr.net/gh/akabab/superhero-api@0.3.0/api/images/sm/217-demogoblin.jpg', 'https://cdn.jsdelivr.net/gh/akabab/superhero-api@0.3.0/api/images/md/217-demogoblin.jpg', 'https://cdn.jsdelivr.net/gh/akabab/superhero-api@0.3.0/api/images/lg/217-demogoblin.jpg');
INSERT INTO superheroes (id, name, slug, alignment, publisher) VALUES (218, 'Destroyer', '218-destroyer', 'bad', 'Marvel Comics');
INSERT INTO superhero_powerstats (superhero_id, intelligence, strength, speed, durability, power, combat, cost) VALUES (218, 50, 95, 58, 98, 85, 70, 76);
INSERT INTO superhero_appearance (superhero_id, gender, race, height_cm, weight_kg, eye_color, hair_color) VALUES (218, 'Male', NULL, 188, 383, NULL, NULL);
INSERT INTO superhero_biography (superhero_id, full_name, aliases, place_of_birth, first_appearance) VALUES (218, '', '["-"]', 'Created in Asgard', 'Journey into Mystery #118 (1965)');
INSERT INTO superhero_images (superhero_id, xs_url, sm_url, md_url, lg_url) VALUES (218, 'https://cdn.jsdelivr.net/gh/akabab/superhero-api@0.3.0/api/images/xs/218-destroyer.jpg', 'https://cdn.jsdelivr.net/gh/akabab/superhero-api@0.3.0/api/images/sm/218-destroyer.jpg', 'https://cdn.jsdelivr.net/gh/akabab/superhero-api@0.3.0/api/images/md/218-destroyer.jpg', 'https://cdn.jsdelivr.net/gh/akabab/superhero-api@0.3.0/api/images/lg/218-destroyer.jpg');
INSERT INTO superheroes (id, name, slug, alignment, publisher) VALUES (219, 'Diamondback', '219-diamondback', 'bad', 'Marvel Comics');
INSERT INTO superhero_powerstats (superhero_id, intelligence, strength, speed, durability, power, combat, cost) VALUES (219, 44, 16, 23, 28, 45, 60, 36);
INSERT INTO superhero_appearance (superhero_id, gender, race, height_cm, weight_kg, eye_color, hair_color) VALUES (219, 'Male', 'Human', 193, 90, 'Brown', 'Black');
INSERT INTO superhero_biography (superhero_id, full_name, aliases, place_of_birth, first_appearance) VALUES (219, 'Willis Stryker', '["-"]', NULL, 'Luke Cage, Hero for Hire#1 (1972)');
INSERT INTO superhero_images (superhero_id, xs_url, sm_url, md_url, lg_url) VALUES (219, 'https://cdn.jsdelivr.net/gh/akabab/superhero-api@0.3.0/api/images/xs/219-diamondback.jpg', 'https://cdn.jsdelivr.net/gh/akabab/superhero-api@0.3.0/api/images/sm/219-diamondback.jpg', 'https://cdn.jsdelivr.net/gh/akabab/superhero-api@0.3.0/api/images/md/219-diamondback.jpg', 'https://cdn.jsdelivr.net/gh/akabab/superhero-api@0.3.0/api/images/lg/219-diamondback.jpg');
INSERT INTO superheroes (id, name, slug, alignment, publisher) VALUES (220, 'DL Hawkins', '220-dl-hawkins', 'good', 'NBC - Heroes');
INSERT INTO superhero_powerstats (superhero_id, intelligence, strength, speed, durability, power, combat, cost) VALUES (220, 50, 12, 12, 56, 48, 56, 39);
INSERT INTO superhero_appearance (superhero_id, gender, race, height_cm, weight_kg, eye_color, hair_color) VALUES (220, 'Male', NULL, 0, 0, NULL, NULL);
INSERT INTO superhero_biography (superhero_id, full_name, aliases, place_of_birth, first_appearance) VALUES (220, 'Daniel Lawrence Hawkins', '["-"]', NULL, 'Heroes S01E05 - Hiros');
INSERT INTO superhero_images (superhero_id, xs_url, sm_url, md_url, lg_url) VALUES (220, 'https://cdn.jsdelivr.net/gh/akabab/superhero-api@0.3.0/api/images/xs/220-dl-hawkins.jpg', 'https://cdn.jsdelivr.net/gh/akabab/superhero-api@0.3.0/api/images/sm/220-dl-hawkins.jpg', 'https://cdn.jsdelivr.net/gh/akabab/superhero-api@0.3.0/api/images/md/220-dl-hawkins.jpg', 'https://cdn.jsdelivr.net/gh/akabab/superhero-api@0.3.0/api/images/lg/220-dl-hawkins.jpg');
INSERT INTO superheroes (id, name, slug, alignment, publisher) VALUES (221, 'Doc Samson', '221-doc-samson', 'good', 'Marvel Comics');
INSERT INTO superhero_powerstats (superhero_id, intelligence, strength, speed, durability, power, combat, cost) VALUES (221, 75, 80, 33, 80, 36, 70, 62);
INSERT INTO superhero_appearance (superhero_id, gender, race, height_cm, weight_kg, eye_color, hair_color) VALUES (221, 'Male', 'Human / Radiation', 198, 171, 'Blue', 'Green');
INSERT INTO superhero_biography (superhero_id, full_name, aliases, place_of_birth, first_appearance) VALUES (221, 'Leonard Samson', '["-"]', 'Tulsa, Oklahoma', 'Incredible Hulk #141 (July, 1971)');
INSERT INTO superhero_images (superhero_id, xs_url, sm_url, md_url, lg_url) VALUES (221, 'https://cdn.jsdelivr.net/gh/akabab/superhero-api@0.3.0/api/images/xs/221-doc-samson.jpg', 'https://cdn.jsdelivr.net/gh/akabab/superhero-api@0.3.0/api/images/sm/221-doc-samson.jpg', 'https://cdn.jsdelivr.net/gh/akabab/superhero-api@0.3.0/api/images/md/221-doc-samson.jpg', 'https://cdn.jsdelivr.net/gh/akabab/superhero-api@0.3.0/api/images/lg/221-doc-samson.jpg');
INSERT INTO superheroes (id, name, slug, alignment, publisher) VALUES (222, 'Doctor Doom', '222-doctor-doom', 'bad', 'Marvel Comics');
INSERT INTO superhero_powerstats (superhero_id, intelligence, strength, speed, durability, power, combat, cost) VALUES (222, 100, 32, 20, 100, 100, 84, 72);
INSERT INTO superhero_appearance (superhero_id, gender, race, height_cm, weight_kg, eye_color, hair_color) VALUES (222, 'Male', 'Human', 201, 187, 'Brown', 'Brown');
INSERT INTO superhero_biography (superhero_id, full_name, aliases, place_of_birth, first_appearance) VALUES (222, 'Victor von Doom', '["The Master","Invincible Man"]', 'Haasenstadt, Latveria', 'Fantastic Four #5 (July 1962)');
INSERT INTO superhero_images (superhero_id, xs_url, sm_url, md_url, lg_url) VALUES (222, 'https://cdn.jsdelivr.net/gh/akabab/superhero-api@0.3.0/api/images/xs/222-doctor-doom.jpg', 'https://cdn.jsdelivr.net/gh/akabab/superhero-api@0.3.0/api/images/sm/222-doctor-doom.jpg', 'https://cdn.jsdelivr.net/gh/akabab/superhero-api@0.3.0/api/images/md/222-doctor-doom.jpg', 'https://cdn.jsdelivr.net/gh/akabab/superhero-api@0.3.0/api/images/lg/222-doctor-doom.jpg');
INSERT INTO superheroes (id, name, slug, alignment, publisher) VALUES (224, 'Doctor Fate', '224-doctor-fate', 'good', 'DC Comics');
INSERT INTO superhero_powerstats (superhero_id, intelligence, strength, speed, durability, power, combat, cost) VALUES (224, 81, 16, 25, 80, 100, 50, 58);
INSERT INTO superhero_appearance (superhero_id, gender, race, height_cm, weight_kg, eye_color, hair_color) VALUES (224, 'Male', 'Human', 188, 89, 'Blue', 'Blond');
INSERT INTO superhero_biography (superhero_id, full_name, aliases, place_of_birth, first_appearance) VALUES (224, 'Kent Nelson', '["Nabu"]', NULL, 'More Fun Comics #55 (May, 1940)');
INSERT INTO superhero_images (superhero_id, xs_url, sm_url, md_url, lg_url) VALUES (224, 'https://cdn.jsdelivr.net/gh/akabab/superhero-api@0.3.0/api/images/xs/224-doctor-fate.jpg', 'https://cdn.jsdelivr.net/gh/akabab/superhero-api@0.3.0/api/images/sm/224-doctor-fate.jpg', 'https://cdn.jsdelivr.net/gh/akabab/superhero-api@0.3.0/api/images/md/224-doctor-fate.jpg', 'https://cdn.jsdelivr.net/gh/akabab/superhero-api@0.3.0/api/images/lg/224-doctor-fate.jpg');
INSERT INTO superheroes (id, name, slug, alignment, publisher) VALUES (225, 'Doctor Octopus', '225-doctor-octopus', 'bad', 'Marvel Comics');
INSERT INTO superhero_powerstats (superhero_id, intelligence, strength, speed, durability, power, combat, cost) VALUES (225, 94, 48, 33, 40, 53, 65, 55);
INSERT INTO superhero_appearance (superhero_id, gender, race, height_cm, weight_kg, eye_color, hair_color) VALUES (225, 'Male', 'Human', 175, 110, 'Brown', 'Brown');
INSERT INTO superhero_biography (superhero_id, full_name, aliases, place_of_birth, first_appearance) VALUES (225, 'Otto Octavius', '["Doctor Octopus","Doc Ock","The Master Planner","The Master Programmer","Peter Benjamin Parker","Superior Spider-Man","Venom","Superior Venom"]', 'Schenectady, New York', 'Amazing Spider-Man #3 (July 1963)');
INSERT INTO superhero_images (superhero_id, xs_url, sm_url, md_url, lg_url) VALUES (225, 'https://cdn.jsdelivr.net/gh/akabab/superhero-api@0.3.0/api/images/xs/225-doctor-octopus.jpg', 'https://cdn.jsdelivr.net/gh/akabab/superhero-api@0.3.0/api/images/sm/225-doctor-octopus.jpg', 'https://cdn.jsdelivr.net/gh/akabab/superhero-api@0.3.0/api/images/md/225-doctor-octopus.jpg', 'https://cdn.jsdelivr.net/gh/akabab/superhero-api@0.3.0/api/images/lg/225-doctor-octopus.jpg');
INSERT INTO superheroes (id, name, slug, alignment, publisher) VALUES (226, 'Doctor Strange', '226-doctor-strange', 'good', 'Marvel Comics');
INSERT INTO superhero_powerstats (superhero_id, intelligence, strength, speed, durability, power, combat, cost) VALUES (226, 100, 10, 12, 84, 100, 60, 61);
INSERT INTO superhero_appearance (superhero_id, gender, race, height_cm, weight_kg, eye_color, hair_color) VALUES (226, 'Male', 'Human', 188, 81, 'Grey', 'Black');
INSERT INTO superhero_biography (superhero_id, full_name, aliases, place_of_birth, first_appearance) VALUES (226, 'Stephen Strange', '["Sorcerer Supreme","Master of the Mystic Arts","Stephen Sanders","Captain Universe","Vincent Stevens"]', 'Philadelphia, Pennsylvania', 'Strange Tales #110 (July, 1963)');
INSERT INTO superhero_images (superhero_id, xs_url, sm_url, md_url, lg_url) VALUES (226, 'https://cdn.jsdelivr.net/gh/akabab/superhero-api@0.3.0/api/images/xs/226-doctor-strange.jpg', 'https://cdn.jsdelivr.net/gh/akabab/superhero-api@0.3.0/api/images/sm/226-doctor-strange.jpg', 'https://cdn.jsdelivr.net/gh/akabab/superhero-api@0.3.0/api/images/md/226-doctor-strange.jpg', 'https://cdn.jsdelivr.net/gh/akabab/superhero-api@0.3.0/api/images/lg/226-doctor-strange.jpg');
INSERT INTO superheroes (id, name, slug, alignment, publisher) VALUES (227, 'Domino', '227-domino', 'good', 'Marvel Comics');
INSERT INTO superhero_powerstats (superhero_id, intelligence, strength, speed, durability, power, combat, cost) VALUES (227, 63, 10, 27, 28, 49, 74, 41);
INSERT INTO superhero_appearance (superhero_id, gender, race, height_cm, weight_kg, eye_color, hair_color) VALUES (227, 'Female', 'Human', 173, 54, 'Blue', 'Black');
INSERT INTO superhero_biography (superhero_id, full_name, aliases, place_of_birth, first_appearance) VALUES (227, 'Neena Thurman', '["Dom","Samantha Wu","Tamara Winter","Elena Vladescu","Jessica Marie Costello","Luisa Mendoza","Beatrice","Christina Elizabeth Alioso","Priscilla Sutherland","Hope Eldridge"]', 'Project: Armageddon base, Everglades, Florida', 'X-Force #8 (March, 1992)');
INSERT INTO superhero_images (superhero_id, xs_url, sm_url, md_url, lg_url) VALUES (227, 'https://cdn.jsdelivr.net/gh/akabab/superhero-api@0.3.0/api/images/xs/227-domino.jpg', 'https://cdn.jsdelivr.net/gh/akabab/superhero-api@0.3.0/api/images/sm/227-domino.jpg', 'https://cdn.jsdelivr.net/gh/akabab/superhero-api@0.3.0/api/images/md/227-domino.jpg', 'https://cdn.jsdelivr.net/gh/akabab/superhero-api@0.3.0/api/images/lg/227-domino.jpg');
INSERT INTO superheroes (id, name, slug, alignment, publisher) VALUES (228, 'Donatello', '228-donatello', 'good', 'IDW Publishing');
INSERT INTO superhero_powerstats (superhero_id, intelligence, strength, speed, durability, power, combat, cost) VALUES (228, 88, 14, 46, 60, 58, 75, 56);
INSERT INTO superhero_appearance (superhero_id, gender, race, height_cm, weight_kg, eye_color, hair_color) VALUES (228, 'Male', 'Mutant', 0, 0, 'Green', 'No Hair');
INSERT INTO superhero_biography (superhero_id, full_name, aliases, place_of_birth, first_appearance) VALUES (228, '', '["Don","Donnie"]', NULL, 'Teenage Mutant Ninja Turtles #1');
INSERT INTO superhero_images (superhero_id, xs_url, sm_url, md_url, lg_url) VALUES (228, 'https://cdn.jsdelivr.net/gh/akabab/superhero-api@0.3.0/api/images/xs/228-donatello.jpg', 'https://cdn.jsdelivr.net/gh/akabab/superhero-api@0.3.0/api/images/sm/228-donatello.jpg', 'https://cdn.jsdelivr.net/gh/akabab/superhero-api@0.3.0/api/images/md/228-donatello.jpg', 'https://cdn.jsdelivr.net/gh/akabab/superhero-api@0.3.0/api/images/lg/228-donatello.jpg');
INSERT INTO superheroes (id, name, slug, alignment, publisher) VALUES (230, 'Doomsday', '230-doomsday', 'bad', 'DC Comics');
INSERT INTO superhero_powerstats (superhero_id, intelligence, strength, speed, durability, power, combat, cost) VALUES (230, 75, 100, 67, 100, 100, 90, 88);
INSERT INTO superhero_appearance (superhero_id, gender, race, height_cm, weight_kg, eye_color, hair_color) VALUES (230, 'Male', 'Alien', 244, 412, 'Red', 'White');
INSERT INTO superhero_biography (superhero_id, full_name, aliases, place_of_birth, first_appearance) VALUES (230, 'Doomsday', '["The Ultimate Lifeform"]', 'Krypton', 'Superman: The Man of Steel #17 (Nov 1992)');
INSERT INTO superhero_images (superhero_id, xs_url, sm_url, md_url, lg_url) VALUES (230, 'https://cdn.jsdelivr.net/gh/akabab/superhero-api@0.3.0/api/images/xs/230-doomsday.jpg', 'https://cdn.jsdelivr.net/gh/akabab/superhero-api@0.3.0/api/images/sm/230-doomsday.jpg', 'https://cdn.jsdelivr.net/gh/akabab/superhero-api@0.3.0/api/images/md/230-doomsday.jpg', 'https://cdn.jsdelivr.net/gh/akabab/superhero-api@0.3.0/api/images/lg/230-doomsday.jpg');
INSERT INTO superheroes (id, name, slug, alignment, publisher) VALUES (231, 'Doppelganger', '231-doppelganger', 'bad', 'Marvel Comics');
INSERT INTO superhero_powerstats (superhero_id, intelligence, strength, speed, durability, power, combat, cost) VALUES (231, 8, 63, 60, 95, 69, 84, 63);
INSERT INTO superhero_appearance (superhero_id, gender, race, height_cm, weight_kg, eye_color, hair_color) VALUES (231, 'Male', NULL, 196, 104, 'White', 'No Hair');
INSERT INTO superhero_biography (superhero_id, full_name, aliases, place_of_birth, first_appearance) VALUES (231, '', '["The Spider-Man Doppelganger","Spider-Doppelganger","Mindless One"]', 'The Dimension of Manifestations', 'Infinity War #1 (1992)');
INSERT INTO superhero_images (superhero_id, xs_url, sm_url, md_url, lg_url) VALUES (231, 'https://cdn.jsdelivr.net/gh/akabab/superhero-api@0.3.0/api/images/xs/231-doppelganger.jpg', 'https://cdn.jsdelivr.net/gh/akabab/superhero-api@0.3.0/api/images/sm/231-doppelganger.jpg', 'https://cdn.jsdelivr.net/gh/akabab/superhero-api@0.3.0/api/images/md/231-doppelganger.jpg', 'https://cdn.jsdelivr.net/gh/akabab/superhero-api@0.3.0/api/images/lg/231-doppelganger.jpg');
INSERT INTO superheroes (id, name, slug, alignment, publisher) VALUES (232, 'Dormammu', '232-dormammu', 'bad', 'Marvel Comics');
INSERT INTO superhero_powerstats (superhero_id, intelligence, strength, speed, durability, power, combat, cost) VALUES (232, 88, 95, 83, 100, 100, 80, 91);
INSERT INTO superhero_appearance (superhero_id, gender, race, height_cm, weight_kg, eye_color, hair_color) VALUES (232, 'Male', NULL, 185, 0, 'Yellow', 'No Hair');
INSERT INTO superhero_biography (superhero_id, full_name, aliases, place_of_birth, first_appearance) VALUES (232, 'Dormammu', '["The Dread One","Eater of Souls","Lord of Chaos","Lord of Darkness","the Great Enigma","Flyx"]', 'Faltine Dimension', 'Strange Tales #126 (1964)');
INSERT INTO superhero_images (superhero_id, xs_url, sm_url, md_url, lg_url) VALUES (232, 'https://cdn.jsdelivr.net/gh/akabab/superhero-api@0.3.0/api/images/xs/232-dormammu.jpg', 'https://cdn.jsdelivr.net/gh/akabab/superhero-api@0.3.0/api/images/sm/232-dormammu.jpg', 'https://cdn.jsdelivr.net/gh/akabab/superhero-api@0.3.0/api/images/md/232-dormammu.jpg', 'https://cdn.jsdelivr.net/gh/akabab/superhero-api@0.3.0/api/images/lg/232-dormammu.jpg');
INSERT INTO superheroes (id, name, slug, alignment, publisher) VALUES (233, 'Dr Manhattan', '233-dr-manhattan', 'good', 'DC Comics');
INSERT INTO superhero_powerstats (superhero_id, intelligence, strength, speed, durability, power, combat, cost) VALUES (233, 88, 100, 42, 100, 100, 42, 78);
INSERT INTO superhero_appearance (superhero_id, gender, race, height_cm, weight_kg, eye_color, hair_color) VALUES (233, 'Male', 'Human / Cosmic', 0, 0, 'White', 'No Hair');
INSERT INTO superhero_biography (superhero_id, full_name, aliases, place_of_birth, first_appearance) VALUES (233, 'Jonathan Osterman', '["Jon Osterman","Doctor Manhattan"]', NULL, 'Watchmen #1 (September, 1986)');
INSERT INTO superhero_images (superhero_id, xs_url, sm_url, md_url, lg_url) VALUES (233, 'https://cdn.jsdelivr.net/gh/akabab/superhero-api@0.3.0/api/images/xs/233-dr-manhattan.jpg', 'https://cdn.jsdelivr.net/gh/akabab/superhero-api@0.3.0/api/images/sm/233-dr-manhattan.jpg', 'https://cdn.jsdelivr.net/gh/akabab/superhero-api@0.3.0/api/images/md/233-dr-manhattan.jpg', 'https://cdn.jsdelivr.net/gh/akabab/superhero-api@0.3.0/api/images/lg/233-dr-manhattan.jpg');
INSERT INTO superheroes (id, name, slug, alignment, publisher) VALUES (234, 'Drax the Destroyer', '234-drax-the-destroyer', 'good', 'Marvel Comics');
INSERT INTO superhero_powerstats (superhero_id, intelligence, strength, speed, durability, power, combat, cost) VALUES (234, 56, 80, 25, 85, 46, 65, 59);
INSERT INTO superhero_appearance (superhero_id, gender, race, height_cm, weight_kg, eye_color, hair_color) VALUES (234, 'Male', 'Human / Altered', 193, 306, 'Red', 'No Hair');
INSERT INTO superhero_biography (superhero_id, full_name, aliases, place_of_birth, first_appearance) VALUES (234, 'Arthur Sampson Douglas', '["-"]', 'Burbank, California', 'Iron Man #55 (February, 1973)');
INSERT INTO superhero_images (superhero_id, xs_url, sm_url, md_url, lg_url) VALUES (234, 'https://cdn.jsdelivr.net/gh/akabab/superhero-api@0.3.0/api/images/xs/234-drax-the-destroyer.jpg', 'https://cdn.jsdelivr.net/gh/akabab/superhero-api@0.3.0/api/images/sm/234-drax-the-destroyer.jpg', 'https://cdn.jsdelivr.net/gh/akabab/superhero-api@0.3.0/api/images/md/234-drax-the-destroyer.jpg', 'https://cdn.jsdelivr.net/gh/akabab/superhero-api@0.3.0/api/images/lg/234-drax-the-destroyer.jpg');
INSERT INTO superheroes (id, name, slug, alignment, publisher) VALUES (235, 'Ego', '235-ego', 'bad', 'Marvel Comics');
INSERT INTO superhero_powerstats (superhero_id, intelligence, strength, speed, durability, power, combat, cost) VALUES (235, 88, 80, 83, 99, 71, 28, 74);
INSERT INTO superhero_appearance (superhero_id, gender, race, height_cm, weight_kg, eye_color, hair_color) VALUES (235, NULL, NULL, 0, 0, NULL, NULL);
INSERT INTO superhero_biography (superhero_id, full_name, aliases, place_of_birth, first_appearance) VALUES (235, 'Ego', '["The Living Planet"]', 'The Black Galaxy', 'THOR #132');
INSERT INTO superhero_images (superhero_id, xs_url, sm_url, md_url, lg_url) VALUES (235, 'https://cdn.jsdelivr.net/gh/akabab/superhero-api@0.3.0/api/images/xs/235-ego.jpg', 'https://cdn.jsdelivr.net/gh/akabab/superhero-api@0.3.0/api/images/sm/235-ego.jpg', 'https://cdn.jsdelivr.net/gh/akabab/superhero-api@0.3.0/api/images/md/235-ego.jpg', 'https://cdn.jsdelivr.net/gh/akabab/superhero-api@0.3.0/api/images/lg/235-ego.jpg');
INSERT INTO superheroes (id, name, slug, alignment, publisher) VALUES (236, 'Elastigirl', '236-elastigirl', 'good', 'Dark Horse Comics');
INSERT INTO superhero_powerstats (superhero_id, intelligence, strength, speed, durability, power, combat, cost) VALUES (236, 63, 32, 33, 95, 52, 70, 57);
INSERT INTO superhero_appearance (superhero_id, gender, race, height_cm, weight_kg, eye_color, hair_color) VALUES (236, 'Female', 'Human', 168, 56, 'Brown', 'Brown');
INSERT INTO superhero_biography (superhero_id, full_name, aliases, place_of_birth, first_appearance) VALUES (236, 'Helen Parr', '["Mrs Incredible"]', NULL, 'The Incredibles (Movies, 2004)');
INSERT INTO superhero_images (superhero_id, xs_url, sm_url, md_url, lg_url) VALUES (236, 'https://cdn.jsdelivr.net/gh/akabab/superhero-api@0.3.0/api/images/xs/236-elastigirl.jpg', 'https://cdn.jsdelivr.net/gh/akabab/superhero-api@0.3.0/api/images/sm/236-elastigirl.jpg', 'https://cdn.jsdelivr.net/gh/akabab/superhero-api@0.3.0/api/images/md/236-elastigirl.jpg', 'https://cdn.jsdelivr.net/gh/akabab/superhero-api@0.3.0/api/images/lg/236-elastigirl.jpg');
INSERT INTO superheroes (id, name, slug, alignment, publisher) VALUES (237, 'Electro', '237-electro', 'bad', 'Marvel Comics');
INSERT INTO superhero_powerstats (superhero_id, intelligence, strength, speed, durability, power, combat, cost) VALUES (237, 69, 10, 50, 56, 67, 64, 52);
INSERT INTO superhero_appearance (superhero_id, gender, race, height_cm, weight_kg, eye_color, hair_color) VALUES (237, 'Male', 'Human', 180, 74, 'Blue', 'Auburn');
INSERT INTO superhero_biography (superhero_id, full_name, aliases, place_of_birth, first_appearance) VALUES (237, 'Maxwell Dillon', '["-"]', NULL, 'Amazing Spider-Man #9 (1964)');
INSERT INTO superhero_images (superhero_id, xs_url, sm_url, md_url, lg_url) VALUES (237, 'https://cdn.jsdelivr.net/gh/akabab/superhero-api@0.3.0/api/images/xs/237-electro.jpg', 'https://cdn.jsdelivr.net/gh/akabab/superhero-api@0.3.0/api/images/sm/237-electro.jpg', 'https://cdn.jsdelivr.net/gh/akabab/superhero-api@0.3.0/api/images/md/237-electro.jpg', 'https://cdn.jsdelivr.net/gh/akabab/superhero-api@0.3.0/api/images/lg/237-electro.jpg');
INSERT INTO superheroes (id, name, slug, alignment, publisher) VALUES (238, 'Elektra', '238-elektra', 'good', 'Marvel Comics');
INSERT INTO superhero_powerstats (superhero_id, intelligence, strength, speed, durability, power, combat, cost) VALUES (238, 63, 11, 30, 28, 59, 100, 48);
INSERT INTO superhero_appearance (superhero_id, gender, race, height_cm, weight_kg, eye_color, hair_color) VALUES (238, 'Female', 'Human', 175, 59, 'Blue', 'Black');
INSERT INTO superhero_biography (superhero_id, full_name, aliases, place_of_birth, first_appearance) VALUES (238, 'Elektra Natchios', '["Erynys (evil self)"]', NULL, 'Daredevil #168');
INSERT INTO superhero_images (superhero_id, xs_url, sm_url, md_url, lg_url) VALUES (238, 'https://cdn.jsdelivr.net/gh/akabab/superhero-api@0.3.0/api/images/xs/238-elektra.jpg', 'https://cdn.jsdelivr.net/gh/akabab/superhero-api@0.3.0/api/images/sm/238-elektra.jpg', 'https://cdn.jsdelivr.net/gh/akabab/superhero-api@0.3.0/api/images/md/238-elektra.jpg', 'https://cdn.jsdelivr.net/gh/akabab/superhero-api@0.3.0/api/images/lg/238-elektra.jpg');
INSERT INTO superheroes (id, name, slug, alignment, publisher) VALUES (239, 'Elle Bishop', '239-elle-bishop', 'bad', 'NBC - Heroes');
INSERT INTO superhero_powerstats (superhero_id, intelligence, strength, speed, durability, power, combat, cost) VALUES (239, 50, 8, 12, 42, 63, 42, 36);
INSERT INTO superhero_appearance (superhero_id, gender, race, height_cm, weight_kg, eye_color, hair_color) VALUES (239, 'Female', NULL, 0, 0, 'Blue', 'Blond');
INSERT INTO superhero_biography (superhero_id, full_name, aliases, place_of_birth, first_appearance) VALUES (239, '', '["Cindy"]', NULL, 'Heroes S02E05 - Fight or Flight');
INSERT INTO superhero_images (superhero_id, xs_url, sm_url, md_url, lg_url) VALUES (239, 'https://cdn.jsdelivr.net/gh/akabab/superhero-api@0.3.0/api/images/xs/239-elle-bishop.jpg', 'https://cdn.jsdelivr.net/gh/akabab/superhero-api@0.3.0/api/images/sm/239-elle-bishop.jpg', 'https://cdn.jsdelivr.net/gh/akabab/superhero-api@0.3.0/api/images/md/239-elle-bishop.jpg', 'https://cdn.jsdelivr.net/gh/akabab/superhero-api@0.3.0/api/images/lg/239-elle-bishop.jpg');
INSERT INTO superheroes (id, name, slug, alignment, publisher) VALUES (240, 'Elongated Man', '240-elongated-man', 'good', 'DC Comics');
INSERT INTO superhero_powerstats (superhero_id, intelligence, strength, speed, durability, power, combat, cost) VALUES (240, 75, 10, 33, 90, 44, 40, 48);
INSERT INTO superhero_appearance (superhero_id, gender, race, height_cm, weight_kg, eye_color, hair_color) VALUES (240, 'Male', NULL, 185, 80, 'Blue', 'Red');
INSERT INTO superhero_biography (superhero_id, full_name, aliases, place_of_birth, first_appearance) VALUES (240, 'Ralph Dibny', '["Alvin Burgson; Molder"]', NULL, 'Flash #112 (1960)');
INSERT INTO superhero_images (superhero_id, xs_url, sm_url, md_url, lg_url) VALUES (240, 'https://cdn.jsdelivr.net/gh/akabab/superhero-api@0.3.0/api/images/xs/240-elongated-man.jpg', 'https://cdn.jsdelivr.net/gh/akabab/superhero-api@0.3.0/api/images/sm/240-elongated-man.jpg', 'https://cdn.jsdelivr.net/gh/akabab/superhero-api@0.3.0/api/images/md/240-elongated-man.jpg', 'https://cdn.jsdelivr.net/gh/akabab/superhero-api@0.3.0/api/images/lg/240-elongated-man.jpg');
INSERT INTO superheroes (id, name, slug, alignment, publisher) VALUES (241, 'Emma Frost', '241-emma-frost', 'good', 'Marvel Comics');
INSERT INTO superhero_powerstats (superhero_id, intelligence, strength, speed, durability, power, combat, cost) VALUES (241, 75, 63, 35, 90, 100, 42, 67);
INSERT INTO superhero_appearance (superhero_id, gender, race, height_cm, weight_kg, eye_color, hair_color) VALUES (241, 'Female', NULL, 178, 65, 'Blue', 'Blond');
INSERT INTO superhero_biography (superhero_id, full_name, aliases, place_of_birth, first_appearance) VALUES (241, 'Emma Frost', '["Storm","White Queen"]', 'Boston, Massachusetts', 'UNCANNY X-MEN #132');
INSERT INTO superhero_images (superhero_id, xs_url, sm_url, md_url, lg_url) VALUES (241, 'https://cdn.jsdelivr.net/gh/akabab/superhero-api@0.3.0/api/images/xs/241-emma-frost.jpg', 'https://cdn.jsdelivr.net/gh/akabab/superhero-api@0.3.0/api/images/sm/241-emma-frost.jpg', 'https://cdn.jsdelivr.net/gh/akabab/superhero-api@0.3.0/api/images/md/241-emma-frost.jpg', 'https://cdn.jsdelivr.net/gh/akabab/superhero-api@0.3.0/api/images/lg/241-emma-frost.jpg');
INSERT INTO superheroes (id, name, slug, alignment, publisher) VALUES (242, 'Enchantress', '242-enchantress', 'good', 'DC Comics');
INSERT INTO superhero_powerstats (superhero_id, intelligence, strength, speed, durability, power, combat, cost) VALUES (242, 63, 14, 25, 60, 100, 40, 50);
INSERT INTO superhero_appearance (superhero_id, gender, race, height_cm, weight_kg, eye_color, hair_color) VALUES (242, 'Female', 'Human', 168, 57, 'Blue', 'Blond');
INSERT INTO superhero_biography (superhero_id, full_name, aliases, place_of_birth, first_appearance) VALUES (242, 'June Moone', '["Anita Soulfeeda","Soulsinger"]', NULL, 'Strange Adventures #187');
INSERT INTO superhero_images (superhero_id, xs_url, sm_url, md_url, lg_url) VALUES (242, 'https://cdn.jsdelivr.net/gh/akabab/superhero-api@0.3.0/api/images/xs/242-enchantress.jpg', 'https://cdn.jsdelivr.net/gh/akabab/superhero-api@0.3.0/api/images/sm/242-enchantress.jpg', 'https://cdn.jsdelivr.net/gh/akabab/superhero-api@0.3.0/api/images/md/242-enchantress.jpg', 'https://cdn.jsdelivr.net/gh/akabab/superhero-api@0.3.0/api/images/lg/242-enchantress.jpg');
INSERT INTO superheroes (id, name, slug, alignment, publisher) VALUES (245, 'Ethan Hunt', '245-ethan-hunt', 'good', NULL);
INSERT INTO superhero_powerstats (superhero_id, intelligence, strength, speed, durability, power, combat, cost) VALUES (245, 75, 11, 29, 30, 26, 95, 44);
INSERT INTO superhero_appearance (superhero_id, gender, race, height_cm, weight_kg, eye_color, hair_color) VALUES (245, 'Male', 'Human', 168, 0, 'Brown', 'Brown');
INSERT INTO superhero_biography (superhero_id, full_name, aliases, place_of_birth, first_appearance) VALUES (245, 'Ethan Hunt', '["-"]', 'Madison, Wisconsin, United States of America', NULL);
INSERT INTO superhero_images (superhero_id, xs_url, sm_url, md_url, lg_url) VALUES (245, 'https://cdn.jsdelivr.net/gh/akabab/superhero-api@0.3.0/api/images/xs/245-ethan-hunt.jpg', 'https://cdn.jsdelivr.net/gh/akabab/superhero-api@0.3.0/api/images/sm/245-ethan-hunt.jpg', 'https://cdn.jsdelivr.net/gh/akabab/superhero-api@0.3.0/api/images/md/245-ethan-hunt.jpg', 'https://cdn.jsdelivr.net/gh/akabab/superhero-api@0.3.0/api/images/lg/245-ethan-hunt.jpg');
INSERT INTO superheroes (id, name, slug, alignment, publisher) VALUES (246, 'Etrigan', '246-etrigan', 'neutral', 'DC Comics');
INSERT INTO superhero_powerstats (superhero_id, intelligence, strength, speed, durability, power, combat, cost) VALUES (246, 50, 85, 17, 100, 100, 50, 67);
INSERT INTO superhero_appearance (superhero_id, gender, race, height_cm, weight_kg, eye_color, hair_color) VALUES (246, 'Male', 'Demon', 193, 203, 'Red', 'No Hair');
INSERT INTO superhero_biography (superhero_id, full_name, aliases, place_of_birth, first_appearance) VALUES (246, 'Jason Blood', '["Demon"]', 'Hell', 'Demon #1 (September, 1972)');
INSERT INTO superhero_images (superhero_id, xs_url, sm_url, md_url, lg_url) VALUES (246, 'https://cdn.jsdelivr.net/gh/akabab/superhero-api@0.3.0/api/images/xs/246-etrigan.jpg', 'https://cdn.jsdelivr.net/gh/akabab/superhero-api@0.3.0/api/images/sm/246-etrigan.jpg', 'https://cdn.jsdelivr.net/gh/akabab/superhero-api@0.3.0/api/images/md/246-etrigan.jpg', 'https://cdn.jsdelivr.net/gh/akabab/superhero-api@0.3.0/api/images/lg/246-etrigan.jpg');
INSERT INTO superheroes (id, name, slug, alignment, publisher) VALUES (247, 'Evil Deadpool', '247-evil-deadpool', 'bad', 'Deadpool');
INSERT INTO superhero_powerstats (superhero_id, intelligence, strength, speed, durability, power, combat, cost) VALUES (247, 69, 32, 50, 100, 100, 100, 75);
INSERT INTO superhero_appearance (superhero_id, gender, race, height_cm, weight_kg, eye_color, hair_color) VALUES (247, 'Male', 'Mutant', 188, 95, 'White', 'Red');
INSERT INTO superhero_biography (superhero_id, full_name, aliases, place_of_birth, first_appearance) VALUES (247, 'Wade Wilson', '["Dreadpool"]', NULL, 'Deadpool Vol 2 #44 (December, 2011)');
INSERT INTO superhero_images (superhero_id, xs_url, sm_url, md_url, lg_url) VALUES (247, 'https://cdn.jsdelivr.net/gh/akabab/superhero-api@0.3.0/api/images/xs/247-evil-deadpool.jpg', 'https://cdn.jsdelivr.net/gh/akabab/superhero-api@0.3.0/api/images/sm/247-evil-deadpool.jpg', 'https://cdn.jsdelivr.net/gh/akabab/superhero-api@0.3.0/api/images/md/247-evil-deadpool.jpg', 'https://cdn.jsdelivr.net/gh/akabab/superhero-api@0.3.0/api/images/lg/247-evil-deadpool.jpg');
INSERT INTO superheroes (id, name, slug, alignment, publisher) VALUES (248, 'Evilhawk', '248-evilhawk', 'bad', 'Marvel Comics');
INSERT INTO superhero_powerstats (superhero_id, intelligence, strength, speed, durability, power, combat, cost) VALUES (248, 50, 32, 33, 70, 85, 64, 55);
INSERT INTO superhero_appearance (superhero_id, gender, race, height_cm, weight_kg, eye_color, hair_color) VALUES (248, 'Male', 'Alien', 191, 106, 'Red', 'Black');
INSERT INTO superhero_biography (superhero_id, full_name, aliases, place_of_birth, first_appearance) VALUES (248, 'Dargin Bokk', '["-"]', NULL, 'Darkhawk #20 (October, 1992)');
INSERT INTO superhero_images (superhero_id, xs_url, sm_url, md_url, lg_url) VALUES (248, 'https://cdn.jsdelivr.net/gh/akabab/superhero-api@0.3.0/api/images/xs/248-evilhawk.jpg', 'https://cdn.jsdelivr.net/gh/akabab/superhero-api@0.3.0/api/images/sm/248-evilhawk.jpg', 'https://cdn.jsdelivr.net/gh/akabab/superhero-api@0.3.0/api/images/md/248-evilhawk.jpg', 'https://cdn.jsdelivr.net/gh/akabab/superhero-api@0.3.0/api/images/lg/248-evilhawk.jpg');
INSERT INTO superheroes (id, name, slug, alignment, publisher) VALUES (249, 'Exodus', '249-exodus', 'bad', 'Marvel Comics');
INSERT INTO superhero_powerstats (superhero_id, intelligence, strength, speed, durability, power, combat, cost) VALUES (249, 63, 81, 28, 28, 100, 70, 61);
INSERT INTO superhero_appearance (superhero_id, gender, race, height_cm, weight_kg, eye_color, hair_color) VALUES (249, 'Male', 'Mutant', 183, 88, 'Blue', 'Black');
INSERT INTO superhero_biography (superhero_id, full_name, aliases, place_of_birth, first_appearance) VALUES (249, 'Bennet du Paris', '["Paris Bennet"]', NULL, 'X-Factor #92 (July, 1993)');
INSERT INTO superhero_images (superhero_id, xs_url, sm_url, md_url, lg_url) VALUES (249, 'https://cdn.jsdelivr.net/gh/akabab/superhero-api@0.3.0/api/images/xs/249-exodus.jpg', 'https://cdn.jsdelivr.net/gh/akabab/superhero-api@0.3.0/api/images/sm/249-exodus.jpg', 'https://cdn.jsdelivr.net/gh/akabab/superhero-api@0.3.0/api/images/md/249-exodus.jpg', 'https://cdn.jsdelivr.net/gh/akabab/superhero-api@0.3.0/api/images/lg/249-exodus.jpg');
INSERT INTO superheroes (id, name, slug, alignment, publisher) VALUES (251, 'Falcon', '251-falcon', 'good', 'Marvel Comics');
INSERT INTO superhero_powerstats (superhero_id, intelligence, strength, speed, durability, power, combat, cost) VALUES (251, 38, 13, 50, 28, 22, 64, 35);
INSERT INTO superhero_appearance (superhero_id, gender, race, height_cm, weight_kg, eye_color, hair_color) VALUES (251, 'Male', 'Human', 188, 108, 'Brown', 'Black');
INSERT INTO superhero_biography (superhero_id, full_name, aliases, place_of_birth, first_appearance) VALUES (251, 'Sam Wilson', '["Sam Wilson","(formerly) Captain America","Blackbird","Blackwing","Brother Superhero"]', 'New York, New York', 'Captain America #117 (September, 1969)');
INSERT INTO superhero_images (superhero_id, xs_url, sm_url, md_url, lg_url) VALUES (251, 'https://cdn.jsdelivr.net/gh/akabab/superhero-api@0.3.0/api/images/xs/251-falcon.jpg', 'https://cdn.jsdelivr.net/gh/akabab/superhero-api@0.3.0/api/images/sm/251-falcon.jpg', 'https://cdn.jsdelivr.net/gh/akabab/superhero-api@0.3.0/api/images/md/251-falcon.jpg', 'https://cdn.jsdelivr.net/gh/akabab/superhero-api@0.3.0/api/images/lg/251-falcon.jpg');
INSERT INTO superheroes (id, name, slug, alignment, publisher) VALUES (252, 'Fallen One II', '252-fallen-one-ii', 'bad', 'Marvel Comics');
INSERT INTO superhero_powerstats (superhero_id, intelligence, strength, speed, durability, power, combat, cost) VALUES (252, 88, 85, 83, 100, 100, 56, 85);
INSERT INTO superhero_appearance (superhero_id, gender, race, height_cm, weight_kg, eye_color, hair_color) VALUES (252, 'Male', NULL, 0, 0, 'Black', 'Blue');
INSERT INTO superhero_biography (superhero_id, full_name, aliases, place_of_birth, first_appearance) VALUES (252, '', '["-"]', NULL, NULL);
INSERT INTO superhero_images (superhero_id, xs_url, sm_url, md_url, lg_url) VALUES (252, 'https://cdn.jsdelivr.net/gh/akabab/superhero-api@0.3.0/api/images/xs/252-fallen-one-ii.jpg', 'https://cdn.jsdelivr.net/gh/akabab/superhero-api@0.3.0/api/images/sm/252-fallen-one-ii.jpg', 'https://cdn.jsdelivr.net/gh/akabab/superhero-api@0.3.0/api/images/md/252-fallen-one-ii.jpg', 'https://cdn.jsdelivr.net/gh/akabab/superhero-api@0.3.0/api/images/lg/252-fallen-one-ii.jpg');
INSERT INTO superheroes (id, name, slug, alignment, publisher) VALUES (253, 'Faora', '253-faora', 'bad', 'DC Comics');
INSERT INTO superhero_powerstats (superhero_id, intelligence, strength, speed, durability, power, combat, cost) VALUES (253, 88, 95, 75, 100, 98, 90, 91);
INSERT INTO superhero_appearance (superhero_id, gender, race, height_cm, weight_kg, eye_color, hair_color) VALUES (253, 'Female', 'Kryptonian', 0, 0, NULL, NULL);
INSERT INTO superhero_biography (superhero_id, full_name, aliases, place_of_birth, first_appearance) VALUES (253, 'Faora Hu-Ul', '["Katie"]', NULL, 'Action Comics #471 (May, 1977)');
INSERT INTO superhero_images (superhero_id, xs_url, sm_url, md_url, lg_url) VALUES (253, 'https://cdn.jsdelivr.net/gh/akabab/superhero-api@0.3.0/api/images/xs/253-faora.jpg', 'https://cdn.jsdelivr.net/gh/akabab/superhero-api@0.3.0/api/images/sm/253-faora.jpg', 'https://cdn.jsdelivr.net/gh/akabab/superhero-api@0.3.0/api/images/md/253-faora.jpg', 'https://cdn.jsdelivr.net/gh/akabab/superhero-api@0.3.0/api/images/lg/253-faora.jpg');
INSERT INTO superheroes (id, name, slug, alignment, publisher) VALUES (254, 'Feral', '254-feral', 'good', 'Marvel Comics');
INSERT INTO superhero_powerstats (superhero_id, intelligence, strength, speed, durability, power, combat, cost) VALUES (254, 38, 28, 45, 28, 27, 70, 39);
INSERT INTO superhero_appearance (superhero_id, gender, race, height_cm, weight_kg, eye_color, hair_color) VALUES (254, NULL, NULL, 175, 50, 'Yellow (without irises)', 'Orange / White');
INSERT INTO superhero_biography (superhero_id, full_name, aliases, place_of_birth, first_appearance) VALUES (254, 'Maria Callasantos', '["-"]', 'Place of birth unknown', 'NEW MUTANTS #99');
INSERT INTO superhero_images (superhero_id, xs_url, sm_url, md_url, lg_url) VALUES (254, 'https://cdn.jsdelivr.net/gh/akabab/superhero-api@0.3.0/api/images/xs/254-feral.jpg', 'https://cdn.jsdelivr.net/gh/akabab/superhero-api@0.3.0/api/images/sm/254-feral.jpg', 'https://cdn.jsdelivr.net/gh/akabab/superhero-api@0.3.0/api/images/md/254-feral.jpg', 'https://cdn.jsdelivr.net/gh/akabab/superhero-api@0.3.0/api/images/lg/254-feral.jpg');
INSERT INTO superheroes (id, name, slug, alignment, publisher) VALUES (256, 'Fin Fang Foom', '256-fin-fang-foom', 'good', 'Marvel Comics');
INSERT INTO superhero_powerstats (superhero_id, intelligence, strength, speed, durability, power, combat, cost) VALUES (256, 50, 81, 23, 100, 75, 70, 66);
INSERT INTO superhero_appearance (superhero_id, gender, race, height_cm, weight_kg, eye_color, hair_color) VALUES (256, 'Male', 'Kakarantharaian', 975, NULL, 'Red', 'No Hair');
INSERT INTO superhero_biography (superhero_id, full_name, aliases, place_of_birth, first_appearance) VALUES (256, '', '["He Whose Limbs Shatter Mountains and Whose Back Scrapes the Sun (translation)"]', NULL, NULL);
INSERT INTO superhero_images (superhero_id, xs_url, sm_url, md_url, lg_url) VALUES (256, 'https://cdn.jsdelivr.net/gh/akabab/superhero-api@0.3.0/api/images/xs/256-fin-fang-foom.jpg', 'https://cdn.jsdelivr.net/gh/akabab/superhero-api@0.3.0/api/images/sm/256-fin-fang-foom.jpg', 'https://cdn.jsdelivr.net/gh/akabab/superhero-api@0.3.0/api/images/md/256-fin-fang-foom.jpg', 'https://cdn.jsdelivr.net/gh/akabab/superhero-api@0.3.0/api/images/lg/256-fin-fang-foom.jpg');
INSERT INTO superheroes (id, name, slug, alignment, publisher) VALUES (257, 'Firebird', '257-firebird', 'good', 'Marvel Comics');
INSERT INTO superhero_powerstats (superhero_id, intelligence, strength, speed, durability, power, combat, cost) VALUES (257, 38, 8, 40, 14, 100, 42, 40);
INSERT INTO superhero_appearance (superhero_id, gender, race, height_cm, weight_kg, eye_color, hair_color) VALUES (257, 'Female', NULL, 165, 56, 'Brown', 'Black');
INSERT INTO superhero_biography (superhero_id, full_name, aliases, place_of_birth, first_appearance) VALUES (257, 'Bonita Juarez', '["Pajaro Del Fuego","La Espirita","Firemaiden"]', 'Buena Vista, New Mexico', 'INCREDIBLE HULK Vol. 2 #265');
INSERT INTO superhero_images (superhero_id, xs_url, sm_url, md_url, lg_url) VALUES (257, 'https://cdn.jsdelivr.net/gh/akabab/superhero-api@0.3.0/api/images/xs/257-firebird.jpg', 'https://cdn.jsdelivr.net/gh/akabab/superhero-api@0.3.0/api/images/sm/257-firebird.jpg', 'https://cdn.jsdelivr.net/gh/akabab/superhero-api@0.3.0/api/images/md/257-firebird.jpg', 'https://cdn.jsdelivr.net/gh/akabab/superhero-api@0.3.0/api/images/lg/257-firebird.jpg');
INSERT INTO superheroes (id, name, slug, alignment, publisher) VALUES (258, 'Firelord', '258-firelord', 'good', 'Marvel Comics');
INSERT INTO superhero_powerstats (superhero_id, intelligence, strength, speed, durability, power, combat, cost) VALUES (258, 38, 63, 75, 90, 52, 28, 57);
INSERT INTO superhero_appearance (superhero_id, gender, race, height_cm, weight_kg, eye_color, hair_color) VALUES (258, NULL, NULL, 193, 99, 'White', 'Yellow');
INSERT INTO superhero_biography (superhero_id, full_name, aliases, place_of_birth, first_appearance) VALUES (258, 'Pyreus Kril', '["Nova Centurion"]', 'Xander, planet in Tranta System, Andromeda Galaxy', 'THOR Vol. 1 #225');
INSERT INTO superhero_images (superhero_id, xs_url, sm_url, md_url, lg_url) VALUES (258, 'https://cdn.jsdelivr.net/gh/akabab/superhero-api@0.3.0/api/images/xs/258-firelord.jpg', 'https://cdn.jsdelivr.net/gh/akabab/superhero-api@0.3.0/api/images/sm/258-firelord.jpg', 'https://cdn.jsdelivr.net/gh/akabab/superhero-api@0.3.0/api/images/md/258-firelord.jpg', 'https://cdn.jsdelivr.net/gh/akabab/superhero-api@0.3.0/api/images/lg/258-firelord.jpg');
INSERT INTO superheroes (id, name, slug, alignment, publisher) VALUES (259, 'Firestar', '259-firestar', 'good', 'Marvel Comics');
INSERT INTO superhero_powerstats (superhero_id, intelligence, strength, speed, durability, power, combat, cost) VALUES (259, 50, 8, 54, 55, 71, 32, 45);
INSERT INTO superhero_appearance (superhero_id, gender, race, height_cm, weight_kg, eye_color, hair_color) VALUES (259, 'Female', 'Mutant', 173, 56, 'Green', 'Red');
INSERT INTO superhero_biography (superhero_id, full_name, aliases, place_of_birth, first_appearance) VALUES (259, 'Angelica Jones', '["Angel","Anj","Lady Comet"]', 'Place of birth unknown', 'Uncanny X-Men #193 (May, 1985)');
INSERT INTO superhero_images (superhero_id, xs_url, sm_url, md_url, lg_url) VALUES (259, 'https://cdn.jsdelivr.net/gh/akabab/superhero-api@0.3.0/api/images/xs/259-firestar.jpg', 'https://cdn.jsdelivr.net/gh/akabab/superhero-api@0.3.0/api/images/sm/259-firestar.jpg', 'https://cdn.jsdelivr.net/gh/akabab/superhero-api@0.3.0/api/images/md/259-firestar.jpg', 'https://cdn.jsdelivr.net/gh/akabab/superhero-api@0.3.0/api/images/lg/259-firestar.jpg');
INSERT INTO superheroes (id, name, slug, alignment, publisher) VALUES (260, 'Firestorm', '260-firestorm', 'good', 'DC Comics');
INSERT INTO superhero_powerstats (superhero_id, intelligence, strength, speed, durability, power, combat, cost) VALUES (260, 50, 53, 58, 56, 100, 42, 59);
INSERT INTO superhero_appearance (superhero_id, gender, race, height_cm, weight_kg, eye_color, hair_color) VALUES (260, 'Male', NULL, 0, 0, 'Brown', 'Black');
INSERT INTO superhero_biography (superhero_id, full_name, aliases, place_of_birth, first_appearance) VALUES (260, 'Jason Rusch', '["The Nuclear Man"]', NULL, 'Firestorm (Volume 3) #1');
INSERT INTO superhero_images (superhero_id, xs_url, sm_url, md_url, lg_url) VALUES (260, 'https://cdn.jsdelivr.net/gh/akabab/superhero-api@0.3.0/api/images/xs/260-firestorm.jpg', 'https://cdn.jsdelivr.net/gh/akabab/superhero-api@0.3.0/api/images/sm/260-firestorm.jpg', 'https://cdn.jsdelivr.net/gh/akabab/superhero-api@0.3.0/api/images/md/260-firestorm.jpg', 'https://cdn.jsdelivr.net/gh/akabab/superhero-api@0.3.0/api/images/lg/260-firestorm.jpg');
INSERT INTO superheroes (id, name, slug, alignment, publisher) VALUES (261, 'Firestorm', '261-firestorm', 'good', 'DC Comics');
INSERT INTO superhero_powerstats (superhero_id, intelligence, strength, speed, durability, power, combat, cost) VALUES (261, 38, 80, 58, 80, 100, 40, 66);
INSERT INTO superhero_appearance (superhero_id, gender, race, height_cm, weight_kg, eye_color, hair_color) VALUES (261, 'Male', 'Human', 188, 91, 'Blue', 'Auburn');
INSERT INTO superhero_biography (superhero_id, full_name, aliases, place_of_birth, first_appearance) VALUES (261, 'Ronald Raymond', '["Ronnie","Roy","Ronald Rockwell","Flamehead"]', NULL, 'Firestorm #1 (March, 1978)');
INSERT INTO superhero_images (superhero_id, xs_url, sm_url, md_url, lg_url) VALUES (261, 'https://cdn.jsdelivr.net/gh/akabab/superhero-api@0.3.0/api/images/xs/261-firestorm.jpg', 'https://cdn.jsdelivr.net/gh/akabab/superhero-api@0.3.0/api/images/sm/261-firestorm.jpg', 'https://cdn.jsdelivr.net/gh/akabab/superhero-api@0.3.0/api/images/md/261-firestorm.jpg', 'https://cdn.jsdelivr.net/gh/akabab/superhero-api@0.3.0/api/images/lg/261-firestorm.jpg');
INSERT INTO superheroes (id, name, slug, alignment, publisher) VALUES (263, 'Flash', '263-flash', 'good', 'DC Comics');
INSERT INTO superhero_powerstats (superhero_id, intelligence, strength, speed, durability, power, combat, cost) VALUES (263, 63, 10, 100, 50, 68, 32, 53);
INSERT INTO superhero_appearance (superhero_id, gender, race, height_cm, weight_kg, eye_color, hair_color) VALUES (263, 'Male', 'Human', 180, 81, 'Blue', 'Brown / White');
INSERT INTO superhero_biography (superhero_id, full_name, aliases, place_of_birth, first_appearance) VALUES (263, 'Jay Garrick', '["Jay Garrick","Siegfreid the Speedster"]', 'Hibbardsville, Kansas', 'Flash Comics #1 (January 1940)');
INSERT INTO superhero_images (superhero_id, xs_url, sm_url, md_url, lg_url) VALUES (263, 'https://cdn.jsdelivr.net/gh/akabab/superhero-api@0.3.0/api/images/xs/263-flash.jpg', 'https://cdn.jsdelivr.net/gh/akabab/superhero-api@0.3.0/api/images/sm/263-flash.jpg', 'https://cdn.jsdelivr.net/gh/akabab/superhero-api@0.3.0/api/images/md/263-flash.jpg', 'https://cdn.jsdelivr.net/gh/akabab/superhero-api@0.3.0/api/images/lg/263-flash.jpg');
INSERT INTO superheroes (id, name, slug, alignment, publisher) VALUES (265, 'Flash II', '265-flash-ii', 'good', 'Black Racer');
INSERT INTO superhero_powerstats (superhero_id, intelligence, strength, speed, durability, power, combat, cost) VALUES (265, 88, 48, 100, 60, 100, 60, 76);
INSERT INTO superhero_appearance (superhero_id, gender, race, height_cm, weight_kg, eye_color, hair_color) VALUES (265, 'Male', 'Black Racer', 183, 88, 'Blue', 'Blond');
INSERT INTO superhero_biography (superhero_id, full_name, aliases, place_of_birth, first_appearance) VALUES (265, 'Barry Allen', '["The Scarlet Speedster","the Fastest Man Alive","the Monarch of Motion","the Sultan of Speed"]', 'Fallville, Iowa', 'Showcase #4 (October, 1956)');
INSERT INTO superhero_images (superhero_id, xs_url, sm_url, md_url, lg_url) VALUES (265, 'https://cdn.jsdelivr.net/gh/akabab/superhero-api@0.3.0/api/images/xs/265-flash-ii.jpg', 'https://cdn.jsdelivr.net/gh/akabab/superhero-api@0.3.0/api/images/sm/265-flash-ii.jpg', 'https://cdn.jsdelivr.net/gh/akabab/superhero-api@0.3.0/api/images/md/265-flash-ii.jpg', 'https://cdn.jsdelivr.net/gh/akabab/superhero-api@0.3.0/api/images/lg/265-flash-ii.jpg');
INSERT INTO superheroes (id, name, slug, alignment, publisher) VALUES (266, 'Flash III', '266-flash-iii', 'good', 'Speed Demon');
INSERT INTO superhero_powerstats (superhero_id, intelligence, strength, speed, durability, power, combat, cost) VALUES (266, 63, 10, 100, 60, 100, 32, 60);
INSERT INTO superhero_appearance (superhero_id, gender, race, height_cm, weight_kg, eye_color, hair_color) VALUES (266, 'Male', 'Human', 183, 86, NULL, NULL);
INSERT INTO superhero_biography (superhero_id, full_name, aliases, place_of_birth, first_appearance) VALUES (266, 'Wally West', '["The Fastest Man Alive","The Scarlet Speedster; formerly","Kid Flash I"]', 'Blue Valley, Nebraska', 'Flash #110 (January, 1960)');
INSERT INTO superhero_images (superhero_id, xs_url, sm_url, md_url, lg_url) VALUES (266, 'https://cdn.jsdelivr.net/gh/akabab/superhero-api@0.3.0/api/images/xs/266-flash-iii.jpg', 'https://cdn.jsdelivr.net/gh/akabab/superhero-api@0.3.0/api/images/sm/266-flash-iii.jpg', 'https://cdn.jsdelivr.net/gh/akabab/superhero-api@0.3.0/api/images/md/266-flash-iii.jpg', 'https://cdn.jsdelivr.net/gh/akabab/superhero-api@0.3.0/api/images/lg/266-flash-iii.jpg');
INSERT INTO superheroes (id, name, slug, alignment, publisher) VALUES (267, 'Flash IV', '267-flash-iv', 'good', 'Impulse');
INSERT INTO superhero_powerstats (superhero_id, intelligence, strength, speed, durability, power, combat, cost) VALUES (267, 63, 10, 100, 32, 100, 48, 58);
INSERT INTO superhero_appearance (superhero_id, gender, race, height_cm, weight_kg, eye_color, hair_color) VALUES (267, 'Male', 'Human', 157, 52, 'Yellow', 'Auburn');
INSERT INTO superhero_biography (superhero_id, full_name, aliases, place_of_birth, first_appearance) VALUES (267, 'Bartholomew Allen II', '["Impulse","Kid Flash II"]', NULL, '(as Impulse) Flash v.2 #91 (June 1994)* (as Kid Flash) Teen Titans v.3 #4 (December 2003)');
INSERT INTO superhero_images (superhero_id, xs_url, sm_url, md_url, lg_url) VALUES (267, 'https://cdn.jsdelivr.net/gh/akabab/superhero-api@0.3.0/api/images/xs/267-flash-iv.jpg', 'https://cdn.jsdelivr.net/gh/akabab/superhero-api@0.3.0/api/images/sm/267-flash-iv.jpg', 'https://cdn.jsdelivr.net/gh/akabab/superhero-api@0.3.0/api/images/md/267-flash-iv.jpg', 'https://cdn.jsdelivr.net/gh/akabab/superhero-api@0.3.0/api/images/lg/267-flash-iv.jpg');
INSERT INTO superheroes (id, name, slug, alignment, publisher) VALUES (268, 'Forge', '268-forge', 'good', 'Marvel Comics');
INSERT INTO superhero_powerstats (superhero_id, intelligence, strength, speed, durability, power, combat, cost) VALUES (268, 63, 10, 12, 28, 25, 48, 31);
INSERT INTO superhero_appearance (superhero_id, gender, race, height_cm, weight_kg, eye_color, hair_color) VALUES (268, NULL, NULL, 183, 81, 'Brown', 'Black');
INSERT INTO superhero_biography (superhero_id, full_name, aliases, place_of_birth, first_appearance) VALUES (268, '', '["The Maker","Cheyenne"]', 'Unrevealed, presumably in the American West', 'Uncanny X-Men #184');
INSERT INTO superhero_images (superhero_id, xs_url, sm_url, md_url, lg_url) VALUES (268, 'https://cdn.jsdelivr.net/gh/akabab/superhero-api@0.3.0/api/images/xs/268-forge.jpg', 'https://cdn.jsdelivr.net/gh/akabab/superhero-api@0.3.0/api/images/sm/268-forge.jpg', 'https://cdn.jsdelivr.net/gh/akabab/superhero-api@0.3.0/api/images/md/268-forge.jpg', 'https://cdn.jsdelivr.net/gh/akabab/superhero-api@0.3.0/api/images/lg/268-forge.jpg');
INSERT INTO superheroes (id, name, slug, alignment, publisher) VALUES (269, 'Franklin Richards', '269-franklin-richards', 'good', 'Marvel Comics');
INSERT INTO superhero_powerstats (superhero_id, intelligence, strength, speed, durability, power, combat, cost) VALUES (269, 63, 80, 50, 60, 100, 50, 67);
INSERT INTO superhero_appearance (superhero_id, gender, race, height_cm, weight_kg, eye_color, hair_color) VALUES (269, 'Male', 'Mutant', 142, 45, 'Blue', 'Blond');
INSERT INTO superhero_biography (superhero_id, full_name, aliases, place_of_birth, first_appearance) VALUES (269, 'Franklin  Richards', '["Franklin Benjamin","Tattletale","Psi-Lord","Ego-Spawn","Avatar"]', 'New York, New York', 'Fantastic Four Annual #6');
INSERT INTO superhero_images (superhero_id, xs_url, sm_url, md_url, lg_url) VALUES (269, 'https://cdn.jsdelivr.net/gh/akabab/superhero-api@0.3.0/api/images/xs/269-franklin-richards.jpg', 'https://cdn.jsdelivr.net/gh/akabab/superhero-api@0.3.0/api/images/sm/269-franklin-richards.jpg', 'https://cdn.jsdelivr.net/gh/akabab/superhero-api@0.3.0/api/images/md/269-franklin-richards.jpg', 'https://cdn.jsdelivr.net/gh/akabab/superhero-api@0.3.0/api/images/lg/269-franklin-richards.jpg');
INSERT INTO superheroes (id, name, slug, alignment, publisher) VALUES (270, 'Franklin Storm', '270-franklin-storm', 'good', 'Marvel Comics');
INSERT INTO superhero_powerstats (superhero_id, intelligence, strength, speed, durability, power, combat, cost) VALUES (270, 38, 10, 1, 1, 0, 10, 10);
INSERT INTO superhero_appearance (superhero_id, gender, race, height_cm, weight_kg, eye_color, hair_color) VALUES (270, NULL, NULL, 188, 92, 'Blue', 'Grey');
INSERT INTO superhero_biography (superhero_id, full_name, aliases, place_of_birth, first_appearance) VALUES (270, 'Dr. Franklin Storm', '["Franklin Storm was erroneously believed to be the first Invincible Man"]', 'Place of birth unknown', 'FANTASTIC FOUR #31');
INSERT INTO superhero_images (superhero_id, xs_url, sm_url, md_url, lg_url) VALUES (270, 'https://cdn.jsdelivr.net/gh/akabab/superhero-api@0.3.0/api/images/xs/270-franklin-storm.jpg', 'https://cdn.jsdelivr.net/gh/akabab/superhero-api@0.3.0/api/images/sm/270-franklin-storm.jpg', 'https://cdn.jsdelivr.net/gh/akabab/superhero-api@0.3.0/api/images/md/270-franklin-storm.jpg', 'https://cdn.jsdelivr.net/gh/akabab/superhero-api@0.3.0/api/images/lg/270-franklin-storm.jpg');
INSERT INTO superheroes (id, name, slug, alignment, publisher) VALUES (271, 'Frenzy', '271-frenzy', 'bad', 'Marvel Comics');
INSERT INTO superhero_powerstats (superhero_id, intelligence, strength, speed, durability, power, combat, cost) VALUES (271, 63, 53, 35, 100, 38, 52, 56);
INSERT INTO superhero_appearance (superhero_id, gender, race, height_cm, weight_kg, eye_color, hair_color) VALUES (271, 'Female', NULL, 211, 104, 'Brown', 'Black');
INSERT INTO superhero_biography (superhero_id, full_name, aliases, place_of_birth, first_appearance) VALUES (271, 'Joanna Cargill', '["-"]', NULL, 'X-Factor Vol 1 #4');
INSERT INTO superhero_images (superhero_id, xs_url, sm_url, md_url, lg_url) VALUES (271, 'https://cdn.jsdelivr.net/gh/akabab/superhero-api@0.3.0/api/images/xs/271-frenzy.jpg', 'https://cdn.jsdelivr.net/gh/akabab/superhero-api@0.3.0/api/images/sm/271-frenzy.jpg', 'https://cdn.jsdelivr.net/gh/akabab/superhero-api@0.3.0/api/images/md/271-frenzy.jpg', 'https://cdn.jsdelivr.net/gh/akabab/superhero-api@0.3.0/api/images/lg/271-frenzy.jpg');
INSERT INTO superheroes (id, name, slug, alignment, publisher) VALUES (273, 'Galactus', '273-galactus', 'neutral', 'Marvel Comics');
INSERT INTO superhero_powerstats (superhero_id, intelligence, strength, speed, durability, power, combat, cost) VALUES (273, 100, 100, 83, 100, 100, 50, 88);
INSERT INTO superhero_appearance (superhero_id, gender, race, height_cm, weight_kg, eye_color, hair_color) VALUES (273, 'Male', 'Cosmic Entity', 876, NULL, 'Black', 'Black');
INSERT INTO superhero_biography (superhero_id, full_name, aliases, place_of_birth, first_appearance) VALUES (273, 'Galan', '["Maker","Devourer of Worlds","Eater-of-Worlds","Ravager of Worlds"]', '(Galan) Taa; (Galactus) the Cosmic Egg', 'Fantastic Four #48 (March 1966)');
INSERT INTO superhero_images (superhero_id, xs_url, sm_url, md_url, lg_url) VALUES (273, 'https://cdn.jsdelivr.net/gh/akabab/superhero-api@0.3.0/api/images/xs/273-galactus.jpg', 'https://cdn.jsdelivr.net/gh/akabab/superhero-api@0.3.0/api/images/sm/273-galactus.jpg', 'https://cdn.jsdelivr.net/gh/akabab/superhero-api@0.3.0/api/images/md/273-galactus.jpg', 'https://cdn.jsdelivr.net/gh/akabab/superhero-api@0.3.0/api/images/lg/273-galactus.jpg');
INSERT INTO superheroes (id, name, slug, alignment, publisher) VALUES (274, 'Gambit', '274-gambit', 'good', 'Marvel Comics');
INSERT INTO superhero_powerstats (superhero_id, intelligence, strength, speed, durability, power, combat, cost) VALUES (274, 63, 10, 23, 28, 55, 84, 43);
INSERT INTO superhero_appearance (superhero_id, gender, race, height_cm, weight_kg, eye_color, hair_color) VALUES (274, 'Male', 'Mutant', 185, 81, 'Red', 'Brown');
INSERT INTO superhero_biography (superhero_id, full_name, aliases, place_of_birth, first_appearance) VALUES (274, 'Remy Etienne LeBeau', '["Death","Le Diable Blanc","formerly Robert Lord","Cajun"]', 'New Orleans, Louisiana', '(as Gambit) Uncanny X-Men #266 (1990), (as Death) X-Men #184 (2006)');
INSERT INTO superhero_images (superhero_id, xs_url, sm_url, md_url, lg_url) VALUES (274, 'https://cdn.jsdelivr.net/gh/akabab/superhero-api@0.3.0/api/images/xs/274-gambit.jpg', 'https://cdn.jsdelivr.net/gh/akabab/superhero-api@0.3.0/api/images/sm/274-gambit.jpg', 'https://cdn.jsdelivr.net/gh/akabab/superhero-api@0.3.0/api/images/md/274-gambit.jpg', 'https://cdn.jsdelivr.net/gh/akabab/superhero-api@0.3.0/api/images/lg/274-gambit.jpg');
INSERT INTO superheroes (id, name, slug, alignment, publisher) VALUES (275, 'Gamora', '275-gamora', 'good', 'Marvel Comics');
INSERT INTO superhero_powerstats (superhero_id, intelligence, strength, speed, durability, power, combat, cost) VALUES (275, 75, 85, 42, 85, 53, 100, 73);
INSERT INTO superhero_appearance (superhero_id, gender, race, height_cm, weight_kg, eye_color, hair_color) VALUES (275, 'Female', 'Zen-Whoberian', 183, 77, 'Yellow', 'Black');
INSERT INTO superhero_biography (superhero_id, full_name, aliases, place_of_birth, first_appearance) VALUES (275, 'Gamora Zen Whoberi Ben Titan', '["The Deadliest Woman In The Universe","The Most Dangerous Woman in the Galaxy"]', 'Planet Zen Whoberi, Silican System, Milky Way', 'Strange Tales #180 (June, 1975)');
INSERT INTO superhero_images (superhero_id, xs_url, sm_url, md_url, lg_url) VALUES (275, 'https://cdn.jsdelivr.net/gh/akabab/superhero-api@0.3.0/api/images/xs/275-gamora.jpg', 'https://cdn.jsdelivr.net/gh/akabab/superhero-api@0.3.0/api/images/sm/275-gamora.jpg', 'https://cdn.jsdelivr.net/gh/akabab/superhero-api@0.3.0/api/images/md/275-gamora.jpg', 'https://cdn.jsdelivr.net/gh/akabab/superhero-api@0.3.0/api/images/lg/275-gamora.jpg');
INSERT INTO superheroes (id, name, slug, alignment, publisher) VALUES (277, 'Gary Bell', '277-gary-bell', 'good', 'SyFy');
INSERT INTO superhero_powerstats (superhero_id, intelligence, strength, speed, durability, power, combat, cost) VALUES (277, 63, 5, 8, 10, 54, 10, 25);
INSERT INTO superhero_appearance (superhero_id, gender, race, height_cm, weight_kg, eye_color, hair_color) VALUES (277, 'Male', 'Alpha', 0, 0, NULL, NULL);
INSERT INTO superhero_biography (superhero_id, full_name, aliases, place_of_birth, first_appearance) VALUES (277, 'Gary Bell', '["-"]', NULL, NULL);
INSERT INTO superhero_images (superhero_id, xs_url, sm_url, md_url, lg_url) VALUES (277, 'https://cdn.jsdelivr.net/gh/akabab/superhero-api@0.3.0/api/images/xs/277-gary-bell.jpg', 'https://cdn.jsdelivr.net/gh/akabab/superhero-api@0.3.0/api/images/sm/277-gary-bell.jpg', 'https://cdn.jsdelivr.net/gh/akabab/superhero-api@0.3.0/api/images/md/277-gary-bell.jpg', 'https://cdn.jsdelivr.net/gh/akabab/superhero-api@0.3.0/api/images/lg/277-gary-bell.jpg');
INSERT INTO superheroes (id, name, slug, alignment, publisher) VALUES (278, 'General Zod', '278-general-zod', 'bad', 'DC Comics');
INSERT INTO superhero_powerstats (superhero_id, intelligence, strength, speed, durability, power, combat, cost) VALUES (278, 94, 100, 96, 100, 100, 95, 97);
INSERT INTO superhero_appearance (superhero_id, gender, race, height_cm, weight_kg, eye_color, hair_color) VALUES (278, 'Male', 'Kryptonian', 0, 0, 'Black', 'Black');
INSERT INTO superhero_biography (superhero_id, full_name, aliases, place_of_birth, first_appearance) VALUES (278, 'Dru-Zod', '["Dru-Zod (possible first name)"]', 'Krypton', 'Action Comics #845');
INSERT INTO superhero_images (superhero_id, xs_url, sm_url, md_url, lg_url) VALUES (278, 'https://cdn.jsdelivr.net/gh/akabab/superhero-api@0.3.0/api/images/xs/278-general-zod.jpg', 'https://cdn.jsdelivr.net/gh/akabab/superhero-api@0.3.0/api/images/sm/278-general-zod.jpg', 'https://cdn.jsdelivr.net/gh/akabab/superhero-api@0.3.0/api/images/md/278-general-zod.jpg', 'https://cdn.jsdelivr.net/gh/akabab/superhero-api@0.3.0/api/images/lg/278-general-zod.jpg');
INSERT INTO superheroes (id, name, slug, alignment, publisher) VALUES (280, 'Ghost Rider', '280-ghost-rider', 'good', 'Marvel Comics');
INSERT INTO superhero_powerstats (superhero_id, intelligence, strength, speed, durability, power, combat, cost) VALUES (280, 50, 55, 25, 100, 100, 60, 65);
INSERT INTO superhero_appearance (superhero_id, gender, race, height_cm, weight_kg, eye_color, hair_color) VALUES (280, 'Male', 'Demon', 188, 99, 'Red', 'No Hair');
INSERT INTO superhero_biography (superhero_id, full_name, aliases, place_of_birth, first_appearance) VALUES (280, 'Johnny Blaze', '["-"]', 'Waukegan, Illinois', 'Marvel Spotlight #5 (August, 1972)');
INSERT INTO superhero_images (superhero_id, xs_url, sm_url, md_url, lg_url) VALUES (280, 'https://cdn.jsdelivr.net/gh/akabab/superhero-api@0.3.0/api/images/xs/280-ghost-rider.jpg', 'https://cdn.jsdelivr.net/gh/akabab/superhero-api@0.3.0/api/images/sm/280-ghost-rider.jpg', 'https://cdn.jsdelivr.net/gh/akabab/superhero-api@0.3.0/api/images/md/280-ghost-rider.jpg', 'https://cdn.jsdelivr.net/gh/akabab/superhero-api@0.3.0/api/images/lg/280-ghost-rider.jpg');
INSERT INTO superheroes (id, name, slug, alignment, publisher) VALUES (284, 'Giganta', '284-giganta', 'bad', 'DC Comics');
INSERT INTO superhero_powerstats (superhero_id, intelligence, strength, speed, durability, power, combat, cost) VALUES (284, 81, 89, 23, 85, 32, 42, 58);
INSERT INTO superhero_appearance (superhero_id, gender, race, height_cm, weight_kg, eye_color, hair_color) VALUES (284, 'Female', NULL, NULL, 630, 'Green', 'Red');
INSERT INTO superhero_biography (superhero_id, full_name, aliases, place_of_birth, first_appearance) VALUES (284, 'Doris Zuel', '["-"]', NULL, 'Wonder Woman (Volume 1) #9 (1944)');
INSERT INTO superhero_images (superhero_id, xs_url, sm_url, md_url, lg_url) VALUES (284, 'https://cdn.jsdelivr.net/gh/akabab/superhero-api@0.3.0/api/images/xs/284-giganta.jpg', 'https://cdn.jsdelivr.net/gh/akabab/superhero-api@0.3.0/api/images/sm/284-giganta.jpg', 'https://cdn.jsdelivr.net/gh/akabab/superhero-api@0.3.0/api/images/md/284-giganta.jpg', 'https://cdn.jsdelivr.net/gh/akabab/superhero-api@0.3.0/api/images/lg/284-giganta.jpg');
INSERT INTO superheroes (id, name, slug, alignment, publisher) VALUES (285, 'Gladiator', '285-gladiator', 'neutral', 'Marvel Comics');
INSERT INTO superhero_powerstats (superhero_id, intelligence, strength, speed, durability, power, combat, cost) VALUES (285, 50, 100, 100, 100, 77, 70, 82);
INSERT INTO superhero_appearance (superhero_id, gender, race, height_cm, weight_kg, eye_color, hair_color) VALUES (285, 'Male', 'Strontian', 198, 268, 'Blue', 'Blue');
INSERT INTO superhero_biography (superhero_id, full_name, aliases, place_of_birth, first_appearance) VALUES (285, 'Kallark', '["Majestor","Praetor","Captain Universe"]', NULL, 'X-Men Vol 1 #107 October, 1977');
INSERT INTO superhero_images (superhero_id, xs_url, sm_url, md_url, lg_url) VALUES (285, 'https://cdn.jsdelivr.net/gh/akabab/superhero-api@0.3.0/api/images/xs/285-gladiator.jpg', 'https://cdn.jsdelivr.net/gh/akabab/superhero-api@0.3.0/api/images/sm/285-gladiator.jpg', 'https://cdn.jsdelivr.net/gh/akabab/superhero-api@0.3.0/api/images/md/285-gladiator.jpg', 'https://cdn.jsdelivr.net/gh/akabab/superhero-api@0.3.0/api/images/lg/285-gladiator.jpg');
INSERT INTO superheroes (id, name, slug, alignment, publisher) VALUES (286, 'Goblin Queen', '286-goblin-queen', 'bad', 'Marvel Comics');
INSERT INTO superhero_powerstats (superhero_id, intelligence, strength, speed, durability, power, combat, cost) VALUES (286, 75, 10, 23, 28, 65, 56, 42);
INSERT INTO superhero_appearance (superhero_id, gender, race, height_cm, weight_kg, eye_color, hair_color) VALUES (286, 'Female', NULL, 168, 50, 'Green', 'Red');
INSERT INTO superhero_biography (superhero_id, full_name, aliases, place_of_birth, first_appearance) VALUES (286, 'Madelyne Jennifer Pryor', '["Anodyne","Maddie","Lyne","Red","Madelyne Pryor-Summers"]', 'Created in Sinister''s Labs, Nebraska', 'Uncanny X-Men #168');
INSERT INTO superhero_images (superhero_id, xs_url, sm_url, md_url, lg_url) VALUES (286, 'https://cdn.jsdelivr.net/gh/akabab/superhero-api@0.3.0/api/images/xs/286-goblin-queen.jpg', 'https://cdn.jsdelivr.net/gh/akabab/superhero-api@0.3.0/api/images/sm/286-goblin-queen.jpg', 'https://cdn.jsdelivr.net/gh/akabab/superhero-api@0.3.0/api/images/md/286-goblin-queen.jpg', 'https://cdn.jsdelivr.net/gh/akabab/superhero-api@0.3.0/api/images/lg/286-goblin-queen.jpg');
INSERT INTO superheroes (id, name, slug, alignment, publisher) VALUES (287, 'Godzilla', '287-godzilla', 'bad', '');
INSERT INTO superhero_powerstats (superhero_id, intelligence, strength, speed, durability, power, combat, cost) VALUES (287, 44, 100, 54, 100, 100, 20, 69);
INSERT INTO superhero_appearance (superhero_id, gender, race, height_cm, weight_kg, eye_color, hair_color) VALUES (287, NULL, 'Kaiju', NULL, NULL, NULL, NULL);
INSERT INTO superhero_biography (superhero_id, full_name, aliases, place_of_birth, first_appearance) VALUES (287, 'Gojira', '["Legendary Godzilla","King of the Monsters","Gigantis","Monster Zero-One","God of Destruction","Alpha Predator"]', NULL, 'Godzilla (1954)');
INSERT INTO superhero_images (superhero_id, xs_url, sm_url, md_url, lg_url) VALUES (287, 'https://cdn.jsdelivr.net/gh/akabab/superhero-api@0.3.0/api/images/xs/287-godzilla.jpg', 'https://cdn.jsdelivr.net/gh/akabab/superhero-api@0.3.0/api/images/sm/287-godzilla.jpg', 'https://cdn.jsdelivr.net/gh/akabab/superhero-api@0.3.0/api/images/md/287-godzilla.jpg', 'https://cdn.jsdelivr.net/gh/akabab/superhero-api@0.3.0/api/images/lg/287-godzilla.jpg');
INSERT INTO superheroes (id, name, slug, alignment, publisher) VALUES (288, 'Gog', '288-gog', 'bad', 'DC Comics');
INSERT INTO superhero_powerstats (superhero_id, intelligence, strength, speed, durability, power, combat, cost) VALUES (288, 50, 34, 47, 72, 39, 56, 49);
INSERT INTO superhero_appearance (superhero_id, gender, race, height_cm, weight_kg, eye_color, hair_color) VALUES (288, 'Male', NULL, 0, 0, NULL, NULL);
INSERT INTO superhero_biography (superhero_id, full_name, aliases, place_of_birth, first_appearance) VALUES (288, '', '["Nephut-Sha","Hassan Kareem"]', NULL, 'Incredible Hulk #257 (1981)');
INSERT INTO superhero_images (superhero_id, xs_url, sm_url, md_url, lg_url) VALUES (288, 'https://cdn.jsdelivr.net/gh/akabab/superhero-api@0.3.0/api/images/xs/no-portrait.jpg', 'https://cdn.jsdelivr.net/gh/akabab/superhero-api@0.3.0/api/images/sm/no-portrait.jpg', 'https://cdn.jsdelivr.net/gh/akabab/superhero-api@0.3.0/api/images/md/no-portrait.jpg', 'https://cdn.jsdelivr.net/gh/akabab/superhero-api@0.3.0/api/images/lg/no-portrait.jpg');
INSERT INTO superheroes (id, name, slug, alignment, publisher) VALUES (289, 'Goku', '289-goku', 'good', 'Shueisha');
INSERT INTO superhero_powerstats (superhero_id, intelligence, strength, speed, durability, power, combat, cost) VALUES (289, 56, 100, 75, 90, 100, 100, 86);
INSERT INTO superhero_appearance (superhero_id, gender, race, height_cm, weight_kg, eye_color, hair_color) VALUES (289, 'Male', 'Saiyan', 175, 62, NULL, NULL);
INSERT INTO superhero_biography (superhero_id, full_name, aliases, place_of_birth, first_appearance) VALUES (289, 'Kakarot', '["Ultimate Defender","Sayain Monkey","Super Sayain","Z-Fighter","Son-Goku","Lower-Class Sayain","Goku Son"]', NULL, 'Dragon Ball #1');
INSERT INTO superhero_images (superhero_id, xs_url, sm_url, md_url, lg_url) VALUES (289, 'https://cdn.jsdelivr.net/gh/akabab/superhero-api@0.3.0/api/images/xs/289-goku.jpg', 'https://cdn.jsdelivr.net/gh/akabab/superhero-api@0.3.0/api/images/sm/289-goku.jpg', 'https://cdn.jsdelivr.net/gh/akabab/superhero-api@0.3.0/api/images/md/289-goku.jpg', 'https://cdn.jsdelivr.net/gh/akabab/superhero-api@0.3.0/api/images/lg/289-goku.jpg');
INSERT INTO superheroes (id, name, slug, alignment, publisher) VALUES (294, 'Gorilla Grodd', '294-gorilla-grodd', 'bad', 'DC Comics');
INSERT INTO superhero_powerstats (superhero_id, intelligence, strength, speed, durability, power, combat, cost) VALUES (294, 81, 53, 33, 70, 100, 65, 67);
INSERT INTO superhero_appearance (superhero_id, gender, race, height_cm, weight_kg, eye_color, hair_color) VALUES (294, 'Male', 'Gorilla', 198, 270, 'Yellow', 'Black');
INSERT INTO superhero_biography (superhero_id, full_name, aliases, place_of_birth, first_appearance) VALUES (294, 'Grodd', '["William Dawson","King Grodd","Gorilla Grodd","Grodd-Son"]', NULL, 'Flash #106 (May, 1959)');
INSERT INTO superhero_images (superhero_id, xs_url, sm_url, md_url, lg_url) VALUES (294, 'https://cdn.jsdelivr.net/gh/akabab/superhero-api@0.3.0/api/images/xs/294-gorilla-grodd.jpg', 'https://cdn.jsdelivr.net/gh/akabab/superhero-api@0.3.0/api/images/sm/294-gorilla-grodd.jpg', 'https://cdn.jsdelivr.net/gh/akabab/superhero-api@0.3.0/api/images/md/294-gorilla-grodd.jpg', 'https://cdn.jsdelivr.net/gh/akabab/superhero-api@0.3.0/api/images/lg/294-gorilla-grodd.jpg');
INSERT INTO superheroes (id, name, slug, alignment, publisher) VALUES (296, 'Gravity', '296-gravity', 'good', 'Marvel Comics');
INSERT INTO superhero_powerstats (superhero_id, intelligence, strength, speed, durability, power, combat, cost) VALUES (296, 50, 32, 33, 40, 69, 30, 42);
INSERT INTO superhero_appearance (superhero_id, gender, race, height_cm, weight_kg, eye_color, hair_color) VALUES (296, 'Male', 'Human', 178, 79, 'Blue', 'Brown');
INSERT INTO superhero_biography (superhero_id, full_name, aliases, place_of_birth, first_appearance) VALUES (296, 'Greg Willis', '["Protector of the Universe"]', 'Sheboygan, Wisconsin', 'Gravity #1 (August, 2005)');
INSERT INTO superhero_images (superhero_id, xs_url, sm_url, md_url, lg_url) VALUES (296, 'https://cdn.jsdelivr.net/gh/akabab/superhero-api@0.3.0/api/images/xs/296-gravity.jpg', 'https://cdn.jsdelivr.net/gh/akabab/superhero-api@0.3.0/api/images/sm/296-gravity.jpg', 'https://cdn.jsdelivr.net/gh/akabab/superhero-api@0.3.0/api/images/md/296-gravity.jpg', 'https://cdn.jsdelivr.net/gh/akabab/superhero-api@0.3.0/api/images/lg/296-gravity.jpg');
INSERT INTO superheroes (id, name, slug, alignment, publisher) VALUES (297, 'Greedo', '297-greedo', 'bad', 'George Lucas');
INSERT INTO superhero_powerstats (superhero_id, intelligence, strength, speed, durability, power, combat, cost) VALUES (297, 38, 10, 13, 15, 31, 40, 24);
INSERT INTO superhero_appearance (superhero_id, gender, race, height_cm, weight_kg, eye_color, hair_color) VALUES (297, 'Male', 'Rodian', 170, 0, 'Purple', NULL);
INSERT INTO superhero_biography (superhero_id, full_name, aliases, place_of_birth, first_appearance) VALUES (297, 'Greedo', '["-"]', 'Rodia', NULL);
INSERT INTO superhero_images (superhero_id, xs_url, sm_url, md_url, lg_url) VALUES (297, 'https://cdn.jsdelivr.net/gh/akabab/superhero-api@0.3.0/api/images/xs/297-greedo.jpg', 'https://cdn.jsdelivr.net/gh/akabab/superhero-api@0.3.0/api/images/sm/297-greedo.jpg', 'https://cdn.jsdelivr.net/gh/akabab/superhero-api@0.3.0/api/images/md/297-greedo.jpg', 'https://cdn.jsdelivr.net/gh/akabab/superhero-api@0.3.0/api/images/lg/297-greedo.jpg');
INSERT INTO superheroes (id, name, slug, alignment, publisher) VALUES (298, 'Green Arrow', '298-green-arrow', 'good', 'DC Comics');
INSERT INTO superhero_powerstats (superhero_id, intelligence, strength, speed, durability, power, combat, cost) VALUES (298, 81, 12, 35, 28, 39, 90, 47);
INSERT INTO superhero_appearance (superhero_id, gender, race, height_cm, weight_kg, eye_color, hair_color) VALUES (298, 'Male', 'Human', 188, 88, 'Green', 'Blond');
INSERT INTO superhero_biography (superhero_id, full_name, aliases, place_of_birth, first_appearance) VALUES (298, 'Oliver Queen', '["The Emerald Archer","Battling Bowman"]', NULL, 'More Fun Comics #73 (November 1941)');
INSERT INTO superhero_images (superhero_id, xs_url, sm_url, md_url, lg_url) VALUES (298, 'https://cdn.jsdelivr.net/gh/akabab/superhero-api@0.3.0/api/images/xs/298-green-arrow.jpg', 'https://cdn.jsdelivr.net/gh/akabab/superhero-api@0.3.0/api/images/sm/298-green-arrow.jpg', 'https://cdn.jsdelivr.net/gh/akabab/superhero-api@0.3.0/api/images/md/298-green-arrow.jpg', 'https://cdn.jsdelivr.net/gh/akabab/superhero-api@0.3.0/api/images/lg/298-green-arrow.jpg');
INSERT INTO superheroes (id, name, slug, alignment, publisher) VALUES (299, 'Green Goblin', '299-green-goblin', 'bad', 'Marvel Comics');
INSERT INTO superhero_powerstats (superhero_id, intelligence, strength, speed, durability, power, combat, cost) VALUES (299, 100, 48, 38, 60, 48, 50, 57);
INSERT INTO superhero_appearance (superhero_id, gender, race, height_cm, weight_kg, eye_color, hair_color) VALUES (299, 'Male', 'Human', 180, 83, 'Blue', 'Auburn');
INSERT INTO superhero_biography (superhero_id, full_name, aliases, place_of_birth, first_appearance) VALUES (299, 'Norman Osborn', '["Normie","Green Goblin","Goblin Lord","Overlord","the Goblin","\"Gobby\"","Scrier","Commander Osborn","Director Osborn","Iron Patriot"]', 'Hartford, Connecticut', 'Amazing Spider-Man #14 (July, 1964)');
INSERT INTO superhero_images (superhero_id, xs_url, sm_url, md_url, lg_url) VALUES (299, 'https://cdn.jsdelivr.net/gh/akabab/superhero-api@0.3.0/api/images/xs/299-green-goblin.jpg', 'https://cdn.jsdelivr.net/gh/akabab/superhero-api@0.3.0/api/images/sm/299-green-goblin.jpg', 'https://cdn.jsdelivr.net/gh/akabab/superhero-api@0.3.0/api/images/md/299-green-goblin.jpg', 'https://cdn.jsdelivr.net/gh/akabab/superhero-api@0.3.0/api/images/lg/299-green-goblin.jpg');
INSERT INTO superheroes (id, name, slug, alignment, publisher) VALUES (300, 'Green Goblin II', '300-green-goblin-ii', 'bad', 'Marvel Comics');
INSERT INTO superhero_powerstats (superhero_id, intelligence, strength, speed, durability, power, combat, cost) VALUES (300, 75, 55, 37, 50, 44, 26, 47);
INSERT INTO superhero_appearance (superhero_id, gender, race, height_cm, weight_kg, eye_color, hair_color) VALUES (300, 'Male', NULL, 178, 77, 'Blue', 'Auburn');
INSERT INTO superhero_biography (superhero_id, full_name, aliases, place_of_birth, first_appearance) VALUES (300, 'Harold Osborn', '["-"]', 'New York City', 'Amzing Spide-Man #31');
INSERT INTO superhero_images (superhero_id, xs_url, sm_url, md_url, lg_url) VALUES (300, 'https://cdn.jsdelivr.net/gh/akabab/superhero-api@0.3.0/api/images/xs/300-green-goblin-ii.jpg', 'https://cdn.jsdelivr.net/gh/akabab/superhero-api@0.3.0/api/images/sm/300-green-goblin-ii.jpg', 'https://cdn.jsdelivr.net/gh/akabab/superhero-api@0.3.0/api/images/md/300-green-goblin-ii.jpg', 'https://cdn.jsdelivr.net/gh/akabab/superhero-api@0.3.0/api/images/lg/300-green-goblin-ii.jpg');
INSERT INTO superheroes (id, name, slug, alignment, publisher) VALUES (303, 'Groot', '303-groot', 'good', 'Marvel Comics');
INSERT INTO superhero_powerstats (superhero_id, intelligence, strength, speed, durability, power, combat, cost) VALUES (303, 75, 85, 33, 70, 100, 64, 71);
INSERT INTO superhero_appearance (superhero_id, gender, race, height_cm, weight_kg, eye_color, hair_color) VALUES (303, 'Male', 'Flora Colossus', 701, NULL, 'Yellow', NULL);
INSERT INTO superhero_biography (superhero_id, full_name, aliases, place_of_birth, first_appearance) VALUES (303, 'Groot', '["The Monster from Planet X; His Divine Majesty King Groot the 23rd","Monarch of Planet X","custodian of the branch worlds","ruler of all the shades","Flora colossus Information-silk"]', NULL, 'Tales to Astonish #13 (November, 1960)');
INSERT INTO superhero_images (superhero_id, xs_url, sm_url, md_url, lg_url) VALUES (303, 'https://cdn.jsdelivr.net/gh/akabab/superhero-api@0.3.0/api/images/xs/303-groot.jpg', 'https://cdn.jsdelivr.net/gh/akabab/superhero-api@0.3.0/api/images/sm/303-groot.jpg', 'https://cdn.jsdelivr.net/gh/akabab/superhero-api@0.3.0/api/images/md/303-groot.jpg', 'https://cdn.jsdelivr.net/gh/akabab/superhero-api@0.3.0/api/images/lg/303-groot.jpg');
INSERT INTO superheroes (id, name, slug, alignment, publisher) VALUES (305, 'Guy Gardner', '305-guy-gardner', 'good', 'DC Comics');
INSERT INTO superhero_powerstats (superhero_id, intelligence, strength, speed, durability, power, combat, cost) VALUES (305, 38, 90, 53, 64, 100, 64, 68);
INSERT INTO superhero_appearance (superhero_id, gender, race, height_cm, weight_kg, eye_color, hair_color) VALUES (305, 'Male', 'Human-Vuldarian', 188, 95, 'Blue', 'Red');
INSERT INTO superhero_biography (superhero_id, full_name, aliases, place_of_birth, first_appearance) VALUES (305, 'Guy Gardner', '["Green Lantern","Red Lantern","Warrior"]', 'Baltimore, Maryland', 'Green Lantern Vol 2 #59');
INSERT INTO superhero_images (superhero_id, xs_url, sm_url, md_url, lg_url) VALUES (305, 'https://cdn.jsdelivr.net/gh/akabab/superhero-api@0.3.0/api/images/xs/305-guy-gardner.jpg', 'https://cdn.jsdelivr.net/gh/akabab/superhero-api@0.3.0/api/images/sm/305-guy-gardner.jpg', 'https://cdn.jsdelivr.net/gh/akabab/superhero-api@0.3.0/api/images/md/305-guy-gardner.jpg', 'https://cdn.jsdelivr.net/gh/akabab/superhero-api@0.3.0/api/images/lg/305-guy-gardner.jpg');
INSERT INTO superheroes (id, name, slug, alignment, publisher) VALUES (306, 'Hal Jordan', '306-hal-jordan', 'good', 'DC Comics');
INSERT INTO superhero_powerstats (superhero_id, intelligence, strength, speed, durability, power, combat, cost) VALUES (306, 69, 90, 75, 80, 100, 70, 80);
INSERT INTO superhero_appearance (superhero_id, gender, race, height_cm, weight_kg, eye_color, hair_color) VALUES (306, 'Male', 'Human', 188, 90, 'Brown', 'Brown');
INSERT INTO superhero_biography (superhero_id, full_name, aliases, place_of_birth, first_appearance) VALUES (306, 'Hal Jordan', '["Parallax","Spectre","Green Lantern"]', 'Coast City, California', 'Showcase #22');
INSERT INTO superhero_images (superhero_id, xs_url, sm_url, md_url, lg_url) VALUES (306, 'https://cdn.jsdelivr.net/gh/akabab/superhero-api@0.3.0/api/images/xs/306-hal-jordan.jpg', 'https://cdn.jsdelivr.net/gh/akabab/superhero-api@0.3.0/api/images/sm/306-hal-jordan.jpg', 'https://cdn.jsdelivr.net/gh/akabab/superhero-api@0.3.0/api/images/md/306-hal-jordan.jpg', 'https://cdn.jsdelivr.net/gh/akabab/superhero-api@0.3.0/api/images/lg/306-hal-jordan.jpg');
INSERT INTO superheroes (id, name, slug, alignment, publisher) VALUES (307, 'Han Solo', '307-han-solo', 'good', 'George Lucas');
INSERT INTO superhero_powerstats (superhero_id, intelligence, strength, speed, durability, power, combat, cost) VALUES (307, 50, 10, 17, 20, 43, 60, 33);
INSERT INTO superhero_appearance (superhero_id, gender, race, height_cm, weight_kg, eye_color, hair_color) VALUES (307, 'Male', 'Human', 183, 79, 'Brown', 'Brown');
INSERT INTO superhero_biography (superhero_id, full_name, aliases, place_of_birth, first_appearance) VALUES (307, 'Han Solo', '["-"]', 'Corellia', 'Star Wars: Episode IV - A New Hope (1977)');
INSERT INTO superhero_images (superhero_id, xs_url, sm_url, md_url, lg_url) VALUES (307, 'https://cdn.jsdelivr.net/gh/akabab/superhero-api@0.3.0/api/images/xs/307-han-solo.jpg', 'https://cdn.jsdelivr.net/gh/akabab/superhero-api@0.3.0/api/images/sm/307-han-solo.jpg', 'https://cdn.jsdelivr.net/gh/akabab/superhero-api@0.3.0/api/images/md/307-han-solo.jpg', 'https://cdn.jsdelivr.net/gh/akabab/superhero-api@0.3.0/api/images/lg/307-han-solo.jpg');
INSERT INTO superheroes (id, name, slug, alignment, publisher) VALUES (308, 'Hancock', '308-hancock', 'good', 'Sony Pictures');
INSERT INTO superhero_powerstats (superhero_id, intelligence, strength, speed, durability, power, combat, cost) VALUES (308, 63, 90, 67, 100, 100, 50, 78);
INSERT INTO superhero_appearance (superhero_id, gender, race, height_cm, weight_kg, eye_color, hair_color) VALUES (308, 'Male', 'Human', 188, 0, 'Brown', 'Black');
INSERT INTO superhero_biography (superhero_id, full_name, aliases, place_of_birth, first_appearance) VALUES (308, 'John Hancock', '["-"]', NULL, NULL);
INSERT INTO superhero_images (superhero_id, xs_url, sm_url, md_url, lg_url) VALUES (308, 'https://cdn.jsdelivr.net/gh/akabab/superhero-api@0.3.0/api/images/xs/308-hancock.jpg', 'https://cdn.jsdelivr.net/gh/akabab/superhero-api@0.3.0/api/images/sm/308-hancock.jpg', 'https://cdn.jsdelivr.net/gh/akabab/superhero-api@0.3.0/api/images/md/308-hancock.jpg', 'https://cdn.jsdelivr.net/gh/akabab/superhero-api@0.3.0/api/images/lg/308-hancock.jpg');
INSERT INTO superheroes (id, name, slug, alignment, publisher) VALUES (309, 'Harley Quinn', '309-harley-quinn', 'bad', 'DC Comics');
INSERT INTO superhero_powerstats (superhero_id, intelligence, strength, speed, durability, power, combat, cost) VALUES (309, 88, 12, 33, 65, 55, 80, 55);
INSERT INTO superhero_appearance (superhero_id, gender, race, height_cm, weight_kg, eye_color, hair_color) VALUES (309, 'Female', 'Human', 170, 63, 'Blue', 'Blond');
INSERT INTO superhero_biography (superhero_id, full_name, aliases, place_of_birth, first_appearance) VALUES (309, 'Harley Quinn', '["Harleen Quinzel","Harl","Cupid of Crime","Jane Wisakedjak","Elise Archer","Pumpkin Pooh"]', NULL, 'Batman: Harley Quinn (October, 1999)');
INSERT INTO superhero_images (superhero_id, xs_url, sm_url, md_url, lg_url) VALUES (309, 'https://cdn.jsdelivr.net/gh/akabab/superhero-api@0.3.0/api/images/xs/309-harley-quinn.jpg', 'https://cdn.jsdelivr.net/gh/akabab/superhero-api@0.3.0/api/images/sm/309-harley-quinn.jpg', 'https://cdn.jsdelivr.net/gh/akabab/superhero-api@0.3.0/api/images/md/309-harley-quinn.jpg', 'https://cdn.jsdelivr.net/gh/akabab/superhero-api@0.3.0/api/images/lg/309-harley-quinn.jpg');
INSERT INTO superheroes (id, name, slug, alignment, publisher) VALUES (310, 'Harry Potter', '310-harry-potter', 'good', 'J. K. Rowling');
INSERT INTO superhero_powerstats (superhero_id, intelligence, strength, speed, durability, power, combat, cost) VALUES (310, 75, 7, 21, 10, 100, 50, 43);
INSERT INTO superhero_appearance (superhero_id, gender, race, height_cm, weight_kg, eye_color, hair_color) VALUES (310, 'Male', 'Human', 0, 0, 'Green', 'Black');
INSERT INTO superhero_biography (superhero_id, full_name, aliases, place_of_birth, first_appearance) VALUES (310, 'Harry James Potter', '["Triwizard Champion","Seeker","Quidditch Captain","Leader of Dumbledore''s Army","Master of Death"]', NULL, 'Harry Potter and the Philosopher''s Stone');
INSERT INTO superhero_images (superhero_id, xs_url, sm_url, md_url, lg_url) VALUES (310, 'https://cdn.jsdelivr.net/gh/akabab/superhero-api@0.3.0/api/images/xs/310-harry-potter.jpg', 'https://cdn.jsdelivr.net/gh/akabab/superhero-api@0.3.0/api/images/sm/310-harry-potter.jpg', 'https://cdn.jsdelivr.net/gh/akabab/superhero-api@0.3.0/api/images/md/310-harry-potter.jpg', 'https://cdn.jsdelivr.net/gh/akabab/superhero-api@0.3.0/api/images/lg/310-harry-potter.jpg');
INSERT INTO superheroes (id, name, slug, alignment, publisher) VALUES (311, 'Havok', '311-havok', 'good', 'Marvel Comics');
INSERT INTO superhero_powerstats (superhero_id, intelligence, strength, speed, durability, power, combat, cost) VALUES (311, 63, 10, 25, 60, 71, 45, 45);
INSERT INTO superhero_appearance (superhero_id, gender, race, height_cm, weight_kg, eye_color, hair_color) VALUES (311, 'Male', 'Mutant', 183, 79, 'Blue', 'Blond');
INSERT INTO superhero_biography (superhero_id, full_name, aliases, place_of_birth, first_appearance) VALUES (311, 'Alexander Summers', '["Mutant X","Goblin Prince"]', 'Honolulu, Hawaii', 'X-MEN #58');
INSERT INTO superhero_images (superhero_id, xs_url, sm_url, md_url, lg_url) VALUES (311, 'https://cdn.jsdelivr.net/gh/akabab/superhero-api@0.3.0/api/images/xs/311-havok.jpg', 'https://cdn.jsdelivr.net/gh/akabab/superhero-api@0.3.0/api/images/sm/311-havok.jpg', 'https://cdn.jsdelivr.net/gh/akabab/superhero-api@0.3.0/api/images/md/311-havok.jpg', 'https://cdn.jsdelivr.net/gh/akabab/superhero-api@0.3.0/api/images/lg/311-havok.jpg');
INSERT INTO superheroes (id, name, slug, alignment, publisher) VALUES (312, 'Hawk', '312-hawk', 'good', 'DC Comics');
INSERT INTO superhero_powerstats (superhero_id, intelligence, strength, speed, durability, power, combat, cost) VALUES (312, 38, 38, 35, 95, 43, 42, 48);
INSERT INTO superhero_appearance (superhero_id, gender, race, height_cm, weight_kg, eye_color, hair_color) VALUES (312, 'Male', NULL, 185, 89, 'Red', 'Brown');
INSERT INTO superhero_biography (superhero_id, full_name, aliases, place_of_birth, first_appearance) VALUES (312, 'Henry Hall', '["Monarch","Extant"]', NULL, 'Showcase #75 (June, 1968)');
INSERT INTO superhero_images (superhero_id, xs_url, sm_url, md_url, lg_url) VALUES (312, 'https://cdn.jsdelivr.net/gh/akabab/superhero-api@0.3.0/api/images/xs/312-hawk.jpg', 'https://cdn.jsdelivr.net/gh/akabab/superhero-api@0.3.0/api/images/sm/312-hawk.jpg', 'https://cdn.jsdelivr.net/gh/akabab/superhero-api@0.3.0/api/images/md/312-hawk.jpg', 'https://cdn.jsdelivr.net/gh/akabab/superhero-api@0.3.0/api/images/lg/312-hawk.jpg');
INSERT INTO superheroes (id, name, slug, alignment, publisher) VALUES (313, 'Hawkeye', '313-hawkeye', 'good', 'Goliath');
INSERT INTO superhero_powerstats (superhero_id, intelligence, strength, speed, durability, power, combat, cost) VALUES (313, 56, 12, 21, 10, 29, 80, 34);
INSERT INTO superhero_appearance (superhero_id, gender, race, height_cm, weight_kg, eye_color, hair_color) VALUES (313, 'Male', 'Human', 191, 104, 'Blue', 'Blond');
INSERT INTO superhero_biography (superhero_id, full_name, aliases, place_of_birth, first_appearance) VALUES (313, 'Clint Barton', '["Ronin","Goliath","Golden Archer","the Marksman","Father Time","Longbow"]', 'Waverly, Iowa', 'Tales of Suspense #57 (September, 1964)');
INSERT INTO superhero_images (superhero_id, xs_url, sm_url, md_url, lg_url) VALUES (313, 'https://cdn.jsdelivr.net/gh/akabab/superhero-api@0.3.0/api/images/xs/313-hawkeye.jpg', 'https://cdn.jsdelivr.net/gh/akabab/superhero-api@0.3.0/api/images/sm/313-hawkeye.jpg', 'https://cdn.jsdelivr.net/gh/akabab/superhero-api@0.3.0/api/images/md/313-hawkeye.jpg', 'https://cdn.jsdelivr.net/gh/akabab/superhero-api@0.3.0/api/images/lg/313-hawkeye.jpg');
INSERT INTO superheroes (id, name, slug, alignment, publisher) VALUES (314, 'Hawkeye II', '314-hawkeye-ii', 'good', 'Marvel Comics');
INSERT INTO superhero_powerstats (superhero_id, intelligence, strength, speed, durability, power, combat, cost) VALUES (314, 50, 6, 8, 10, 24, 50, 24);
INSERT INTO superhero_appearance (superhero_id, gender, race, height_cm, weight_kg, eye_color, hair_color) VALUES (314, 'Female', 'Human', 165, 57, 'Blue', 'Black');
INSERT INTO superhero_biography (superhero_id, full_name, aliases, place_of_birth, first_appearance) VALUES (314, 'Katherine Elizabeth Bishop', '["Kate Bishop"]', 'New York City, New York', 'Young Avengers #1 (April, 2005)');
INSERT INTO superhero_images (superhero_id, xs_url, sm_url, md_url, lg_url) VALUES (314, 'https://cdn.jsdelivr.net/gh/akabab/superhero-api@0.3.0/api/images/xs/314-hawkeye-ii.jpg', 'https://cdn.jsdelivr.net/gh/akabab/superhero-api@0.3.0/api/images/sm/314-hawkeye-ii.jpg', 'https://cdn.jsdelivr.net/gh/akabab/superhero-api@0.3.0/api/images/md/314-hawkeye-ii.jpg', 'https://cdn.jsdelivr.net/gh/akabab/superhero-api@0.3.0/api/images/lg/314-hawkeye-ii.jpg');
INSERT INTO superheroes (id, name, slug, alignment, publisher) VALUES (315, 'Hawkgirl', '315-hawkgirl', 'good', 'DC Comics');
INSERT INTO superhero_powerstats (superhero_id, intelligence, strength, speed, durability, power, combat, cost) VALUES (315, 50, 28, 53, 99, 96, 72, 66);
INSERT INTO superhero_appearance (superhero_id, gender, race, height_cm, weight_kg, eye_color, hair_color) VALUES (315, 'Female', NULL, 175, 61, 'Green', 'Red');
INSERT INTO superhero_biography (superhero_id, full_name, aliases, place_of_birth, first_appearance) VALUES (315, 'Kendra Saunders', '["Chay-Ara; Sheila Carr; Lady Celia Penbrook","Kate Manser; Shiera Sanders"]', NULL, 'JSA Secret Files #1 (August 1999)');
INSERT INTO superhero_images (superhero_id, xs_url, sm_url, md_url, lg_url) VALUES (315, 'https://cdn.jsdelivr.net/gh/akabab/superhero-api@0.3.0/api/images/xs/315-hawkgirl.jpg', 'https://cdn.jsdelivr.net/gh/akabab/superhero-api@0.3.0/api/images/sm/315-hawkgirl.jpg', 'https://cdn.jsdelivr.net/gh/akabab/superhero-api@0.3.0/api/images/md/315-hawkgirl.jpg', 'https://cdn.jsdelivr.net/gh/akabab/superhero-api@0.3.0/api/images/lg/315-hawkgirl.jpg');
INSERT INTO superheroes (id, name, slug, alignment, publisher) VALUES (320, 'Heat Wave', '320-heat-wave', 'bad', 'DC Comics');
INSERT INTO superhero_powerstats (superhero_id, intelligence, strength, speed, durability, power, combat, cost) VALUES (320, 38, 10, 17, 45, 27, 30, 27);
INSERT INTO superhero_appearance (superhero_id, gender, race, height_cm, weight_kg, eye_color, hair_color) VALUES (320, 'Male', 'Human', 180, 81, 'Blue', 'No Hair');
INSERT INTO superhero_biography (superhero_id, full_name, aliases, place_of_birth, first_appearance) VALUES (320, 'Mick Rory', '["Rory Calhoun"]', NULL, 'Flash #140 (November, 1963)');
INSERT INTO superhero_images (superhero_id, xs_url, sm_url, md_url, lg_url) VALUES (320, 'https://cdn.jsdelivr.net/gh/akabab/superhero-api@0.3.0/api/images/xs/320-heat-wave.jpg', 'https://cdn.jsdelivr.net/gh/akabab/superhero-api@0.3.0/api/images/sm/320-heat-wave.jpg', 'https://cdn.jsdelivr.net/gh/akabab/superhero-api@0.3.0/api/images/md/320-heat-wave.jpg', 'https://cdn.jsdelivr.net/gh/akabab/superhero-api@0.3.0/api/images/lg/320-heat-wave.jpg');
INSERT INTO superheroes (id, name, slug, alignment, publisher) VALUES (321, 'Hela', '321-hela', 'bad', 'Marvel Comics');
INSERT INTO superhero_powerstats (superhero_id, intelligence, strength, speed, durability, power, combat, cost) VALUES (321, 63, 100, 46, 100, 100, 45, 75);
INSERT INTO superhero_appearance (superhero_id, gender, race, height_cm, weight_kg, eye_color, hair_color) VALUES (321, 'Female', 'Asgardian', 213, 225, 'Green', 'Black');
INSERT INTO superhero_biography (superhero_id, full_name, aliases, place_of_birth, first_appearance) VALUES (321, '', '["Goddess of Death"]', NULL, 'Journey into Mystery #102');
INSERT INTO superhero_images (superhero_id, xs_url, sm_url, md_url, lg_url) VALUES (321, 'https://cdn.jsdelivr.net/gh/akabab/superhero-api@0.3.0/api/images/xs/321-hela.jpg', 'https://cdn.jsdelivr.net/gh/akabab/superhero-api@0.3.0/api/images/sm/321-hela.jpg', 'https://cdn.jsdelivr.net/gh/akabab/superhero-api@0.3.0/api/images/md/321-hela.jpg', 'https://cdn.jsdelivr.net/gh/akabab/superhero-api@0.3.0/api/images/lg/321-hela.jpg');
INSERT INTO superheroes (id, name, slug, alignment, publisher) VALUES (322, 'Hellboy', '322-hellboy', 'good', 'Dark Horse Comics');
INSERT INTO superhero_powerstats (superhero_id, intelligence, strength, speed, durability, power, combat, cost) VALUES (322, 63, 53, 21, 95, 73, 75, 63);
INSERT INTO superhero_appearance (superhero_id, gender, race, height_cm, weight_kg, eye_color, hair_color) VALUES (322, 'Male', 'Demon', 259, 158, 'Gold', 'Black');
INSERT INTO superhero_biography (superhero_id, full_name, aliases, place_of_birth, first_appearance) VALUES (322, 'Anung Un Rama', '["World Destroyer","The Great Beast"]', NULL, 'Dime Press #4 (May 1, 1993)');
INSERT INTO superhero_images (superhero_id, xs_url, sm_url, md_url, lg_url) VALUES (322, 'https://cdn.jsdelivr.net/gh/akabab/superhero-api@0.3.0/api/images/xs/322-hellboy.jpg', 'https://cdn.jsdelivr.net/gh/akabab/superhero-api@0.3.0/api/images/sm/322-hellboy.jpg', 'https://cdn.jsdelivr.net/gh/akabab/superhero-api@0.3.0/api/images/md/322-hellboy.jpg', 'https://cdn.jsdelivr.net/gh/akabab/superhero-api@0.3.0/api/images/lg/322-hellboy.jpg');
INSERT INTO superheroes (id, name, slug, alignment, publisher) VALUES (323, 'Hellcat', '323-hellcat', 'good', 'Marvel Comics');
INSERT INTO superhero_powerstats (superhero_id, intelligence, strength, speed, durability, power, combat, cost) VALUES (323, 63, 11, 33, 45, 46, 70, 44);
INSERT INTO superhero_appearance (superhero_id, gender, race, height_cm, weight_kg, eye_color, hair_color) VALUES (323, 'Female', 'Human', 173, 61, 'Blue', 'Red');
INSERT INTO superhero_biography (superhero_id, full_name, aliases, place_of_birth, first_appearance) VALUES (323, 'Patricia Walker', '["Patsy Walker","Patricia Hellstrom","The Cat"]', 'Centerville, CA USA', 'Avengers #144 (February, 1976)');
INSERT INTO superhero_images (superhero_id, xs_url, sm_url, md_url, lg_url) VALUES (323, 'https://cdn.jsdelivr.net/gh/akabab/superhero-api@0.3.0/api/images/xs/323-hellcat.jpg', 'https://cdn.jsdelivr.net/gh/akabab/superhero-api@0.3.0/api/images/sm/323-hellcat.jpg', 'https://cdn.jsdelivr.net/gh/akabab/superhero-api@0.3.0/api/images/md/323-hellcat.jpg', 'https://cdn.jsdelivr.net/gh/akabab/superhero-api@0.3.0/api/images/lg/323-hellcat.jpg');
INSERT INTO superheroes (id, name, slug, alignment, publisher) VALUES (325, 'Hercules', '325-hercules', 'good', 'Marvel Comics');
INSERT INTO superhero_powerstats (superhero_id, intelligence, strength, speed, durability, power, combat, cost) VALUES (325, 63, 100, 46, 85, 89, 100, 80);
INSERT INTO superhero_appearance (superhero_id, gender, race, height_cm, weight_kg, eye_color, hair_color) VALUES (325, 'Male', 'Demi-God', 196, 146, 'Blue', 'Brown');
INSERT INTO superhero_biography (superhero_id, full_name, aliases, place_of_birth, first_appearance) VALUES (325, 'Heracles', '["Spider-Herc","The Lion of Olympus","The Defender of Olympus","The Scion of Olympus","Prince of Power","Alcaeus","Herakles","Herc","Harry Cleese","Victor Tegler","Agent 74"]', 'Thebes, Greece', NULL);
INSERT INTO superhero_images (superhero_id, xs_url, sm_url, md_url, lg_url) VALUES (325, 'https://cdn.jsdelivr.net/gh/akabab/superhero-api@0.3.0/api/images/xs/325-hercules.jpg', 'https://cdn.jsdelivr.net/gh/akabab/superhero-api@0.3.0/api/images/sm/325-hercules.jpg', 'https://cdn.jsdelivr.net/gh/akabab/superhero-api@0.3.0/api/images/md/325-hercules.jpg', 'https://cdn.jsdelivr.net/gh/akabab/superhero-api@0.3.0/api/images/lg/325-hercules.jpg');
INSERT INTO superheroes (id, name, slug, alignment, publisher) VALUES (327, 'Hit-Girl', '327-hit-girl', 'good', 'Icon Comics');
INSERT INTO superhero_powerstats (superhero_id, intelligence, strength, speed, durability, power, combat, cost) VALUES (327, 56, 7, 29, 20, 27, 65, 34);
INSERT INTO superhero_appearance (superhero_id, gender, race, height_cm, weight_kg, eye_color, hair_color) VALUES (327, 'Female', 'Human', 0, 0, NULL, NULL);
INSERT INTO superhero_biography (superhero_id, full_name, aliases, place_of_birth, first_appearance) VALUES (327, 'Mindy McCready', '["Hit Girl","Hitgirl"]', NULL, NULL);
INSERT INTO superhero_images (superhero_id, xs_url, sm_url, md_url, lg_url) VALUES (327, 'https://cdn.jsdelivr.net/gh/akabab/superhero-api@0.3.0/api/images/xs/327-hit-girl.jpg', 'https://cdn.jsdelivr.net/gh/akabab/superhero-api@0.3.0/api/images/sm/327-hit-girl.jpg', 'https://cdn.jsdelivr.net/gh/akabab/superhero-api@0.3.0/api/images/md/327-hit-girl.jpg', 'https://cdn.jsdelivr.net/gh/akabab/superhero-api@0.3.0/api/images/lg/327-hit-girl.jpg');
INSERT INTO superheroes (id, name, slug, alignment, publisher) VALUES (330, 'Hope Summers', '330-hope-summers', 'good', 'Marvel Comics');
INSERT INTO superhero_powerstats (superhero_id, intelligence, strength, speed, durability, power, combat, cost) VALUES (330, 63, 10, 12, 32, 93, 75, 47);
INSERT INTO superhero_appearance (superhero_id, gender, race, height_cm, weight_kg, eye_color, hair_color) VALUES (330, 'Female', NULL, 168, 48, 'Green', 'Red');
INSERT INTO superhero_biography (superhero_id, full_name, aliases, place_of_birth, first_appearance) VALUES (330, 'Hope Summers', '["Mutant Messiah","Messiah Child","Hub","Throat Slicer","Little Girl","Little Momma"]', NULL, 'X-Men Vol 2 #205 (2008)');
INSERT INTO superhero_images (superhero_id, xs_url, sm_url, md_url, lg_url) VALUES (330, 'https://cdn.jsdelivr.net/gh/akabab/superhero-api@0.3.0/api/images/xs/330-hope-summers.jpg', 'https://cdn.jsdelivr.net/gh/akabab/superhero-api@0.3.0/api/images/sm/330-hope-summers.jpg', 'https://cdn.jsdelivr.net/gh/akabab/superhero-api@0.3.0/api/images/md/330-hope-summers.jpg', 'https://cdn.jsdelivr.net/gh/akabab/superhero-api@0.3.0/api/images/lg/330-hope-summers.jpg');
INSERT INTO superheroes (id, name, slug, alignment, publisher) VALUES (332, 'Hulk', '332-hulk', 'good', 'Marvel Comics');
INSERT INTO superhero_powerstats (superhero_id, intelligence, strength, speed, durability, power, combat, cost) VALUES (332, 88, 100, 63, 100, 98, 85, 89);
INSERT INTO superhero_appearance (superhero_id, gender, race, height_cm, weight_kg, eye_color, hair_color) VALUES (332, 'Male', 'Human / Radiation', 244, 630, 'Green', 'Green');
INSERT INTO superhero_biography (superhero_id, full_name, aliases, place_of_birth, first_appearance) VALUES (332, 'Bruce Banner', '["Annihilator","Captain Universe","Joe Fixit","Mr. Fixit","Mechano","Professor","Jade Jaws","Golly Green Giant"]', 'Dayton, Ohio', 'Incredible Hulk #1 (May, 1962)');
INSERT INTO superhero_images (superhero_id, xs_url, sm_url, md_url, lg_url) VALUES (332, 'https://cdn.jsdelivr.net/gh/akabab/superhero-api@0.3.0/api/images/xs/332-hulk.jpg', 'https://cdn.jsdelivr.net/gh/akabab/superhero-api@0.3.0/api/images/sm/332-hulk.jpg', 'https://cdn.jsdelivr.net/gh/akabab/superhero-api@0.3.0/api/images/md/332-hulk.jpg', 'https://cdn.jsdelivr.net/gh/akabab/superhero-api@0.3.0/api/images/lg/332-hulk.jpg');
INSERT INTO superheroes (id, name, slug, alignment, publisher) VALUES (333, 'Human Torch', '333-human-torch', 'good', 'Marvel Comics');
INSERT INTO superhero_powerstats (superhero_id, intelligence, strength, speed, durability, power, combat, cost) VALUES (333, 63, 11, 63, 70, 87, 42, 56);
INSERT INTO superhero_appearance (superhero_id, gender, race, height_cm, weight_kg, eye_color, hair_color) VALUES (333, 'Male', 'Human / Radiation', 178, 77, 'Blue', 'Blond');
INSERT INTO superhero_biography (superhero_id, full_name, aliases, place_of_birth, first_appearance) VALUES (333, 'Johnny Storm', '["Matchstick Johnny","Doug Brown"]', 'Glenville, Long Island, New York', 'Fantastic Four #1 (1961)');
INSERT INTO superhero_images (superhero_id, xs_url, sm_url, md_url, lg_url) VALUES (333, 'https://cdn.jsdelivr.net/gh/akabab/superhero-api@0.3.0/api/images/xs/333-human-torch.jpg', 'https://cdn.jsdelivr.net/gh/akabab/superhero-api@0.3.0/api/images/sm/333-human-torch.jpg', 'https://cdn.jsdelivr.net/gh/akabab/superhero-api@0.3.0/api/images/md/333-human-torch.jpg', 'https://cdn.jsdelivr.net/gh/akabab/superhero-api@0.3.0/api/images/lg/333-human-torch.jpg');
INSERT INTO superheroes (id, name, slug, alignment, publisher) VALUES (334, 'Huntress', '334-huntress', 'good', 'Batgirl III');
INSERT INTO superhero_powerstats (superhero_id, intelligence, strength, speed, durability, power, combat, cost) VALUES (334, 69, 10, 23, 28, 34, 95, 43);
INSERT INTO superhero_appearance (superhero_id, gender, race, height_cm, weight_kg, eye_color, hair_color) VALUES (334, 'Female', NULL, 180, 59, 'Blue', 'Black');
INSERT INTO superhero_biography (superhero_id, full_name, aliases, place_of_birth, first_appearance) VALUES (334, 'Helena Rosa Bertinelli', '["Batgirl","Sicilian","Mafia Princess"]', NULL, 'Huntress #1 (April 1989)');
INSERT INTO superhero_images (superhero_id, xs_url, sm_url, md_url, lg_url) VALUES (334, 'https://cdn.jsdelivr.net/gh/akabab/superhero-api@0.3.0/api/images/xs/334-huntress.jpg', 'https://cdn.jsdelivr.net/gh/akabab/superhero-api@0.3.0/api/images/sm/334-huntress.jpg', 'https://cdn.jsdelivr.net/gh/akabab/superhero-api@0.3.0/api/images/md/334-huntress.jpg', 'https://cdn.jsdelivr.net/gh/akabab/superhero-api@0.3.0/api/images/lg/334-huntress.jpg');
INSERT INTO superheroes (id, name, slug, alignment, publisher) VALUES (335, 'Husk', '335-husk', 'good', 'Marvel Comics');
INSERT INTO superhero_powerstats (superhero_id, intelligence, strength, speed, durability, power, combat, cost) VALUES (335, 63, 63, 35, 78, 48, 64, 58);
INSERT INTO superhero_appearance (superhero_id, gender, race, height_cm, weight_kg, eye_color, hair_color) VALUES (335, 'Female', 'Mutant', 170, 58, 'Blue', 'Blond');
INSERT INTO superhero_biography (superhero_id, full_name, aliases, place_of_birth, first_appearance) VALUES (335, 'Paige Elisabeth Guthrie', '["Hayseed"]', 'Cumberland, Kentucky', 'Rom Annual #3 (November, 1984)');
INSERT INTO superhero_images (superhero_id, xs_url, sm_url, md_url, lg_url) VALUES (335, 'https://cdn.jsdelivr.net/gh/akabab/superhero-api@0.3.0/api/images/xs/335-husk.jpg', 'https://cdn.jsdelivr.net/gh/akabab/superhero-api@0.3.0/api/images/sm/335-husk.jpg', 'https://cdn.jsdelivr.net/gh/akabab/superhero-api@0.3.0/api/images/md/335-husk.jpg', 'https://cdn.jsdelivr.net/gh/akabab/superhero-api@0.3.0/api/images/lg/335-husk.jpg');
INSERT INTO superheroes (id, name, slug, alignment, publisher) VALUES (336, 'Hybrid', '336-hybrid', 'good', 'Marvel Comics');
INSERT INTO superhero_powerstats (superhero_id, intelligence, strength, speed, durability, power, combat, cost) VALUES (336, 63, 63, 58, 75, 100, 80, 73);
INSERT INTO superhero_appearance (superhero_id, gender, race, height_cm, weight_kg, eye_color, hair_color) VALUES (336, 'Male', 'Symbiote', 175, 77, 'Brown', 'Black');
INSERT INTO superhero_biography (superhero_id, full_name, aliases, place_of_birth, first_appearance) VALUES (336, 'Scott Washington', '["Guardsman Number Six","Terror of Brooklyn","Riot ,Phage ","Lasher","Agony"]', 'Bedford-Stuyvesant, Brooklyn, New York City', 'Venom Along Came A Spider #2 (as Hybrid)');
INSERT INTO superhero_images (superhero_id, xs_url, sm_url, md_url, lg_url) VALUES (336, 'https://cdn.jsdelivr.net/gh/akabab/superhero-api@0.3.0/api/images/xs/336-hybrid.jpg', 'https://cdn.jsdelivr.net/gh/akabab/superhero-api@0.3.0/api/images/sm/336-hybrid.jpg', 'https://cdn.jsdelivr.net/gh/akabab/superhero-api@0.3.0/api/images/md/336-hybrid.jpg', 'https://cdn.jsdelivr.net/gh/akabab/superhero-api@0.3.0/api/images/lg/336-hybrid.jpg');
INSERT INTO superheroes (id, name, slug, alignment, publisher) VALUES (337, 'Hydro-Man', '337-hydro-man', 'bad', 'Marvel Comics');
INSERT INTO superhero_powerstats (superhero_id, intelligence, strength, speed, durability, power, combat, cost) VALUES (337, 38, 13, 25, 80, 66, 50, 45);
INSERT INTO superhero_appearance (superhero_id, gender, race, height_cm, weight_kg, eye_color, hair_color) VALUES (337, 'Male', NULL, 188, 119, 'Brown', 'Brown');
INSERT INTO superhero_biography (superhero_id, full_name, aliases, place_of_birth, first_appearance) VALUES (337, 'Morris Bench', '["Morrie"]', 'Bronx, New York', 'Amazing Spider-Man #212 (January, 1981)');
INSERT INTO superhero_images (superhero_id, xs_url, sm_url, md_url, lg_url) VALUES (337, 'https://cdn.jsdelivr.net/gh/akabab/superhero-api@0.3.0/api/images/xs/337-hydro-man.jpg', 'https://cdn.jsdelivr.net/gh/akabab/superhero-api@0.3.0/api/images/sm/337-hydro-man.jpg', 'https://cdn.jsdelivr.net/gh/akabab/superhero-api@0.3.0/api/images/md/337-hydro-man.jpg', 'https://cdn.jsdelivr.net/gh/akabab/superhero-api@0.3.0/api/images/lg/337-hydro-man.jpg');
INSERT INTO superheroes (id, name, slug, alignment, publisher) VALUES (338, 'Hyperion', '338-hyperion', 'good', 'Marvel Comics');
INSERT INTO superhero_powerstats (superhero_id, intelligence, strength, speed, durability, power, combat, cost) VALUES (338, 88, 100, 100, 95, 87, 80, 91);
INSERT INTO superhero_appearance (superhero_id, gender, race, height_cm, weight_kg, eye_color, hair_color) VALUES (338, 'Male', 'Eternal', 183, 207, 'Blue', 'Red');
INSERT INTO superhero_biography (superhero_id, full_name, aliases, place_of_birth, first_appearance) VALUES (338, 'Mark Milton', '["Mark Milton","Zhib-Ran","Mr. Kant","Marcus Milton"]', NULL, 'Avengers #85');
INSERT INTO superhero_images (superhero_id, xs_url, sm_url, md_url, lg_url) VALUES (338, 'https://cdn.jsdelivr.net/gh/akabab/superhero-api@0.3.0/api/images/xs/338-hyperion.jpg', 'https://cdn.jsdelivr.net/gh/akabab/superhero-api@0.3.0/api/images/sm/338-hyperion.jpg', 'https://cdn.jsdelivr.net/gh/akabab/superhero-api@0.3.0/api/images/md/338-hyperion.jpg', 'https://cdn.jsdelivr.net/gh/akabab/superhero-api@0.3.0/api/images/lg/338-hyperion.jpg');
INSERT INTO superheroes (id, name, slug, alignment, publisher) VALUES (339, 'Iceman', '339-iceman', 'good', 'Marvel Comics');
INSERT INTO superhero_powerstats (superhero_id, intelligence, strength, speed, durability, power, combat, cost) VALUES (339, 63, 32, 53, 100, 100, 64, 68);
INSERT INTO superhero_appearance (superhero_id, gender, race, height_cm, weight_kg, eye_color, hair_color) VALUES (339, 'Male', 'Mutant', 173, 65, 'Brown', 'Brown');
INSERT INTO superhero_biography (superhero_id, full_name, aliases, place_of_birth, first_appearance) VALUES (339, 'Bobby Drake', '["Bobby Drake","Mister Friese","Drake Roberts","Rampage","Frozen One","Iceface"]', 'Fort Washington, Long Island, New York', 'X-Men #1');
INSERT INTO superhero_images (superhero_id, xs_url, sm_url, md_url, lg_url) VALUES (339, 'https://cdn.jsdelivr.net/gh/akabab/superhero-api@0.3.0/api/images/xs/339-iceman.jpg', 'https://cdn.jsdelivr.net/gh/akabab/superhero-api@0.3.0/api/images/sm/339-iceman.jpg', 'https://cdn.jsdelivr.net/gh/akabab/superhero-api@0.3.0/api/images/md/339-iceman.jpg', 'https://cdn.jsdelivr.net/gh/akabab/superhero-api@0.3.0/api/images/lg/339-iceman.jpg');
INSERT INTO superheroes (id, name, slug, alignment, publisher) VALUES (340, 'Impulse', '340-impulse', 'good', 'Flash IV');
INSERT INTO superhero_powerstats (superhero_id, intelligence, strength, speed, durability, power, combat, cost) VALUES (340, 50, 10, 100, 60, 74, 60, 59);
INSERT INTO superhero_appearance (superhero_id, gender, race, height_cm, weight_kg, eye_color, hair_color) VALUES (340, 'Male', 'Human', 170, 65, 'Yellow', 'Auburn');
INSERT INTO superhero_biography (superhero_id, full_name, aliases, place_of_birth, first_appearance) VALUES (340, 'Bartholomew Allen II', '["Flash IV","Kid Flash II"]', NULL, 'Flash Vol 2 #92 (July, 1994)');
INSERT INTO superhero_images (superhero_id, xs_url, sm_url, md_url, lg_url) VALUES (340, 'https://cdn.jsdelivr.net/gh/akabab/superhero-api@0.3.0/api/images/xs/340-impulse.jpg', 'https://cdn.jsdelivr.net/gh/akabab/superhero-api@0.3.0/api/images/sm/340-impulse.jpg', 'https://cdn.jsdelivr.net/gh/akabab/superhero-api@0.3.0/api/images/md/340-impulse.jpg', 'https://cdn.jsdelivr.net/gh/akabab/superhero-api@0.3.0/api/images/lg/340-impulse.jpg');
INSERT INTO superheroes (id, name, slug, alignment, publisher) VALUES (341, 'Indiana Jones', '341-indiana-jones', 'good', 'George Lucas');
INSERT INTO superhero_powerstats (superhero_id, intelligence, strength, speed, durability, power, combat, cost) VALUES (341, 69, 10, 17, 30, 19, 30, 29);
INSERT INTO superhero_appearance (superhero_id, gender, race, height_cm, weight_kg, eye_color, hair_color) VALUES (341, 'Male', 'Human', 183, 79, NULL, NULL);
INSERT INTO superhero_biography (superhero_id, full_name, aliases, place_of_birth, first_appearance) VALUES (341, 'Indiana Jones', '["Indy"]', 'Princeton, New Jersey', 'Raiders of the Lost Ark (1981)');
INSERT INTO superhero_images (superhero_id, xs_url, sm_url, md_url, lg_url) VALUES (341, 'https://cdn.jsdelivr.net/gh/akabab/superhero-api@0.3.0/api/images/xs/341-indiana-jones.jpg', 'https://cdn.jsdelivr.net/gh/akabab/superhero-api@0.3.0/api/images/sm/341-indiana-jones.jpg', 'https://cdn.jsdelivr.net/gh/akabab/superhero-api@0.3.0/api/images/md/341-indiana-jones.jpg', 'https://cdn.jsdelivr.net/gh/akabab/superhero-api@0.3.0/api/images/lg/341-indiana-jones.jpg');
INSERT INTO superheroes (id, name, slug, alignment, publisher) VALUES (342, 'Indigo', '342-indigo', 'neutral', 'DC Comics');
INSERT INTO superhero_powerstats (superhero_id, intelligence, strength, speed, durability, power, combat, cost) VALUES (342, 75, 63, 50, 50, 100, 50, 64);
INSERT INTO superhero_appearance (superhero_id, gender, race, height_cm, weight_kg, eye_color, hair_color) VALUES (342, 'Female', 'Alien', 0, 0, NULL, 'Purple');
INSERT INTO superhero_biography (superhero_id, full_name, aliases, place_of_birth, first_appearance) VALUES (342, 'Iroque', '["Indigo-1"]', NULL, 'Green Lantern Vol 4 #25 (January, 2008)');
INSERT INTO superhero_images (superhero_id, xs_url, sm_url, md_url, lg_url) VALUES (342, 'https://cdn.jsdelivr.net/gh/akabab/superhero-api@0.3.0/api/images/xs/342-indigo.jpg', 'https://cdn.jsdelivr.net/gh/akabab/superhero-api@0.3.0/api/images/sm/342-indigo.jpg', 'https://cdn.jsdelivr.net/gh/akabab/superhero-api@0.3.0/api/images/md/342-indigo.jpg', 'https://cdn.jsdelivr.net/gh/akabab/superhero-api@0.3.0/api/images/lg/342-indigo.jpg');
INSERT INTO superheroes (id, name, slug, alignment, publisher) VALUES (343, 'Ink', '343-ink', 'good', 'Marvel Comics');
INSERT INTO superhero_powerstats (superhero_id, intelligence, strength, speed, durability, power, combat, cost) VALUES (343, 38, 28, 17, 40, 73, 50, 41);
INSERT INTO superhero_appearance (superhero_id, gender, race, height_cm, weight_kg, eye_color, hair_color) VALUES (343, 'Male', 'Mutant', 180, 81, 'Blue', 'No Hair');
INSERT INTO superhero_biography (superhero_id, full_name, aliases, place_of_birth, first_appearance) VALUES (343, 'Eric Gitter', '["-"]', NULL, 'Young X-Men #1 (May, 2008)');
INSERT INTO superhero_images (superhero_id, xs_url, sm_url, md_url, lg_url) VALUES (343, 'https://cdn.jsdelivr.net/gh/akabab/superhero-api@0.3.0/api/images/xs/343-ink.jpg', 'https://cdn.jsdelivr.net/gh/akabab/superhero-api@0.3.0/api/images/sm/343-ink.jpg', 'https://cdn.jsdelivr.net/gh/akabab/superhero-api@0.3.0/api/images/md/343-ink.jpg', 'https://cdn.jsdelivr.net/gh/akabab/superhero-api@0.3.0/api/images/lg/343-ink.jpg');
INSERT INTO superheroes (id, name, slug, alignment, publisher) VALUES (344, 'Invisible Woman', '344-invisible-woman', 'good', 'Marvel Comics');
INSERT INTO superhero_powerstats (superhero_id, intelligence, strength, speed, durability, power, combat, cost) VALUES (344, 88, 10, 27, 85, 93, 56, 59);
INSERT INTO superhero_appearance (superhero_id, gender, race, height_cm, weight_kg, eye_color, hair_color) VALUES (344, 'Female', 'Human / Radiation', 168, 54, 'blue', 'Blond');
INSERT INTO superhero_biography (superhero_id, full_name, aliases, place_of_birth, first_appearance) VALUES (344, 'Susan Storm Richards', '["Invisible Girl"]', 'Glenville, Long Island, New York', 'FANTASTIC FOUR #1');
INSERT INTO superhero_images (superhero_id, xs_url, sm_url, md_url, lg_url) VALUES (344, 'https://cdn.jsdelivr.net/gh/akabab/superhero-api@0.3.0/api/images/xs/344-invisible-woman.jpg', 'https://cdn.jsdelivr.net/gh/akabab/superhero-api@0.3.0/api/images/sm/344-invisible-woman.jpg', 'https://cdn.jsdelivr.net/gh/akabab/superhero-api@0.3.0/api/images/md/344-invisible-woman.jpg', 'https://cdn.jsdelivr.net/gh/akabab/superhero-api@0.3.0/api/images/lg/344-invisible-woman.jpg');
INSERT INTO superheroes (id, name, slug, alignment, publisher) VALUES (345, 'Iron Fist', '345-iron-fist', 'good', 'Marvel Comics');
INSERT INTO superhero_powerstats (superhero_id, intelligence, strength, speed, durability, power, combat, cost) VALUES (345, 75, 55, 33, 50, 95, 100, 68);
INSERT INTO superhero_appearance (superhero_id, gender, race, height_cm, weight_kg, eye_color, hair_color) VALUES (345, 'Male', 'Human', 180, 79, 'Blue', 'Blond');
INSERT INTO superhero_biography (superhero_id, full_name, aliases, place_of_birth, first_appearance) VALUES (345, 'Danny Rand', '["Daredevil","Daniel Thomas Rand","the Living Weapon","Young Dragon","Danny Rand"]', NULL, 'Marvel Premiere #15 (May 1974)');
INSERT INTO superhero_images (superhero_id, xs_url, sm_url, md_url, lg_url) VALUES (345, 'https://cdn.jsdelivr.net/gh/akabab/superhero-api@0.3.0/api/images/xs/345-iron-fist.jpg', 'https://cdn.jsdelivr.net/gh/akabab/superhero-api@0.3.0/api/images/sm/345-iron-fist.jpg', 'https://cdn.jsdelivr.net/gh/akabab/superhero-api@0.3.0/api/images/md/345-iron-fist.jpg', 'https://cdn.jsdelivr.net/gh/akabab/superhero-api@0.3.0/api/images/lg/345-iron-fist.jpg');
INSERT INTO superheroes (id, name, slug, alignment, publisher) VALUES (346, 'Iron Man', '346-iron-man', 'good', 'Marvel Comics');
INSERT INTO superhero_powerstats (superhero_id, intelligence, strength, speed, durability, power, combat, cost) VALUES (346, 100, 85, 58, 85, 100, 64, 82);
INSERT INTO superhero_appearance (superhero_id, gender, race, height_cm, weight_kg, eye_color, hair_color) VALUES (346, 'Male', 'Human', 198, 191, 'Blue', 'Black');
INSERT INTO superhero_biography (superhero_id, full_name, aliases, place_of_birth, first_appearance) VALUES (346, 'Tony Stark', '["Iron Knight","Hogan Potts","Spare Parts Man","Cobalt Man II","Crimson Dynamo","Ironman"]', 'Long Island, New York', 'Tales of Suspence #39 (March, 1963)');
INSERT INTO superhero_images (superhero_id, xs_url, sm_url, md_url, lg_url) VALUES (346, 'https://cdn.jsdelivr.net/gh/akabab/superhero-api@0.3.0/api/images/xs/346-iron-man.jpg', 'https://cdn.jsdelivr.net/gh/akabab/superhero-api@0.3.0/api/images/sm/346-iron-man.jpg', 'https://cdn.jsdelivr.net/gh/akabab/superhero-api@0.3.0/api/images/md/346-iron-man.jpg', 'https://cdn.jsdelivr.net/gh/akabab/superhero-api@0.3.0/api/images/lg/346-iron-man.jpg');
INSERT INTO superheroes (id, name, slug, alignment, publisher) VALUES (347, 'Iron Monger', '347-iron-monger', 'bad', 'Marvel Comics');
INSERT INTO superhero_powerstats (superhero_id, intelligence, strength, speed, durability, power, combat, cost) VALUES (347, 88, 63, 25, 90, 57, 56, 63);
INSERT INTO superhero_appearance (superhero_id, gender, race, height_cm, weight_kg, eye_color, hair_color) VALUES (347, 'Male', NULL, 0, NULL, 'Blue', 'No Hair');
INSERT INTO superhero_biography (superhero_id, full_name, aliases, place_of_birth, first_appearance) VALUES (347, 'Obadiah Stane', '["-"]', NULL, NULL);
INSERT INTO superhero_images (superhero_id, xs_url, sm_url, md_url, lg_url) VALUES (347, 'https://cdn.jsdelivr.net/gh/akabab/superhero-api@0.3.0/api/images/xs/347-iron-monger.jpg', 'https://cdn.jsdelivr.net/gh/akabab/superhero-api@0.3.0/api/images/sm/347-iron-monger.jpg', 'https://cdn.jsdelivr.net/gh/akabab/superhero-api@0.3.0/api/images/md/347-iron-monger.jpg', 'https://cdn.jsdelivr.net/gh/akabab/superhero-api@0.3.0/api/images/lg/347-iron-monger.jpg');
INSERT INTO superheroes (id, name, slug, alignment, publisher) VALUES (348, 'Isis', '348-isis', 'good', 'DC Comics');
INSERT INTO superhero_powerstats (superhero_id, intelligence, strength, speed, durability, power, combat, cost) VALUES (348, 75, 48, 75, 46, 50, 56, 58);
INSERT INTO superhero_appearance (superhero_id, gender, race, height_cm, weight_kg, eye_color, hair_color) VALUES (348, 'Female', NULL, 0, 0, NULL, NULL);
INSERT INTO superhero_biography (superhero_id, full_name, aliases, place_of_birth, first_appearance) VALUES (348, 'Adrianna Tomaz', '["-"]', NULL, '(as Adrianna) 52 Week Three; (as Isis) 52 Week Twelve');
INSERT INTO superhero_images (superhero_id, xs_url, sm_url, md_url, lg_url) VALUES (348, 'https://cdn.jsdelivr.net/gh/akabab/superhero-api@0.3.0/api/images/xs/348-isis.jpg', 'https://cdn.jsdelivr.net/gh/akabab/superhero-api@0.3.0/api/images/sm/348-isis.jpg', 'https://cdn.jsdelivr.net/gh/akabab/superhero-api@0.3.0/api/images/md/348-isis.jpg', 'https://cdn.jsdelivr.net/gh/akabab/superhero-api@0.3.0/api/images/lg/348-isis.jpg');
INSERT INTO superheroes (id, name, slug, alignment, publisher) VALUES (350, 'Jack of Hearts', '350-jack-of-hearts', 'good', 'Marvel Comics');
INSERT INTO superhero_powerstats (superhero_id, intelligence, strength, speed, durability, power, combat, cost) VALUES (350, 63, 55, 100, 30, 77, 30, 59);
INSERT INTO superhero_appearance (superhero_id, gender, race, height_cm, weight_kg, eye_color, hair_color) VALUES (350, 'Male', 'Human', 155, 79, 'Blue / White', 'Brown');
INSERT INTO superhero_biography (superhero_id, full_name, aliases, place_of_birth, first_appearance) VALUES (350, 'Jonathan Hart', '["-"]', 'New Haven, Connecticut', 'Deadly Hands of Kung Fu #22 (March, 1976)');
INSERT INTO superhero_images (superhero_id, xs_url, sm_url, md_url, lg_url) VALUES (350, 'https://cdn.jsdelivr.net/gh/akabab/superhero-api@0.3.0/api/images/xs/350-jack-of-hearts.jpg', 'https://cdn.jsdelivr.net/gh/akabab/superhero-api@0.3.0/api/images/sm/350-jack-of-hearts.jpg', 'https://cdn.jsdelivr.net/gh/akabab/superhero-api@0.3.0/api/images/md/350-jack-of-hearts.jpg', 'https://cdn.jsdelivr.net/gh/akabab/superhero-api@0.3.0/api/images/lg/350-jack-of-hearts.jpg');
INSERT INTO superheroes (id, name, slug, alignment, publisher) VALUES (351, 'Jack-Jack', '351-jack-jack', 'good', 'Dark Horse Comics');
INSERT INTO superhero_powerstats (superhero_id, intelligence, strength, speed, durability, power, combat, cost) VALUES (351, 6, 34, 67, 80, 100, 6, 48);
INSERT INTO superhero_appearance (superhero_id, gender, race, height_cm, weight_kg, eye_color, hair_color) VALUES (351, 'Male', 'Human', 71, 14, 'Blue', 'Brown');
INSERT INTO superhero_biography (superhero_id, full_name, aliases, place_of_birth, first_appearance) VALUES (351, 'Jack-Jack Parr', '["-"]', NULL, 'The Incredibles (Movie, 2004)');
INSERT INTO superhero_images (superhero_id, xs_url, sm_url, md_url, lg_url) VALUES (351, 'https://cdn.jsdelivr.net/gh/akabab/superhero-api@0.3.0/api/images/xs/351-jack-jack.jpg', 'https://cdn.jsdelivr.net/gh/akabab/superhero-api@0.3.0/api/images/sm/351-jack-jack.jpg', 'https://cdn.jsdelivr.net/gh/akabab/superhero-api@0.3.0/api/images/md/351-jack-jack.jpg', 'https://cdn.jsdelivr.net/gh/akabab/superhero-api@0.3.0/api/images/lg/351-jack-jack.jpg');
INSERT INTO superheroes (id, name, slug, alignment, publisher) VALUES (352, 'James Bond', '352-james-bond', 'good', 'Titan Books');
INSERT INTO superhero_powerstats (superhero_id, intelligence, strength, speed, durability, power, combat, cost) VALUES (352, 88, 13, 17, 35, 25, 90, 44);
INSERT INTO superhero_appearance (superhero_id, gender, race, height_cm, weight_kg, eye_color, hair_color) VALUES (352, 'Male', 'Human', 183, 0, 'blue', 'Blond');
INSERT INTO superhero_biography (superhero_id, full_name, aliases, place_of_birth, first_appearance) VALUES (352, 'James Bond', '["007","Commander Bond"]', NULL, 'Casino Royale, 1953 novel');
INSERT INTO superhero_images (superhero_id, xs_url, sm_url, md_url, lg_url) VALUES (352, 'https://cdn.jsdelivr.net/gh/akabab/superhero-api@0.3.0/api/images/xs/352-james-bond.jpg', 'https://cdn.jsdelivr.net/gh/akabab/superhero-api@0.3.0/api/images/sm/352-james-bond.jpg', 'https://cdn.jsdelivr.net/gh/akabab/superhero-api@0.3.0/api/images/md/352-james-bond.jpg', 'https://cdn.jsdelivr.net/gh/akabab/superhero-api@0.3.0/api/images/lg/352-james-bond.jpg');
INSERT INTO superheroes (id, name, slug, alignment, publisher) VALUES (353, 'James T. Kirk', '353-james-t.-kirk', 'good', 'Star Trek');
INSERT INTO superhero_powerstats (superhero_id, intelligence, strength, speed, durability, power, combat, cost) VALUES (353, 69, 11, 17, 30, 30, 75, 38);
INSERT INTO superhero_appearance (superhero_id, gender, race, height_cm, weight_kg, eye_color, hair_color) VALUES (353, 'Male', 'Human', 178, 77, 'Hazel', 'Brown');
INSERT INTO superhero_biography (superhero_id, full_name, aliases, place_of_birth, first_appearance) VALUES (353, 'James T. Kirk', '["Jim","Captain Kirk"]', 'Riverside, Iowa, Earth', 'Star Trek S01E01: The Man Trap');
INSERT INTO superhero_images (superhero_id, xs_url, sm_url, md_url, lg_url) VALUES (353, 'https://cdn.jsdelivr.net/gh/akabab/superhero-api@0.3.0/api/images/xs/353-james-t.-kirk.jpg', 'https://cdn.jsdelivr.net/gh/akabab/superhero-api@0.3.0/api/images/sm/353-james-t.-kirk.jpg', 'https://cdn.jsdelivr.net/gh/akabab/superhero-api@0.3.0/api/images/md/353-james-t.-kirk.jpg', 'https://cdn.jsdelivr.net/gh/akabab/superhero-api@0.3.0/api/images/lg/353-james-t.-kirk.jpg');
INSERT INTO superheroes (id, name, slug, alignment, publisher) VALUES (354, 'Jar Jar Binks', '354-jar-jar-binks', 'good', 'George Lucas');
INSERT INTO superhero_powerstats (superhero_id, intelligence, strength, speed, durability, power, combat, cost) VALUES (354, 10, 6, 33, 10, 21, 15, 15);
INSERT INTO superhero_appearance (superhero_id, gender, race, height_cm, weight_kg, eye_color, hair_color) VALUES (354, 'Male', 'Gungan', 193, 0, 'Yellow', NULL);
INSERT INTO superhero_biography (superhero_id, full_name, aliases, place_of_birth, first_appearance) VALUES (354, 'Jar Jar Binks', '["-"]', 'Naboo', NULL);
INSERT INTO superhero_images (superhero_id, xs_url, sm_url, md_url, lg_url) VALUES (354, 'https://cdn.jsdelivr.net/gh/akabab/superhero-api@0.3.0/api/images/xs/354-jar-jar-binks.jpg', 'https://cdn.jsdelivr.net/gh/akabab/superhero-api@0.3.0/api/images/sm/354-jar-jar-binks.jpg', 'https://cdn.jsdelivr.net/gh/akabab/superhero-api@0.3.0/api/images/md/354-jar-jar-binks.jpg', 'https://cdn.jsdelivr.net/gh/akabab/superhero-api@0.3.0/api/images/lg/354-jar-jar-binks.jpg');
INSERT INTO superheroes (id, name, slug, alignment, publisher) VALUES (355, 'Jason Bourne', '355-jason-bourne', 'good', NULL);
INSERT INTO superhero_powerstats (superhero_id, intelligence, strength, speed, durability, power, combat, cost) VALUES (355, 88, 12, 29, 30, 26, 100, 47);
INSERT INTO superhero_appearance (superhero_id, gender, race, height_cm, weight_kg, eye_color, hair_color) VALUES (355, 'Male', 'Human', 0, 0, NULL, NULL);
INSERT INTO superhero_biography (superhero_id, full_name, aliases, place_of_birth, first_appearance) VALUES (355, 'Jason Bourne', '["-"]', NULL, NULL);
INSERT INTO superhero_images (superhero_id, xs_url, sm_url, md_url, lg_url) VALUES (355, 'https://cdn.jsdelivr.net/gh/akabab/superhero-api@0.3.0/api/images/xs/355-jason-bourne.jpg', 'https://cdn.jsdelivr.net/gh/akabab/superhero-api@0.3.0/api/images/sm/355-jason-bourne.jpg', 'https://cdn.jsdelivr.net/gh/akabab/superhero-api@0.3.0/api/images/md/355-jason-bourne.jpg', 'https://cdn.jsdelivr.net/gh/akabab/superhero-api@0.3.0/api/images/lg/355-jason-bourne.jpg');
INSERT INTO superheroes (id, name, slug, alignment, publisher) VALUES (356, 'Jean Grey', '356-jean-grey', 'good', 'Phoenix');
INSERT INTO superhero_powerstats (superhero_id, intelligence, strength, speed, durability, power, combat, cost) VALUES (356, 94, 80, 21, 20, 92, 70, 62);
INSERT INTO superhero_appearance (superhero_id, gender, race, height_cm, weight_kg, eye_color, hair_color) VALUES (356, 'Female', 'Mutant', 168, 52, 'Green', 'Red');
INSERT INTO superhero_biography (superhero_id, full_name, aliases, place_of_birth, first_appearance) VALUES (356, 'Jean Grey', '["Redd Dayspring","Marvel Girl"]', NULL, 'X-Men #1 (September, 1963)');
INSERT INTO superhero_images (superhero_id, xs_url, sm_url, md_url, lg_url) VALUES (356, 'https://cdn.jsdelivr.net/gh/akabab/superhero-api@0.3.0/api/images/xs/356-jean-grey.jpg', 'https://cdn.jsdelivr.net/gh/akabab/superhero-api@0.3.0/api/images/sm/356-jean-grey.jpg', 'https://cdn.jsdelivr.net/gh/akabab/superhero-api@0.3.0/api/images/md/356-jean-grey.jpg', 'https://cdn.jsdelivr.net/gh/akabab/superhero-api@0.3.0/api/images/lg/356-jean-grey.jpg');
INSERT INTO superheroes (id, name, slug, alignment, publisher) VALUES (357, 'Jean-Luc Picard', '357-jean-luc-picard', 'good', 'Star Trek');
INSERT INTO superhero_powerstats (superhero_id, intelligence, strength, speed, durability, power, combat, cost) VALUES (357, 75, 10, 17, 30, 26, 65, 37);
INSERT INTO superhero_appearance (superhero_id, gender, race, height_cm, weight_kg, eye_color, hair_color) VALUES (357, 'Male', 'Human', 0, 0, NULL, NULL);
INSERT INTO superhero_biography (superhero_id, full_name, aliases, place_of_birth, first_appearance) VALUES (357, 'Jean-Luc Picard', '["Locutus"]', 'La Barre, France, Earth', 'Star Trek: The Next Generation (1987)');
INSERT INTO superhero_images (superhero_id, xs_url, sm_url, md_url, lg_url) VALUES (357, 'https://cdn.jsdelivr.net/gh/akabab/superhero-api@0.3.0/api/images/xs/357-jean-luc-picard.jpg', 'https://cdn.jsdelivr.net/gh/akabab/superhero-api@0.3.0/api/images/sm/357-jean-luc-picard.jpg', 'https://cdn.jsdelivr.net/gh/akabab/superhero-api@0.3.0/api/images/md/357-jean-luc-picard.jpg', 'https://cdn.jsdelivr.net/gh/akabab/superhero-api@0.3.0/api/images/lg/357-jean-luc-picard.jpg');
INSERT INTO superheroes (id, name, slug, alignment, publisher) VALUES (358, 'Jennifer Kale', '358-jennifer-kale', 'good', 'Marvel Comics');
INSERT INTO superhero_powerstats (superhero_id, intelligence, strength, speed, durability, power, combat, cost) VALUES (358, 75, 10, 35, 42, 74, 72, 51);
INSERT INTO superhero_appearance (superhero_id, gender, race, height_cm, weight_kg, eye_color, hair_color) VALUES (358, 'Female', NULL, 168, 55, 'Blue', 'Blond');
INSERT INTO superhero_biography (superhero_id, full_name, aliases, place_of_birth, first_appearance) VALUES (358, 'Jennifer Kale', '["Wendy the Good Little Witch"]', 'Citrusville, Florida', '(Adventures into) Fear#11 (1972)');
INSERT INTO superhero_images (superhero_id, xs_url, sm_url, md_url, lg_url) VALUES (358, 'https://cdn.jsdelivr.net/gh/akabab/superhero-api@0.3.0/api/images/xs/358-jennifer-kale.jpg', 'https://cdn.jsdelivr.net/gh/akabab/superhero-api@0.3.0/api/images/sm/358-jennifer-kale.jpg', 'https://cdn.jsdelivr.net/gh/akabab/superhero-api@0.3.0/api/images/md/358-jennifer-kale.jpg', 'https://cdn.jsdelivr.net/gh/akabab/superhero-api@0.3.0/api/images/lg/358-jennifer-kale.jpg');
INSERT INTO superheroes (id, name, slug, alignment, publisher) VALUES (360, 'Jessica Cruz', '360-jessica-cruz', 'good', 'DC Comics');
INSERT INTO superhero_powerstats (superhero_id, intelligence, strength, speed, durability, power, combat, cost) VALUES (360, 56, 90, 46, 50, 100, 55, 66);
INSERT INTO superhero_appearance (superhero_id, gender, race, height_cm, weight_kg, eye_color, hair_color) VALUES (360, 'Female', 'Human', 0, 0, 'Green', 'Brown');
INSERT INTO superhero_biography (superhero_id, full_name, aliases, place_of_birth, first_appearance) VALUES (360, 'Jessica Cruz', '["Green Lantern","Power Ring"]', NULL, 'Green Lantern Vol 5 #20 (July, 2013)');
INSERT INTO superhero_images (superhero_id, xs_url, sm_url, md_url, lg_url) VALUES (360, 'https://cdn.jsdelivr.net/gh/akabab/superhero-api@0.3.0/api/images/xs/360-jessica-cruz.jpg', 'https://cdn.jsdelivr.net/gh/akabab/superhero-api@0.3.0/api/images/sm/360-jessica-cruz.jpg', 'https://cdn.jsdelivr.net/gh/akabab/superhero-api@0.3.0/api/images/md/360-jessica-cruz.jpg', 'https://cdn.jsdelivr.net/gh/akabab/superhero-api@0.3.0/api/images/lg/360-jessica-cruz.jpg');
INSERT INTO superheroes (id, name, slug, alignment, publisher) VALUES (361, 'Jessica Jones', '361-jessica-jones', 'good', 'Power Woman');
INSERT INTO superhero_powerstats (superhero_id, intelligence, strength, speed, durability, power, combat, cost) VALUES (361, 56, 44, 50, 70, 18, 55, 48);
INSERT INTO superhero_appearance (superhero_id, gender, race, height_cm, weight_kg, eye_color, hair_color) VALUES (361, 'Female', 'Human', 170, 56, 'Brown', 'Brown');
INSERT INTO superhero_biography (superhero_id, full_name, aliases, place_of_birth, first_appearance) VALUES (361, 'Jessica Campbell Jones Cage', '["Knightress","Madeline","Jewel","Power Woman"]', 'Forrest Hills, New York City', 'Amazing Spider-Man #4 (September, 1963)');
INSERT INTO superhero_images (superhero_id, xs_url, sm_url, md_url, lg_url) VALUES (361, 'https://cdn.jsdelivr.net/gh/akabab/superhero-api@0.3.0/api/images/xs/361-jessica-jones.jpg', 'https://cdn.jsdelivr.net/gh/akabab/superhero-api@0.3.0/api/images/sm/361-jessica-jones.jpg', 'https://cdn.jsdelivr.net/gh/akabab/superhero-api@0.3.0/api/images/md/361-jessica-jones.jpg', 'https://cdn.jsdelivr.net/gh/akabab/superhero-api@0.3.0/api/images/lg/361-jessica-jones.jpg');
INSERT INTO superheroes (id, name, slug, alignment, publisher) VALUES (364, 'Jim Powell', '364-jim-powell', 'good', 'ABC Studios');
INSERT INTO superhero_powerstats (superhero_id, intelligence, strength, speed, durability, power, combat, cost) VALUES (364, 38, 38, 23, 80, 23, 20, 37);
INSERT INTO superhero_appearance (superhero_id, gender, race, height_cm, weight_kg, eye_color, hair_color) VALUES (364, 'Male', NULL, 0, 0, NULL, NULL);
INSERT INTO superhero_biography (superhero_id, full_name, aliases, place_of_birth, first_appearance) VALUES (364, 'Jim Powell', '["-"]', NULL, 'No Ordinary Family S01E01 (2010)');
INSERT INTO superhero_images (superhero_id, xs_url, sm_url, md_url, lg_url) VALUES (364, 'https://cdn.jsdelivr.net/gh/akabab/superhero-api@0.3.0/api/images/xs/364-jim-powell.jpg', 'https://cdn.jsdelivr.net/gh/akabab/superhero-api@0.3.0/api/images/sm/364-jim-powell.jpg', 'https://cdn.jsdelivr.net/gh/akabab/superhero-api@0.3.0/api/images/md/364-jim-powell.jpg', 'https://cdn.jsdelivr.net/gh/akabab/superhero-api@0.3.0/api/images/lg/364-jim-powell.jpg');
INSERT INTO superheroes (id, name, slug, alignment, publisher) VALUES (365, 'JJ Powell', '365-jj-powell', 'good', 'ABC Studios');
INSERT INTO superhero_powerstats (superhero_id, intelligence, strength, speed, durability, power, combat, cost) VALUES (365, 88, 10, 8, 10, 14, 10, 23);
INSERT INTO superhero_appearance (superhero_id, gender, race, height_cm, weight_kg, eye_color, hair_color) VALUES (365, 'Male', NULL, 0, 0, NULL, NULL);
INSERT INTO superhero_biography (superhero_id, full_name, aliases, place_of_birth, first_appearance) VALUES (365, 'JJ Powell', '["-"]', NULL, 'No Ordinary Family S01E01 (2010)');
INSERT INTO superhero_images (superhero_id, xs_url, sm_url, md_url, lg_url) VALUES (365, 'https://cdn.jsdelivr.net/gh/akabab/superhero-api@0.3.0/api/images/xs/365-jj-powell.jpg', 'https://cdn.jsdelivr.net/gh/akabab/superhero-api@0.3.0/api/images/sm/365-jj-powell.jpg', 'https://cdn.jsdelivr.net/gh/akabab/superhero-api@0.3.0/api/images/md/365-jj-powell.jpg', 'https://cdn.jsdelivr.net/gh/akabab/superhero-api@0.3.0/api/images/lg/365-jj-powell.jpg');
INSERT INTO superheroes (id, name, slug, alignment, publisher) VALUES (367, 'John Constantine', '367-john-constantine', 'good', 'DC Comics');
INSERT INTO superhero_powerstats (superhero_id, intelligence, strength, speed, durability, power, combat, cost) VALUES (367, 63, 10, 8, 40, 54, 65, 40);
INSERT INTO superhero_appearance (superhero_id, gender, race, height_cm, weight_kg, eye_color, hair_color) VALUES (367, 'Male', 'Human', 183, 0, 'Blue', 'Blond');
INSERT INTO superhero_biography (superhero_id, full_name, aliases, place_of_birth, first_appearance) VALUES (367, 'John Constantine', '["Hellblazer"]', NULL, 'Swamp Thing Vol 2 #37 (June, 1985)');
INSERT INTO superhero_images (superhero_id, xs_url, sm_url, md_url, lg_url) VALUES (367, 'https://cdn.jsdelivr.net/gh/akabab/superhero-api@0.3.0/api/images/xs/367-john-constantine.jpg', 'https://cdn.jsdelivr.net/gh/akabab/superhero-api@0.3.0/api/images/sm/367-john-constantine.jpg', 'https://cdn.jsdelivr.net/gh/akabab/superhero-api@0.3.0/api/images/md/367-john-constantine.jpg', 'https://cdn.jsdelivr.net/gh/akabab/superhero-api@0.3.0/api/images/lg/367-john-constantine.jpg');
INSERT INTO superheroes (id, name, slug, alignment, publisher) VALUES (369, 'John Wraith', '369-john-wraith', 'good', 'Marvel Comics');
INSERT INTO superhero_powerstats (superhero_id, intelligence, strength, speed, durability, power, combat, cost) VALUES (369, 75, 12, 35, 28, 87, 80, 52);
INSERT INTO superhero_appearance (superhero_id, gender, race, height_cm, weight_kg, eye_color, hair_color) VALUES (369, 'Male', NULL, 183, 88, 'Brown', 'Black');
INSERT INTO superhero_biography (superhero_id, full_name, aliases, place_of_birth, first_appearance) VALUES (369, 'John Wraith', '["Wraith-Man","Kestrel","Expediter","Guardian","Vindicator"]', NULL, 'Wolverine Vol 2 #60 (September, 1992)');
INSERT INTO superhero_images (superhero_id, xs_url, sm_url, md_url, lg_url) VALUES (369, 'https://cdn.jsdelivr.net/gh/akabab/superhero-api@0.3.0/api/images/xs/no-portrait.jpg', 'https://cdn.jsdelivr.net/gh/akabab/superhero-api@0.3.0/api/images/sm/no-portrait.jpg', 'https://cdn.jsdelivr.net/gh/akabab/superhero-api@0.3.0/api/images/md/no-portrait.jpg', 'https://cdn.jsdelivr.net/gh/akabab/superhero-api@0.3.0/api/images/lg/no-portrait.jpg');
INSERT INTO superheroes (id, name, slug, alignment, publisher) VALUES (370, 'Joker', '370-joker', 'bad', 'DC Comics');
INSERT INTO superhero_powerstats (superhero_id, intelligence, strength, speed, durability, power, combat, cost) VALUES (370, 100, 10, 12, 60, 43, 70, 49);
INSERT INTO superhero_appearance (superhero_id, gender, race, height_cm, weight_kg, eye_color, hair_color) VALUES (370, 'Male', 'Human', 196, 86, 'Green', 'Green');
INSERT INTO superhero_biography (superhero_id, full_name, aliases, place_of_birth, first_appearance) VALUES (370, 'Jack Napier', '["Red Hood I","Clown Prince of Crime","Harlequin of Hate","Jack Napier","Joe Kerr","Mr. J"]', NULL, 'Batman #1 (Spring 1940)');
INSERT INTO superhero_images (superhero_id, xs_url, sm_url, md_url, lg_url) VALUES (370, 'https://cdn.jsdelivr.net/gh/akabab/superhero-api@0.3.0/api/images/xs/370-joker.jpg', 'https://cdn.jsdelivr.net/gh/akabab/superhero-api@0.3.0/api/images/sm/370-joker.jpg', 'https://cdn.jsdelivr.net/gh/akabab/superhero-api@0.3.0/api/images/md/370-joker.jpg', 'https://cdn.jsdelivr.net/gh/akabab/superhero-api@0.3.0/api/images/lg/370-joker.jpg');
INSERT INTO superheroes (id, name, slug, alignment, publisher) VALUES (371, 'Jolt', '371-jolt', 'good', 'Marvel Comics');
INSERT INTO superhero_powerstats (superhero_id, intelligence, strength, speed, durability, power, combat, cost) VALUES (371, 63, 12, 27, 32, 31, 42, 34);
INSERT INTO superhero_appearance (superhero_id, gender, race, height_cm, weight_kg, eye_color, hair_color) VALUES (371, 'Female', NULL, 165, 49, 'Blue', 'Black');
INSERT INTO superhero_biography (superhero_id, full_name, aliases, place_of_birth, first_appearance) VALUES (371, 'Helen Takahama', '["Holly Tsuruta","Hallie Shimosato"]', 'Ojai, California', 'Thunderbolts #1 (1997)');
INSERT INTO superhero_images (superhero_id, xs_url, sm_url, md_url, lg_url) VALUES (371, 'https://cdn.jsdelivr.net/gh/akabab/superhero-api@0.3.0/api/images/xs/371-jolt.jpg', 'https://cdn.jsdelivr.net/gh/akabab/superhero-api@0.3.0/api/images/sm/371-jolt.jpg', 'https://cdn.jsdelivr.net/gh/akabab/superhero-api@0.3.0/api/images/md/371-jolt.jpg', 'https://cdn.jsdelivr.net/gh/akabab/superhero-api@0.3.0/api/images/lg/371-jolt.jpg');
INSERT INTO superheroes (id, name, slug, alignment, publisher) VALUES (372, 'Jubilee', '372-jubilee', 'good', 'Marvel Comics');
INSERT INTO superhero_powerstats (superhero_id, intelligence, strength, speed, durability, power, combat, cost) VALUES (372, 56, 8, 22, 20, 66, 90, 43);
INSERT INTO superhero_appearance (superhero_id, gender, race, height_cm, weight_kg, eye_color, hair_color) VALUES (372, 'Female', 'Mutant', 165, 52, 'Red', 'Black');
INSERT INTO superhero_biography (superhero_id, full_name, aliases, place_of_birth, first_appearance) VALUES (372, 'Jubilation Lee', '["Jubes"]', 'Beverly Hills, California', 'Uncanny X-Men #244 (May, 1989)');
INSERT INTO superhero_images (superhero_id, xs_url, sm_url, md_url, lg_url) VALUES (372, 'https://cdn.jsdelivr.net/gh/akabab/superhero-api@0.3.0/api/images/xs/372-jubilee.jpg', 'https://cdn.jsdelivr.net/gh/akabab/superhero-api@0.3.0/api/images/sm/372-jubilee.jpg', 'https://cdn.jsdelivr.net/gh/akabab/superhero-api@0.3.0/api/images/md/372-jubilee.jpg', 'https://cdn.jsdelivr.net/gh/akabab/superhero-api@0.3.0/api/images/lg/372-jubilee.jpg');
INSERT INTO superheroes (id, name, slug, alignment, publisher) VALUES (373, 'Judge Dredd', '373-judge-dredd', 'good', 'Rebellion');
INSERT INTO superhero_powerstats (superhero_id, intelligence, strength, speed, durability, power, combat, cost) VALUES (373, 75, 18, 38, 50, 52, 95, 54);
INSERT INTO superhero_appearance (superhero_id, gender, race, height_cm, weight_kg, eye_color, hair_color) VALUES (373, 'Male', 'Human', 188, 0, NULL, NULL);
INSERT INTO superhero_biography (superhero_id, full_name, aliases, place_of_birth, first_appearance) VALUES (373, 'Joseph Dredd', '["The Dead Man","Joe"]', 'Mega City One', '2000 AD no. 2 (5 March 1977)');
INSERT INTO superhero_images (superhero_id, xs_url, sm_url, md_url, lg_url) VALUES (373, 'https://cdn.jsdelivr.net/gh/akabab/superhero-api@0.3.0/api/images/xs/373-judge-dredd.jpg', 'https://cdn.jsdelivr.net/gh/akabab/superhero-api@0.3.0/api/images/sm/373-judge-dredd.jpg', 'https://cdn.jsdelivr.net/gh/akabab/superhero-api@0.3.0/api/images/md/373-judge-dredd.jpg', 'https://cdn.jsdelivr.net/gh/akabab/superhero-api@0.3.0/api/images/lg/373-judge-dredd.jpg');
INSERT INTO superheroes (id, name, slug, alignment, publisher) VALUES (374, 'Juggernaut', '374-juggernaut', 'neutral', 'Marvel Comics');
INSERT INTO superhero_powerstats (superhero_id, intelligence, strength, speed, durability, power, combat, cost) VALUES (374, 44, 100, 42, 100, 85, 70, 73);
INSERT INTO superhero_appearance (superhero_id, gender, race, height_cm, weight_kg, eye_color, hair_color) VALUES (374, 'Male', 'Human', 287, 855, 'Blue', 'Red');
INSERT INTO superhero_biography (superhero_id, full_name, aliases, place_of_birth, first_appearance) VALUES (374, 'Cain Marko', '["Kuurth","Captain Universe"]', 'Berkeley, California', 'X-Men #12 (July, 1965)');
INSERT INTO superhero_images (superhero_id, xs_url, sm_url, md_url, lg_url) VALUES (374, 'https://cdn.jsdelivr.net/gh/akabab/superhero-api@0.3.0/api/images/xs/374-juggernaut.jpg', 'https://cdn.jsdelivr.net/gh/akabab/superhero-api@0.3.0/api/images/sm/374-juggernaut.jpg', 'https://cdn.jsdelivr.net/gh/akabab/superhero-api@0.3.0/api/images/md/374-juggernaut.jpg', 'https://cdn.jsdelivr.net/gh/akabab/superhero-api@0.3.0/api/images/lg/374-juggernaut.jpg');
INSERT INTO superheroes (id, name, slug, alignment, publisher) VALUES (375, 'Junkpile', '375-junkpile', 'bad', 'Marvel Comics');
INSERT INTO superhero_powerstats (superhero_id, intelligence, strength, speed, durability, power, combat, cost) VALUES (375, 50, 38, 17, 90, 81, 30, 51);
INSERT INTO superhero_appearance (superhero_id, gender, race, height_cm, weight_kg, eye_color, hair_color) VALUES (375, 'Male', 'Mutant', 0, 0, NULL, NULL);
INSERT INTO superhero_biography (superhero_id, full_name, aliases, place_of_birth, first_appearance) VALUES (375, '', '["-"]', NULL, 'X-Men 2099 #1 (October, 1993)');
INSERT INTO superhero_images (superhero_id, xs_url, sm_url, md_url, lg_url) VALUES (375, 'https://cdn.jsdelivr.net/gh/akabab/superhero-api@0.3.0/api/images/xs/375-junkpile.jpg', 'https://cdn.jsdelivr.net/gh/akabab/superhero-api@0.3.0/api/images/sm/375-junkpile.jpg', 'https://cdn.jsdelivr.net/gh/akabab/superhero-api@0.3.0/api/images/md/375-junkpile.jpg', 'https://cdn.jsdelivr.net/gh/akabab/superhero-api@0.3.0/api/images/lg/375-junkpile.jpg');
INSERT INTO superheroes (id, name, slug, alignment, publisher) VALUES (376, 'Justice', '376-justice', 'good', 'Marvel Comics');
INSERT INTO superhero_powerstats (superhero_id, intelligence, strength, speed, durability, power, combat, cost) VALUES (376, 50, 10, 33, 70, 55, 30, 41);
INSERT INTO superhero_appearance (superhero_id, gender, race, height_cm, weight_kg, eye_color, hair_color) VALUES (376, 'Male', 'Human', 178, 81, 'Hazel', 'Brown');
INSERT INTO superhero_biography (superhero_id, full_name, aliases, place_of_birth, first_appearance) VALUES (376, 'Vance Astrovik', '["Marvel Boy","Manglin'' John Mahoney","Astounding Astrovik","Superhuman Penitentiary Prisoner 344678","\"Super Tights\""]', NULL, 'Giant-Size Defenders #5 (July, 1975)');
INSERT INTO superhero_images (superhero_id, xs_url, sm_url, md_url, lg_url) VALUES (376, 'https://cdn.jsdelivr.net/gh/akabab/superhero-api@0.3.0/api/images/xs/376-justice.jpg', 'https://cdn.jsdelivr.net/gh/akabab/superhero-api@0.3.0/api/images/sm/376-justice.jpg', 'https://cdn.jsdelivr.net/gh/akabab/superhero-api@0.3.0/api/images/md/376-justice.jpg', 'https://cdn.jsdelivr.net/gh/akabab/superhero-api@0.3.0/api/images/lg/376-justice.jpg');
INSERT INTO superheroes (id, name, slug, alignment, publisher) VALUES (379, 'Kang', '379-kang', 'bad', 'Iron Lad');
INSERT INTO superhero_powerstats (superhero_id, intelligence, strength, speed, durability, power, combat, cost) VALUES (379, 100, 48, 58, 70, 100, 70, 74);
INSERT INTO superhero_appearance (superhero_id, gender, race, height_cm, weight_kg, eye_color, hair_color) VALUES (379, 'Male', NULL, 191, 104, 'Brown', 'Brown');
INSERT INTO superhero_biography (superhero_id, full_name, aliases, place_of_birth, first_appearance) VALUES (379, 'Nathaniel Richards', '["Blue Man","Victor Timely","Blue Totem","Scarlet Centurion","Rama-Tut","King of Kings","Master of Men","Lord of the Seven Suns"]', 'Other Earth, 31st century', '(As Rama-Tut) Fantastic Four #19 (1963); (as Kang) Avengers #8 (1964)');
INSERT INTO superhero_images (superhero_id, xs_url, sm_url, md_url, lg_url) VALUES (379, 'https://cdn.jsdelivr.net/gh/akabab/superhero-api@0.3.0/api/images/xs/379-kang.jpg', 'https://cdn.jsdelivr.net/gh/akabab/superhero-api@0.3.0/api/images/sm/379-kang.jpg', 'https://cdn.jsdelivr.net/gh/akabab/superhero-api@0.3.0/api/images/md/379-kang.jpg', 'https://cdn.jsdelivr.net/gh/akabab/superhero-api@0.3.0/api/images/lg/379-kang.jpg');
INSERT INTO superheroes (id, name, slug, alignment, publisher) VALUES (380, 'Kathryn Janeway', '380-kathryn-janeway', 'good', 'Star Trek');
INSERT INTO superhero_powerstats (superhero_id, intelligence, strength, speed, durability, power, combat, cost) VALUES (380, 75, 8, 21, 25, 21, 50, 33);
INSERT INTO superhero_appearance (superhero_id, gender, race, height_cm, weight_kg, eye_color, hair_color) VALUES (380, 'Female', 'Human', 0, 0, NULL, NULL);
INSERT INTO superhero_biography (superhero_id, full_name, aliases, place_of_birth, first_appearance) VALUES (380, 'Kathryn Janeway', '["-"]', 'Bloomington, Indiana, Earth', NULL);
INSERT INTO superhero_images (superhero_id, xs_url, sm_url, md_url, lg_url) VALUES (380, 'https://cdn.jsdelivr.net/gh/akabab/superhero-api@0.3.0/api/images/xs/380-kathryn-janeway.jpg', 'https://cdn.jsdelivr.net/gh/akabab/superhero-api@0.3.0/api/images/sm/380-kathryn-janeway.jpg', 'https://cdn.jsdelivr.net/gh/akabab/superhero-api@0.3.0/api/images/md/380-kathryn-janeway.jpg', 'https://cdn.jsdelivr.net/gh/akabab/superhero-api@0.3.0/api/images/lg/380-kathryn-janeway.jpg');
INSERT INTO superheroes (id, name, slug, alignment, publisher) VALUES (381, 'Katniss Everdeen', '381-katniss-everdeen', 'good', '');
INSERT INTO superhero_powerstats (superhero_id, intelligence, strength, speed, durability, power, combat, cost) VALUES (381, 56, 8, 21, 25, 24, 55, 31);
INSERT INTO superhero_appearance (superhero_id, gender, race, height_cm, weight_kg, eye_color, hair_color) VALUES (381, 'Female', 'Human', 0, 0, NULL, NULL);
INSERT INTO superhero_biography (superhero_id, full_name, aliases, place_of_birth, first_appearance) VALUES (381, 'Katniss Everdeen', '["-"]', NULL, NULL);
INSERT INTO superhero_images (superhero_id, xs_url, sm_url, md_url, lg_url) VALUES (381, 'https://cdn.jsdelivr.net/gh/akabab/superhero-api@0.3.0/api/images/xs/381-katniss-everdeen.jpg', 'https://cdn.jsdelivr.net/gh/akabab/superhero-api@0.3.0/api/images/sm/381-katniss-everdeen.jpg', 'https://cdn.jsdelivr.net/gh/akabab/superhero-api@0.3.0/api/images/md/381-katniss-everdeen.jpg', 'https://cdn.jsdelivr.net/gh/akabab/superhero-api@0.3.0/api/images/lg/381-katniss-everdeen.jpg');
INSERT INTO superheroes (id, name, slug, alignment, publisher) VALUES (382, 'Kevin 11', '382-kevin-11', 'good', 'DC Comics');
INSERT INTO superhero_powerstats (superhero_id, intelligence, strength, speed, durability, power, combat, cost) VALUES (382, 25, 7, 12, 14, 100, 40, 33);
INSERT INTO superhero_appearance (superhero_id, gender, race, height_cm, weight_kg, eye_color, hair_color) VALUES (382, 'Male', 'Human', 0, 0, NULL, 'Black');
INSERT INTO superhero_biography (superhero_id, full_name, aliases, place_of_birth, first_appearance) VALUES (382, 'Kevin Ethan Levin', '["Kevin 11,000","Curtis","Osmosian","Kev","Kevin Ethan","Levin","Ultimate Kevin","Doofus","An Empty Shell","Kevin E. Levin"]', NULL, 'Ben 10 S01');
INSERT INTO superhero_images (superhero_id, xs_url, sm_url, md_url, lg_url) VALUES (382, 'https://cdn.jsdelivr.net/gh/akabab/superhero-api@0.3.0/api/images/xs/382-kevin-11.jpg', 'https://cdn.jsdelivr.net/gh/akabab/superhero-api@0.3.0/api/images/sm/382-kevin-11.jpg', 'https://cdn.jsdelivr.net/gh/akabab/superhero-api@0.3.0/api/images/md/382-kevin-11.jpg', 'https://cdn.jsdelivr.net/gh/akabab/superhero-api@0.3.0/api/images/lg/382-kevin-11.jpg');
INSERT INTO superheroes (id, name, slug, alignment, publisher) VALUES (383, 'Kick-Ass', '383-kick-ass', 'good', 'Icon Comics');
INSERT INTO superhero_powerstats (superhero_id, intelligence, strength, speed, durability, power, combat, cost) VALUES (383, 38, 10, 23, 35, 22, 56, 30);
INSERT INTO superhero_appearance (superhero_id, gender, race, height_cm, weight_kg, eye_color, hair_color) VALUES (383, 'Male', 'Human', 0, 0, 'Blue', 'Blond');
INSERT INTO superhero_biography (superhero_id, full_name, aliases, place_of_birth, first_appearance) VALUES (383, 'Dave Lizewski', '["Kickass"]', 'New York City', 'Kick Ass #1');
INSERT INTO superhero_images (superhero_id, xs_url, sm_url, md_url, lg_url) VALUES (383, 'https://cdn.jsdelivr.net/gh/akabab/superhero-api@0.3.0/api/images/xs/383-kick-ass.jpg', 'https://cdn.jsdelivr.net/gh/akabab/superhero-api@0.3.0/api/images/sm/383-kick-ass.jpg', 'https://cdn.jsdelivr.net/gh/akabab/superhero-api@0.3.0/api/images/md/383-kick-ass.jpg', 'https://cdn.jsdelivr.net/gh/akabab/superhero-api@0.3.0/api/images/lg/383-kick-ass.jpg');
INSERT INTO superheroes (id, name, slug, alignment, publisher) VALUES (384, 'Kid Flash', '384-kid-flash', 'good', 'DC Comics');
INSERT INTO superhero_powerstats (superhero_id, intelligence, strength, speed, durability, power, combat, cost) VALUES (384, 25, 4, 92, 42, 20, 30, 35);
INSERT INTO superhero_appearance (superhero_id, gender, race, height_cm, weight_kg, eye_color, hair_color) VALUES (384, 'Male', 'Human', 0, 0, 'Green', 'Red');
INSERT INTO superhero_biography (superhero_id, full_name, aliases, place_of_birth, first_appearance) VALUES (384, 'Wallace Rudolph West', '["Kid Lantern"]', 'Blue Valley, Nebraska', 'Flash #110 (January, 1960)');
INSERT INTO superhero_images (superhero_id, xs_url, sm_url, md_url, lg_url) VALUES (384, 'https://cdn.jsdelivr.net/gh/akabab/superhero-api@0.3.0/api/images/xs/384-kid-flash.jpg', 'https://cdn.jsdelivr.net/gh/akabab/superhero-api@0.3.0/api/images/sm/384-kid-flash.jpg', 'https://cdn.jsdelivr.net/gh/akabab/superhero-api@0.3.0/api/images/md/384-kid-flash.jpg', 'https://cdn.jsdelivr.net/gh/akabab/superhero-api@0.3.0/api/images/lg/384-kid-flash.jpg');
INSERT INTO superheroes (id, name, slug, alignment, publisher) VALUES (386, 'Killer Croc', '386-killer-croc', 'bad', 'DC Comics');
INSERT INTO superhero_powerstats (superhero_id, intelligence, strength, speed, durability, power, combat, cost) VALUES (386, 19, 53, 35, 90, 53, 60, 51);
INSERT INTO superhero_appearance (superhero_id, gender, race, height_cm, weight_kg, eye_color, hair_color) VALUES (386, 'Male', 'Metahuman', 244, 356, 'Red', 'No Hair');
INSERT INTO superhero_biography (superhero_id, full_name, aliases, place_of_birth, first_appearance) VALUES (386, 'Waylon Jones', '["-"]', NULL, 'Batman #357 (March, 1983)');
INSERT INTO superhero_images (superhero_id, xs_url, sm_url, md_url, lg_url) VALUES (386, 'https://cdn.jsdelivr.net/gh/akabab/superhero-api@0.3.0/api/images/xs/386-killer-croc.jpg', 'https://cdn.jsdelivr.net/gh/akabab/superhero-api@0.3.0/api/images/sm/386-killer-croc.jpg', 'https://cdn.jsdelivr.net/gh/akabab/superhero-api@0.3.0/api/images/md/386-killer-croc.jpg', 'https://cdn.jsdelivr.net/gh/akabab/superhero-api@0.3.0/api/images/lg/386-killer-croc.jpg');
INSERT INTO superheroes (id, name, slug, alignment, publisher) VALUES (387, 'Killer Frost', '387-killer-frost', 'bad', 'DC Comics');
INSERT INTO superhero_powerstats (superhero_id, intelligence, strength, speed, durability, power, combat, cost) VALUES (387, 88, 10, 13, 35, 59, 30, 39);
INSERT INTO superhero_appearance (superhero_id, gender, race, height_cm, weight_kg, eye_color, hair_color) VALUES (387, 'Female', 'Human', 0, 0, 'Blue', 'Blond');
INSERT INTO superhero_biography (superhero_id, full_name, aliases, place_of_birth, first_appearance) VALUES (387, 'Caitlin Snow', '["-"]', NULL, 'Fury of Firestorm: The Nuclear Men #19');
INSERT INTO superhero_images (superhero_id, xs_url, sm_url, md_url, lg_url) VALUES (387, 'https://cdn.jsdelivr.net/gh/akabab/superhero-api@0.3.0/api/images/xs/387-killer-frost.jpg', 'https://cdn.jsdelivr.net/gh/akabab/superhero-api@0.3.0/api/images/sm/387-killer-frost.jpg', 'https://cdn.jsdelivr.net/gh/akabab/superhero-api@0.3.0/api/images/md/387-killer-frost.jpg', 'https://cdn.jsdelivr.net/gh/akabab/superhero-api@0.3.0/api/images/lg/387-killer-frost.jpg');
INSERT INTO superheroes (id, name, slug, alignment, publisher) VALUES (388, 'Kilowog', '388-kilowog', 'good', 'DC Comics');
INSERT INTO superhero_powerstats (superhero_id, intelligence, strength, speed, durability, power, combat, cost) VALUES (388, 81, 90, 53, 42, 100, 80, 74);
INSERT INTO superhero_appearance (superhero_id, gender, race, height_cm, weight_kg, eye_color, hair_color) VALUES (388, 'Male', 'Bolovaxian', 234, 324, 'Red', 'No Hair');
INSERT INTO superhero_biography (superhero_id, full_name, aliases, place_of_birth, first_appearance) VALUES (388, '', '["Kilo Wog","Green Lantern 674.1","Dark Lantern","The Green Lantern drill sergeant","\"Poozer\"","Lantern"]', 'Bolovax Vik', 'Green Lantern Corps #201 (June, 1986)');
INSERT INTO superhero_images (superhero_id, xs_url, sm_url, md_url, lg_url) VALUES (388, 'https://cdn.jsdelivr.net/gh/akabab/superhero-api@0.3.0/api/images/xs/388-kilowog.jpg', 'https://cdn.jsdelivr.net/gh/akabab/superhero-api@0.3.0/api/images/sm/388-kilowog.jpg', 'https://cdn.jsdelivr.net/gh/akabab/superhero-api@0.3.0/api/images/md/388-kilowog.jpg', 'https://cdn.jsdelivr.net/gh/akabab/superhero-api@0.3.0/api/images/lg/388-kilowog.jpg');
INSERT INTO superheroes (id, name, slug, alignment, publisher) VALUES (389, 'King Kong', '389-king-kong', 'good', '');
INSERT INTO superhero_powerstats (superhero_id, intelligence, strength, speed, durability, power, combat, cost) VALUES (389, 56, 100, 71, 75, 47, 75, 70);
INSERT INTO superhero_appearance (superhero_id, gender, race, height_cm, weight_kg, eye_color, hair_color) VALUES (389, 'Male', 'Animal', NULL, NULL, 'Yellow', 'Black');
INSERT INTO superhero_biography (superhero_id, full_name, aliases, place_of_birth, first_appearance) VALUES (389, 'King Kong', '["the 8th Wonder of the World","King of Skull Island"]', 'Skull Island', 'King Kong (1933)');
INSERT INTO superhero_images (superhero_id, xs_url, sm_url, md_url, lg_url) VALUES (389, 'https://cdn.jsdelivr.net/gh/akabab/superhero-api@0.3.0/api/images/xs/389-king-kong.jpg', 'https://cdn.jsdelivr.net/gh/akabab/superhero-api@0.3.0/api/images/sm/389-king-kong.jpg', 'https://cdn.jsdelivr.net/gh/akabab/superhero-api@0.3.0/api/images/md/389-king-kong.jpg', 'https://cdn.jsdelivr.net/gh/akabab/superhero-api@0.3.0/api/images/lg/389-king-kong.jpg');
INSERT INTO superheroes (id, name, slug, alignment, publisher) VALUES (390, 'King Shark', '390-king-shark', 'bad', 'DC Comics');
INSERT INTO superhero_powerstats (superhero_id, intelligence, strength, speed, durability, power, combat, cost) VALUES (390, 50, 88, 50, 90, 86, 40, 67);
INSERT INTO superhero_appearance (superhero_id, gender, race, height_cm, weight_kg, eye_color, hair_color) VALUES (390, 'Male', 'Animal', 0, 0, 'Black', 'No Hair');
INSERT INTO superhero_biography (superhero_id, full_name, aliases, place_of_birth, first_appearance) VALUES (390, 'Nanaue', '["-"]', NULL, 'Superboy Vol 4 #0');
INSERT INTO superhero_images (superhero_id, xs_url, sm_url, md_url, lg_url) VALUES (390, 'https://cdn.jsdelivr.net/gh/akabab/superhero-api@0.3.0/api/images/xs/390-king-shark.jpg', 'https://cdn.jsdelivr.net/gh/akabab/superhero-api@0.3.0/api/images/sm/390-king-shark.jpg', 'https://cdn.jsdelivr.net/gh/akabab/superhero-api@0.3.0/api/images/md/390-king-shark.jpg', 'https://cdn.jsdelivr.net/gh/akabab/superhero-api@0.3.0/api/images/lg/390-king-shark.jpg');
INSERT INTO superheroes (id, name, slug, alignment, publisher) VALUES (391, 'Kingpin', '391-kingpin', 'bad', 'Marvel Comics');
INSERT INTO superhero_powerstats (superhero_id, intelligence, strength, speed, durability, power, combat, cost) VALUES (391, 75, 18, 25, 40, 13, 70, 40);
INSERT INTO superhero_appearance (superhero_id, gender, race, height_cm, weight_kg, eye_color, hair_color) VALUES (391, 'Male', 'Human', 201, 203, 'Blue', 'No Hair');
INSERT INTO superhero_biography (superhero_id, full_name, aliases, place_of_birth, first_appearance) VALUES (391, 'Wilson Grant Fisk', '["The Brain Washer","Harold Howard","Wilbur"]', 'New York City area', 'Amazing Spider-Man #50 (July, 1967)');
INSERT INTO superhero_images (superhero_id, xs_url, sm_url, md_url, lg_url) VALUES (391, 'https://cdn.jsdelivr.net/gh/akabab/superhero-api@0.3.0/api/images/xs/391-kingpin.jpg', 'https://cdn.jsdelivr.net/gh/akabab/superhero-api@0.3.0/api/images/sm/391-kingpin.jpg', 'https://cdn.jsdelivr.net/gh/akabab/superhero-api@0.3.0/api/images/md/391-kingpin.jpg', 'https://cdn.jsdelivr.net/gh/akabab/superhero-api@0.3.0/api/images/lg/391-kingpin.jpg');
INSERT INTO superheroes (id, name, slug, alignment, publisher) VALUES (392, 'Klaw', '392-klaw', 'bad', 'Marvel Comics');
INSERT INTO superhero_powerstats (superhero_id, intelligence, strength, speed, durability, power, combat, cost) VALUES (392, 63, 38, 33, 100, 62, 60, 59);
INSERT INTO superhero_appearance (superhero_id, gender, race, height_cm, weight_kg, eye_color, hair_color) VALUES (392, 'Male', 'Human', 188, 97, 'Red', 'No Hair');
INSERT INTO superhero_biography (superhero_id, full_name, aliases, place_of_birth, first_appearance) VALUES (392, 'Ulysses Klaw', '["-"]', 'Vlaardingen, Netherlands', 'Fantastic Four #53 (August, 1966)');
INSERT INTO superhero_images (superhero_id, xs_url, sm_url, md_url, lg_url) VALUES (392, 'https://cdn.jsdelivr.net/gh/akabab/superhero-api@0.3.0/api/images/xs/392-klaw.jpg', 'https://cdn.jsdelivr.net/gh/akabab/superhero-api@0.3.0/api/images/sm/392-klaw.jpg', 'https://cdn.jsdelivr.net/gh/akabab/superhero-api@0.3.0/api/images/md/392-klaw.jpg', 'https://cdn.jsdelivr.net/gh/akabab/superhero-api@0.3.0/api/images/lg/392-klaw.jpg');
INSERT INTO superheroes (id, name, slug, alignment, publisher) VALUES (393, 'Kool-Aid Man', '393-kool-aid-man', 'good', NULL);
INSERT INTO superhero_powerstats (superhero_id, intelligence, strength, speed, durability, power, combat, cost) VALUES (393, 25, 18, 8, 10, 9, 14, 14);
INSERT INTO superhero_appearance (superhero_id, gender, race, height_cm, weight_kg, eye_color, hair_color) VALUES (393, 'Male', NULL, 0, 0, 'Black', 'No Hair');
INSERT INTO superhero_biography (superhero_id, full_name, aliases, place_of_birth, first_appearance) VALUES (393, '', '["Pitcher Man"]', NULL, 'As Pitcher-Man in 1954');
INSERT INTO superhero_images (superhero_id, xs_url, sm_url, md_url, lg_url) VALUES (393, 'https://cdn.jsdelivr.net/gh/akabab/superhero-api@0.3.0/api/images/xs/393-kool-aid-man.jpg', 'https://cdn.jsdelivr.net/gh/akabab/superhero-api@0.3.0/api/images/sm/393-kool-aid-man.jpg', 'https://cdn.jsdelivr.net/gh/akabab/superhero-api@0.3.0/api/images/md/393-kool-aid-man.jpg', 'https://cdn.jsdelivr.net/gh/akabab/superhero-api@0.3.0/api/images/lg/393-kool-aid-man.jpg');
INSERT INTO superheroes (id, name, slug, alignment, publisher) VALUES (394, 'Kraven II', '394-kraven-ii', 'bad', 'Marvel Comics');
INSERT INTO superhero_powerstats (superhero_id, intelligence, strength, speed, durability, power, combat, cost) VALUES (394, 50, 34, 23, 28, 43, 85, 43);
INSERT INTO superhero_appearance (superhero_id, gender, race, height_cm, weight_kg, eye_color, hair_color) VALUES (394, 'Male', 'Human', 191, 99, 'Brown', 'Black');
INSERT INTO superhero_biography (superhero_id, full_name, aliases, place_of_birth, first_appearance) VALUES (394, 'Alyosha Kravinoff', '["-"]', NULL, 'Spectacular Spider-Man #243 (1997)');
INSERT INTO superhero_images (superhero_id, xs_url, sm_url, md_url, lg_url) VALUES (394, 'https://cdn.jsdelivr.net/gh/akabab/superhero-api@0.3.0/api/images/xs/394-kraven-ii.jpg', 'https://cdn.jsdelivr.net/gh/akabab/superhero-api@0.3.0/api/images/sm/394-kraven-ii.jpg', 'https://cdn.jsdelivr.net/gh/akabab/superhero-api@0.3.0/api/images/md/394-kraven-ii.jpg', 'https://cdn.jsdelivr.net/gh/akabab/superhero-api@0.3.0/api/images/lg/394-kraven-ii.jpg');
INSERT INTO superheroes (id, name, slug, alignment, publisher) VALUES (395, 'Kraven the Hunter', '395-kraven-the-hunter', 'bad', 'Marvel Comics');
INSERT INTO superhero_powerstats (superhero_id, intelligence, strength, speed, durability, power, combat, cost) VALUES (395, 63, 32, 35, 42, 25, 85, 47);
INSERT INTO superhero_appearance (superhero_id, gender, race, height_cm, weight_kg, eye_color, hair_color) VALUES (395, 'Male', 'Human', 183, 106, 'Brown', 'Black');
INSERT INTO superhero_biography (superhero_id, full_name, aliases, place_of_birth, first_appearance) VALUES (395, 'Sergei Kravinoff', '["Kraven the Hunter","World''s Greatest Hunter","the Grim Hunter"]', 'Volgograd (formerly Stalingrad), Russia', 'The Amazing Spider-Man #15 (1964)');
INSERT INTO superhero_images (superhero_id, xs_url, sm_url, md_url, lg_url) VALUES (395, 'https://cdn.jsdelivr.net/gh/akabab/superhero-api@0.3.0/api/images/xs/395-kraven-the-hunter.jpg', 'https://cdn.jsdelivr.net/gh/akabab/superhero-api@0.3.0/api/images/sm/395-kraven-the-hunter.jpg', 'https://cdn.jsdelivr.net/gh/akabab/superhero-api@0.3.0/api/images/md/395-kraven-the-hunter.jpg', 'https://cdn.jsdelivr.net/gh/akabab/superhero-api@0.3.0/api/images/lg/395-kraven-the-hunter.jpg');
INSERT INTO superheroes (id, name, slug, alignment, publisher) VALUES (396, 'Krypto', '396-krypto', 'good', 'DC Comics');
INSERT INTO superhero_powerstats (superhero_id, intelligence, strength, speed, durability, power, combat, cost) VALUES (396, 9, 80, 100, 90, 82, 40, 66);
INSERT INTO superhero_appearance (superhero_id, gender, race, height_cm, weight_kg, eye_color, hair_color) VALUES (396, 'Male', 'Kryptonian', 64, 18, 'Blue', 'White');
INSERT INTO superhero_biography (superhero_id, full_name, aliases, place_of_birth, first_appearance) VALUES (396, 'Krypto the Superdog', '["-"]', NULL, 'Adventure Comics #210 (March, 1955)');
INSERT INTO superhero_images (superhero_id, xs_url, sm_url, md_url, lg_url) VALUES (396, 'https://cdn.jsdelivr.net/gh/akabab/superhero-api@0.3.0/api/images/xs/396-krypto.jpg', 'https://cdn.jsdelivr.net/gh/akabab/superhero-api@0.3.0/api/images/sm/396-krypto.jpg', 'https://cdn.jsdelivr.net/gh/akabab/superhero-api@0.3.0/api/images/md/396-krypto.jpg', 'https://cdn.jsdelivr.net/gh/akabab/superhero-api@0.3.0/api/images/lg/396-krypto.jpg');
INSERT INTO superheroes (id, name, slug, alignment, publisher) VALUES (397, 'Kyle Rayner', '397-kyle-rayner', 'good', 'DC Comics');
INSERT INTO superhero_powerstats (superhero_id, intelligence, strength, speed, durability, power, combat, cost) VALUES (397, 69, 90, 50, 60, 100, 60, 71);
INSERT INTO superhero_appearance (superhero_id, gender, race, height_cm, weight_kg, eye_color, hair_color) VALUES (397, 'Male', 'Human', 180, 79, 'Green', 'Black');
INSERT INTO superhero_biography (superhero_id, full_name, aliases, place_of_birth, first_appearance) VALUES (397, 'Kyle Rayner', '["Ion","Kyle Vasquez","Parallax","Torch Bearer","Honor Guard","The Last Green Lantern"]', 'North Hollywood, Los Angeles, California', 'Green Lantern Vol 3 #48');
INSERT INTO superhero_images (superhero_id, xs_url, sm_url, md_url, lg_url) VALUES (397, 'https://cdn.jsdelivr.net/gh/akabab/superhero-api@0.3.0/api/images/xs/397-kyle-rayner.jpg', 'https://cdn.jsdelivr.net/gh/akabab/superhero-api@0.3.0/api/images/sm/397-kyle-rayner.jpg', 'https://cdn.jsdelivr.net/gh/akabab/superhero-api@0.3.0/api/images/md/397-kyle-rayner.jpg', 'https://cdn.jsdelivr.net/gh/akabab/superhero-api@0.3.0/api/images/lg/397-kyle-rayner.jpg');
INSERT INTO superheroes (id, name, slug, alignment, publisher) VALUES (398, 'Kylo Ren', '398-kylo-ren', 'bad', 'George Lucas');
INSERT INTO superhero_powerstats (superhero_id, intelligence, strength, speed, durability, power, combat, cost) VALUES (398, 56, 44, 33, 30, 100, 70, 55);
INSERT INTO superhero_appearance (superhero_id, gender, race, height_cm, weight_kg, eye_color, hair_color) VALUES (398, 'Male', 'Human', 0, 0, NULL, NULL);
INSERT INTO superhero_biography (superhero_id, full_name, aliases, place_of_birth, first_appearance) VALUES (398, 'Ben Solo', '["-"]', NULL, 'Star Wars: Episode VII - The Force Awakens (2015)');
INSERT INTO superhero_images (superhero_id, xs_url, sm_url, md_url, lg_url) VALUES (398, 'https://cdn.jsdelivr.net/gh/akabab/superhero-api@0.3.0/api/images/xs/398-kylo-ren.jpg', 'https://cdn.jsdelivr.net/gh/akabab/superhero-api@0.3.0/api/images/sm/398-kylo-ren.jpg', 'https://cdn.jsdelivr.net/gh/akabab/superhero-api@0.3.0/api/images/md/398-kylo-ren.jpg', 'https://cdn.jsdelivr.net/gh/akabab/superhero-api@0.3.0/api/images/lg/398-kylo-ren.jpg');
INSERT INTO superheroes (id, name, slug, alignment, publisher) VALUES (400, 'Lady Deathstrike', '400-lady-deathstrike', 'bad', 'Marvel Comics');
INSERT INTO superhero_powerstats (superhero_id, intelligence, strength, speed, durability, power, combat, cost) VALUES (400, 63, 28, 42, 85, 48, 90, 59);
INSERT INTO superhero_appearance (superhero_id, gender, race, height_cm, weight_kg, eye_color, hair_color) VALUES (400, 'Female', 'Cyborg', 175, 58, 'Brown', 'Black');
INSERT INTO superhero_biography (superhero_id, full_name, aliases, place_of_birth, first_appearance) VALUES (400, 'Yuriko Oyama', '["Ana Cortes"]', 'Osaka, Japan', 'Alpha Flight Vol. 1 #33 (1985)');
INSERT INTO superhero_images (superhero_id, xs_url, sm_url, md_url, lg_url) VALUES (400, 'https://cdn.jsdelivr.net/gh/akabab/superhero-api@0.3.0/api/images/xs/400-lady-deathstrike.jpg', 'https://cdn.jsdelivr.net/gh/akabab/superhero-api@0.3.0/api/images/sm/400-lady-deathstrike.jpg', 'https://cdn.jsdelivr.net/gh/akabab/superhero-api@0.3.0/api/images/md/400-lady-deathstrike.jpg', 'https://cdn.jsdelivr.net/gh/akabab/superhero-api@0.3.0/api/images/lg/400-lady-deathstrike.jpg');
INSERT INTO superheroes (id, name, slug, alignment, publisher) VALUES (401, 'Leader', '401-leader', 'bad', 'Marvel Comics');
INSERT INTO superhero_powerstats (superhero_id, intelligence, strength, speed, durability, power, combat, cost) VALUES (401, 100, 10, 12, 14, 59, 42, 39);
INSERT INTO superhero_appearance (superhero_id, gender, race, height_cm, weight_kg, eye_color, hair_color) VALUES (401, 'Male', NULL, 178, 63, 'Green', 'No Hair');
INSERT INTO superhero_biography (superhero_id, full_name, aliases, place_of_birth, first_appearance) VALUES (401, 'Samuel Sterns', '["-"]', 'Boise, Idaho', NULL);
INSERT INTO superhero_images (superhero_id, xs_url, sm_url, md_url, lg_url) VALUES (401, 'https://cdn.jsdelivr.net/gh/akabab/superhero-api@0.3.0/api/images/xs/401-leader.jpg', 'https://cdn.jsdelivr.net/gh/akabab/superhero-api@0.3.0/api/images/sm/401-leader.jpg', 'https://cdn.jsdelivr.net/gh/akabab/superhero-api@0.3.0/api/images/md/401-leader.jpg', 'https://cdn.jsdelivr.net/gh/akabab/superhero-api@0.3.0/api/images/lg/401-leader.jpg');
INSERT INTO superheroes (id, name, slug, alignment, publisher) VALUES (402, 'Leech', '402-leech', 'good', 'Marvel Comics');
INSERT INTO superhero_powerstats (superhero_id, intelligence, strength, speed, durability, power, combat, cost) VALUES (402, 25, 5, 12, 14, 62, 14, 22);
INSERT INTO superhero_appearance (superhero_id, gender, race, height_cm, weight_kg, eye_color, hair_color) VALUES (402, 'Male', NULL, 0, 0, NULL, NULL);
INSERT INTO superhero_biography (superhero_id, full_name, aliases, place_of_birth, first_appearance) VALUES (402, '', '["-"]', NULL, 'Uncanny X-Men #179');
INSERT INTO superhero_images (superhero_id, xs_url, sm_url, md_url, lg_url) VALUES (402, 'https://cdn.jsdelivr.net/gh/akabab/superhero-api@0.3.0/api/images/xs/402-leech.jpg', 'https://cdn.jsdelivr.net/gh/akabab/superhero-api@0.3.0/api/images/sm/402-leech.jpg', 'https://cdn.jsdelivr.net/gh/akabab/superhero-api@0.3.0/api/images/md/402-leech.jpg', 'https://cdn.jsdelivr.net/gh/akabab/superhero-api@0.3.0/api/images/lg/402-leech.jpg');
INSERT INTO superheroes (id, name, slug, alignment, publisher) VALUES (403, 'Legion', '403-legion', 'good', 'Marvel Comics');
INSERT INTO superhero_powerstats (superhero_id, intelligence, strength, speed, durability, power, combat, cost) VALUES (403, 50, 100, 42, 30, 100, 75, 66);
INSERT INTO superhero_appearance (superhero_id, gender, race, height_cm, weight_kg, eye_color, hair_color) VALUES (403, 'Male', 'Mutant', 175, 59, 'Green / Blue', 'Black');
INSERT INTO superhero_biography (superhero_id, full_name, aliases, place_of_birth, first_appearance) VALUES (403, 'David Haller', '["Jack Wayne","Cyndi","Jemail Karami","Daniel Lucas Haller","Daniel Haller","Rodney","Ian","Lucas","Fanya","Boris","Zachary","Sylvester","God-Mutant"]', 'Israel', 'New Mutants #25 (March, 1985)');
INSERT INTO superhero_images (superhero_id, xs_url, sm_url, md_url, lg_url) VALUES (403, 'https://cdn.jsdelivr.net/gh/akabab/superhero-api@0.3.0/api/images/xs/403-legion.jpg', 'https://cdn.jsdelivr.net/gh/akabab/superhero-api@0.3.0/api/images/sm/403-legion.jpg', 'https://cdn.jsdelivr.net/gh/akabab/superhero-api@0.3.0/api/images/md/403-legion.jpg', 'https://cdn.jsdelivr.net/gh/akabab/superhero-api@0.3.0/api/images/lg/403-legion.jpg');
INSERT INTO superheroes (id, name, slug, alignment, publisher) VALUES (404, 'Leonardo', '404-leonardo', 'good', 'IDW Publishing');
INSERT INTO superhero_powerstats (superhero_id, intelligence, strength, speed, durability, power, combat, cost) VALUES (404, 75, 16, 50, 65, 59, 80, 57);
INSERT INTO superhero_appearance (superhero_id, gender, race, height_cm, weight_kg, eye_color, hair_color) VALUES (404, 'Male', 'Mutant', 0, 0, 'Blue', 'No Hair');
INSERT INTO superhero_biography (superhero_id, full_name, aliases, place_of_birth, first_appearance) VALUES (404, 'Leonardo', '["Leo","Ghost of the Jungle","Splinter Jr."]', NULL, 'Teenage Mutant Ninja Turtles #1');
INSERT INTO superhero_images (superhero_id, xs_url, sm_url, md_url, lg_url) VALUES (404, 'https://cdn.jsdelivr.net/gh/akabab/superhero-api@0.3.0/api/images/xs/404-leonardo.jpg', 'https://cdn.jsdelivr.net/gh/akabab/superhero-api@0.3.0/api/images/sm/404-leonardo.jpg', 'https://cdn.jsdelivr.net/gh/akabab/superhero-api@0.3.0/api/images/md/404-leonardo.jpg', 'https://cdn.jsdelivr.net/gh/akabab/superhero-api@0.3.0/api/images/lg/404-leonardo.jpg');
INSERT INTO superheroes (id, name, slug, alignment, publisher) VALUES (405, 'Lex Luthor', '405-lex-luthor', 'bad', 'DC Comics');
INSERT INTO superhero_powerstats (superhero_id, intelligence, strength, speed, durability, power, combat, cost) VALUES (405, 100, 53, 25, 65, 68, 70, 63);
INSERT INTO superhero_appearance (superhero_id, gender, race, height_cm, weight_kg, eye_color, hair_color) VALUES (405, 'Male', 'Human', 188, 95, 'Green', 'No Hair');
INSERT INTO superhero_biography (superhero_id, full_name, aliases, place_of_birth, first_appearance) VALUES (405, 'Lex Luthor', '["-"]', NULL, 'Action Comics #23');
INSERT INTO superhero_images (superhero_id, xs_url, sm_url, md_url, lg_url) VALUES (405, 'https://cdn.jsdelivr.net/gh/akabab/superhero-api@0.3.0/api/images/xs/405-lex-luthor.jpg', 'https://cdn.jsdelivr.net/gh/akabab/superhero-api@0.3.0/api/images/sm/405-lex-luthor.jpg', 'https://cdn.jsdelivr.net/gh/akabab/superhero-api@0.3.0/api/images/md/405-lex-luthor.jpg', 'https://cdn.jsdelivr.net/gh/akabab/superhero-api@0.3.0/api/images/lg/405-lex-luthor.jpg');
INSERT INTO superheroes (id, name, slug, alignment, publisher) VALUES (406, 'Light Lass', '406-light-lass', 'good', 'DC Comics');
INSERT INTO superhero_powerstats (superhero_id, intelligence, strength, speed, durability, power, combat, cost) VALUES (406, 38, 10, 35, 28, 67, 42, 36);
INSERT INTO superhero_appearance (superhero_id, gender, race, height_cm, weight_kg, eye_color, hair_color) VALUES (406, 'Female', NULL, 165, 54, 'Blue', 'Red');
INSERT INTO superhero_biography (superhero_id, full_name, aliases, place_of_birth, first_appearance) VALUES (406, 'Ayla Ranzz', '["-"]', NULL, 'Teen Titans/Legion Special #1');
INSERT INTO superhero_images (superhero_id, xs_url, sm_url, md_url, lg_url) VALUES (406, 'https://cdn.jsdelivr.net/gh/akabab/superhero-api@0.3.0/api/images/xs/406-light-lass.jpg', 'https://cdn.jsdelivr.net/gh/akabab/superhero-api@0.3.0/api/images/sm/406-light-lass.jpg', 'https://cdn.jsdelivr.net/gh/akabab/superhero-api@0.3.0/api/images/md/406-light-lass.jpg', 'https://cdn.jsdelivr.net/gh/akabab/superhero-api@0.3.0/api/images/lg/406-light-lass.jpg');
INSERT INTO superheroes (id, name, slug, alignment, publisher) VALUES (407, 'Lightning Lad', '407-lightning-lad', 'good', 'DC Comics');
INSERT INTO superhero_powerstats (superhero_id, intelligence, strength, speed, durability, power, combat, cost) VALUES (407, 38, 10, 23, 28, 60, 42, 33);
INSERT INTO superhero_appearance (superhero_id, gender, race, height_cm, weight_kg, eye_color, hair_color) VALUES (407, 'Male', NULL, 155, 65, 'Blue', 'Red');
INSERT INTO superhero_biography (superhero_id, full_name, aliases, place_of_birth, first_appearance) VALUES (407, 'Garth Ranzz', '["Lightning Boy","Live Wire"]', NULL, 'Teen Titans/Legion Special #1');
INSERT INTO superhero_images (superhero_id, xs_url, sm_url, md_url, lg_url) VALUES (407, 'https://cdn.jsdelivr.net/gh/akabab/superhero-api@0.3.0/api/images/xs/407-lightning-lad.jpg', 'https://cdn.jsdelivr.net/gh/akabab/superhero-api@0.3.0/api/images/sm/407-lightning-lad.jpg', 'https://cdn.jsdelivr.net/gh/akabab/superhero-api@0.3.0/api/images/md/407-lightning-lad.jpg', 'https://cdn.jsdelivr.net/gh/akabab/superhero-api@0.3.0/api/images/lg/407-lightning-lad.jpg');
INSERT INTO superheroes (id, name, slug, alignment, publisher) VALUES (408, 'Lightning Lord', '408-lightning-lord', 'bad', 'DC Comics');
INSERT INTO superhero_powerstats (superhero_id, intelligence, strength, speed, durability, power, combat, cost) VALUES (408, 44, 10, 23, 42, 66, 42, 37);
INSERT INTO superhero_appearance (superhero_id, gender, race, height_cm, weight_kg, eye_color, hair_color) VALUES (408, 'Male', NULL, 191, 95, 'Blue', 'Red');
INSERT INTO superhero_biography (superhero_id, full_name, aliases, place_of_birth, first_appearance) VALUES (408, 'Mekt Ranzz', '["-"]', NULL, 'Supergirl and the Legion of Super-Heroes #25 (Feb. 2007)');
INSERT INTO superhero_images (superhero_id, xs_url, sm_url, md_url, lg_url) VALUES (408, 'https://cdn.jsdelivr.net/gh/akabab/superhero-api@0.3.0/api/images/xs/408-lightning-lord.jpg', 'https://cdn.jsdelivr.net/gh/akabab/superhero-api@0.3.0/api/images/sm/408-lightning-lord.jpg', 'https://cdn.jsdelivr.net/gh/akabab/superhero-api@0.3.0/api/images/md/408-lightning-lord.jpg', 'https://cdn.jsdelivr.net/gh/akabab/superhero-api@0.3.0/api/images/lg/408-lightning-lord.jpg');
INSERT INTO superheroes (id, name, slug, alignment, publisher) VALUES (409, 'Living Brain', '409-living-brain', 'bad', 'Marvel Comics');
INSERT INTO superhero_powerstats (superhero_id, intelligence, strength, speed, durability, power, combat, cost) VALUES (409, 75, 53, 35, 56, 31, 28, 46);
INSERT INTO superhero_appearance (superhero_id, gender, race, height_cm, weight_kg, eye_color, hair_color) VALUES (409, NULL, NULL, 198, 360, 'Yellow', NULL);
INSERT INTO superhero_biography (superhero_id, full_name, aliases, place_of_birth, first_appearance) VALUES (409, '', '["-"]', NULL, 'Amazing Spider-Man #8 (1964)');
INSERT INTO superhero_images (superhero_id, xs_url, sm_url, md_url, lg_url) VALUES (409, 'https://cdn.jsdelivr.net/gh/akabab/superhero-api@0.3.0/api/images/xs/409-living-brain.jpg', 'https://cdn.jsdelivr.net/gh/akabab/superhero-api@0.3.0/api/images/sm/409-living-brain.jpg', 'https://cdn.jsdelivr.net/gh/akabab/superhero-api@0.3.0/api/images/md/409-living-brain.jpg', 'https://cdn.jsdelivr.net/gh/akabab/superhero-api@0.3.0/api/images/lg/409-living-brain.jpg');
INSERT INTO superheroes (id, name, slug, alignment, publisher) VALUES (410, 'Living Tribunal', '410-living-tribunal', 'neutral', 'Marvel Comics');
INSERT INTO superhero_powerstats (superhero_id, intelligence, strength, speed, durability, power, combat, cost) VALUES (410, 100, 100, 100, 100, 100, 30, 88);
INSERT INTO superhero_appearance (superhero_id, gender, race, height_cm, weight_kg, eye_color, hair_color) VALUES (410, NULL, 'Cosmic Entity', 0, 0, 'Blue', 'No Hair');
INSERT INTO superhero_biography (superhero_id, full_name, aliases, place_of_birth, first_appearance) VALUES (410, '', '["Living Trinity","Magistrate","High Judge of The Multiverse","Sir"]', NULL, 'Strange Tales #157');
INSERT INTO superhero_images (superhero_id, xs_url, sm_url, md_url, lg_url) VALUES (410, 'https://cdn.jsdelivr.net/gh/akabab/superhero-api@0.3.0/api/images/xs/410-living-tribunal.jpg', 'https://cdn.jsdelivr.net/gh/akabab/superhero-api@0.3.0/api/images/sm/410-living-tribunal.jpg', 'https://cdn.jsdelivr.net/gh/akabab/superhero-api@0.3.0/api/images/md/410-living-tribunal.jpg', 'https://cdn.jsdelivr.net/gh/akabab/superhero-api@0.3.0/api/images/lg/410-living-tribunal.jpg');
INSERT INTO superheroes (id, name, slug, alignment, publisher) VALUES (412, 'Lizard', '412-lizard', 'bad', 'Marvel Comics');
INSERT INTO superhero_powerstats (superhero_id, intelligence, strength, speed, durability, power, combat, cost) VALUES (412, 50, 51, 27, 70, 63, 56, 52);
INSERT INTO superhero_appearance (superhero_id, gender, race, height_cm, weight_kg, eye_color, hair_color) VALUES (412, 'Male', 'Human', 203, 230, 'Red', 'No Hair');
INSERT INTO superhero_biography (superhero_id, full_name, aliases, place_of_birth, first_appearance) VALUES (412, 'Curtis Connors', '["-"]', 'Coral Gables, Florida', 'Amazing Spider-Man #6');
INSERT INTO superhero_images (superhero_id, xs_url, sm_url, md_url, lg_url) VALUES (412, 'https://cdn.jsdelivr.net/gh/akabab/superhero-api@0.3.0/api/images/xs/412-lizard.jpg', 'https://cdn.jsdelivr.net/gh/akabab/superhero-api@0.3.0/api/images/sm/412-lizard.jpg', 'https://cdn.jsdelivr.net/gh/akabab/superhero-api@0.3.0/api/images/md/412-lizard.jpg', 'https://cdn.jsdelivr.net/gh/akabab/superhero-api@0.3.0/api/images/lg/412-lizard.jpg');
INSERT INTO superheroes (id, name, slug, alignment, publisher) VALUES (413, 'Lobo', '413-lobo', 'neutral', 'DC Comics');
INSERT INTO superhero_powerstats (superhero_id, intelligence, strength, speed, durability, power, combat, cost) VALUES (413, 94, 100, 54, 100, 100, 85, 88);
INSERT INTO superhero_appearance (superhero_id, gender, race, height_cm, weight_kg, eye_color, hair_color) VALUES (413, 'Male', 'Czarnian', 229, 288, 'Red', 'Black');
INSERT INTO superhero_biography (superhero_id, full_name, aliases, place_of_birth, first_appearance) VALUES (413, 'Lobo', '["The Main Man","The ''Bo","Master Frag","Mister Machete","Popebo; He-Who-Devours-Your-Entrails-And-Thoroughly-Enjoys-It"]', NULL, 'Omega Men # 3');
INSERT INTO superhero_images (superhero_id, xs_url, sm_url, md_url, lg_url) VALUES (413, 'https://cdn.jsdelivr.net/gh/akabab/superhero-api@0.3.0/api/images/xs/413-lobo.jpg', 'https://cdn.jsdelivr.net/gh/akabab/superhero-api@0.3.0/api/images/sm/413-lobo.jpg', 'https://cdn.jsdelivr.net/gh/akabab/superhero-api@0.3.0/api/images/md/413-lobo.jpg', 'https://cdn.jsdelivr.net/gh/akabab/superhero-api@0.3.0/api/images/lg/413-lobo.jpg');
INSERT INTO superheroes (id, name, slug, alignment, publisher) VALUES (414, 'Loki', '414-loki', 'bad', 'Marvel Comics');
INSERT INTO superhero_powerstats (superhero_id, intelligence, strength, speed, durability, power, combat, cost) VALUES (414, 88, 63, 46, 85, 100, 60, 73);
INSERT INTO superhero_appearance (superhero_id, gender, race, height_cm, weight_kg, eye_color, hair_color) VALUES (414, 'Male', 'Asgardian', 193, 236, 'Green', 'Black');
INSERT INTO superhero_biography (superhero_id, full_name, aliases, place_of_birth, first_appearance) VALUES (414, 'Loki Laufeyson', '["God of Mischief","Gem-Keeper","Walter Lawson","Lester","Loren Olsen","Tyfon","Father Williams","Willie","Tso Zhung; has also impersonated hundreds of others."]', 'Jotunheim, Asgard', 'Journey into Mystery Vol. 1 #85');
INSERT INTO superhero_images (superhero_id, xs_url, sm_url, md_url, lg_url) VALUES (414, 'https://cdn.jsdelivr.net/gh/akabab/superhero-api@0.3.0/api/images/xs/414-loki.jpg', 'https://cdn.jsdelivr.net/gh/akabab/superhero-api@0.3.0/api/images/sm/414-loki.jpg', 'https://cdn.jsdelivr.net/gh/akabab/superhero-api@0.3.0/api/images/md/414-loki.jpg', 'https://cdn.jsdelivr.net/gh/akabab/superhero-api@0.3.0/api/images/lg/414-loki.jpg');
INSERT INTO superheroes (id, name, slug, alignment, publisher) VALUES (415, 'Longshot', '415-longshot', 'good', 'Marvel Comics');
INSERT INTO superhero_powerstats (superhero_id, intelligence, strength, speed, durability, power, combat, cost) VALUES (415, 50, 10, 27, 10, 71, 70, 39);
INSERT INTO superhero_appearance (superhero_id, gender, race, height_cm, weight_kg, eye_color, hair_color) VALUES (415, 'Male', 'Human', 188, 36, 'Blue', 'Blond');
INSERT INTO superhero_biography (superhero_id, full_name, aliases, place_of_birth, first_appearance) VALUES (415, '', '["The Lost Messiah","The Lucky One"]', NULL, 'Longshot #1 (September, 1985)');
INSERT INTO superhero_images (superhero_id, xs_url, sm_url, md_url, lg_url) VALUES (415, 'https://cdn.jsdelivr.net/gh/akabab/superhero-api@0.3.0/api/images/xs/415-longshot.jpg', 'https://cdn.jsdelivr.net/gh/akabab/superhero-api@0.3.0/api/images/sm/415-longshot.jpg', 'https://cdn.jsdelivr.net/gh/akabab/superhero-api@0.3.0/api/images/md/415-longshot.jpg', 'https://cdn.jsdelivr.net/gh/akabab/superhero-api@0.3.0/api/images/lg/415-longshot.jpg');
INSERT INTO superheroes (id, name, slug, alignment, publisher) VALUES (416, 'Luke Cage', '416-luke-cage', 'good', 'Power Man');
INSERT INTO superhero_powerstats (superhero_id, intelligence, strength, speed, durability, power, combat, cost) VALUES (416, 50, 63, 29, 95, 44, 70, 58);
INSERT INTO superhero_appearance (superhero_id, gender, race, height_cm, weight_kg, eye_color, hair_color) VALUES (416, 'Male', 'Human', 198, 191, 'Brown', 'Black');
INSERT INTO superhero_biography (superhero_id, full_name, aliases, place_of_birth, first_appearance) VALUES (416, 'Luke Cage', '["Carl Lucas","Power Man","Mark Lucas","Hero for Hire","Ace of Spades"]', 'Harlem, New York City', 'Hero for Hire #1 (1972)');
INSERT INTO superhero_images (superhero_id, xs_url, sm_url, md_url, lg_url) VALUES (416, 'https://cdn.jsdelivr.net/gh/akabab/superhero-api@0.3.0/api/images/xs/416-luke-cage.jpg', 'https://cdn.jsdelivr.net/gh/akabab/superhero-api@0.3.0/api/images/sm/416-luke-cage.jpg', 'https://cdn.jsdelivr.net/gh/akabab/superhero-api@0.3.0/api/images/md/416-luke-cage.jpg', 'https://cdn.jsdelivr.net/gh/akabab/superhero-api@0.3.0/api/images/lg/416-luke-cage.jpg');
INSERT INTO superheroes (id, name, slug, alignment, publisher) VALUES (418, 'Luke Skywalker', '418-luke-skywalker', 'good', 'George Lucas');
INSERT INTO superhero_powerstats (superhero_id, intelligence, strength, speed, durability, power, combat, cost) VALUES (418, 69, 38, 42, 25, 100, 100, 62);
INSERT INTO superhero_appearance (superhero_id, gender, race, height_cm, weight_kg, eye_color, hair_color) VALUES (418, 'Male', 'Human', 168, 77, 'Blue', 'Blond');
INSERT INTO superhero_biography (superhero_id, full_name, aliases, place_of_birth, first_appearance) VALUES (418, 'Luke Skywalker', '["General Skywalker","Master Luke","Jedi"]', 'Tatooine', 'Star Wars: Episode IV - A New Hope (1977)');
INSERT INTO superhero_images (superhero_id, xs_url, sm_url, md_url, lg_url) VALUES (418, 'https://cdn.jsdelivr.net/gh/akabab/superhero-api@0.3.0/api/images/xs/418-luke-skywalker.jpg', 'https://cdn.jsdelivr.net/gh/akabab/superhero-api@0.3.0/api/images/sm/418-luke-skywalker.jpg', 'https://cdn.jsdelivr.net/gh/akabab/superhero-api@0.3.0/api/images/md/418-luke-skywalker.jpg', 'https://cdn.jsdelivr.net/gh/akabab/superhero-api@0.3.0/api/images/lg/418-luke-skywalker.jpg');
INSERT INTO superheroes (id, name, slug, alignment, publisher) VALUES (419, 'Luna', '419-luna', 'good', 'Marvel Comics');
INSERT INTO superhero_powerstats (superhero_id, intelligence, strength, speed, durability, power, combat, cost) VALUES (419, 38, 6, 83, 14, 53, 14, 34);
INSERT INTO superhero_appearance (superhero_id, gender, race, height_cm, weight_kg, eye_color, hair_color) VALUES (419, 'Female', 'Human', 0, 0, NULL, NULL);
INSERT INTO superhero_biography (superhero_id, full_name, aliases, place_of_birth, first_appearance) VALUES (419, 'Luna Maximoff', '["-"]', 'Attilan, Blue Area of the Moon', NULL);
INSERT INTO superhero_images (superhero_id, xs_url, sm_url, md_url, lg_url) VALUES (419, 'https://cdn.jsdelivr.net/gh/akabab/superhero-api@0.3.0/api/images/xs/419-luna.jpg', 'https://cdn.jsdelivr.net/gh/akabab/superhero-api@0.3.0/api/images/sm/419-luna.jpg', 'https://cdn.jsdelivr.net/gh/akabab/superhero-api@0.3.0/api/images/md/419-luna.jpg', 'https://cdn.jsdelivr.net/gh/akabab/superhero-api@0.3.0/api/images/lg/419-luna.jpg');
INSERT INTO superheroes (id, name, slug, alignment, publisher) VALUES (421, 'Mach-IV', '421-mach-iv', 'bad', 'Marvel Comics');
INSERT INTO superhero_powerstats (superhero_id, intelligence, strength, speed, durability, power, combat, cost) VALUES (421, 75, 36, 60, 84, 60, 56, 61);
INSERT INTO superhero_appearance (superhero_id, gender, race, height_cm, weight_kg, eye_color, hair_color) VALUES (421, 'Male', NULL, 180, 79, 'Brown', 'Brown');
INSERT INTO superhero_biography (superhero_id, full_name, aliases, place_of_birth, first_appearance) VALUES (421, 'Abner Jenkins', '["Beetle","MACH-I","MACH-II","MACH-III","Matthew"]', 'Baltimore, Maryland', '(Beetle) Strange Tales #123 (1964); (MACH-I) Incredible Hulk #449 (1997); (MACH-II) Thunderbolts #37 (2000); (MACH-III) Thunderbolts #57 (2001); (MACH-IV) New Thunderbolts #1 (2005)');
INSERT INTO superhero_images (superhero_id, xs_url, sm_url, md_url, lg_url) VALUES (421, 'https://cdn.jsdelivr.net/gh/akabab/superhero-api@0.3.0/api/images/xs/421-mach-iv.jpg', 'https://cdn.jsdelivr.net/gh/akabab/superhero-api@0.3.0/api/images/sm/421-mach-iv.jpg', 'https://cdn.jsdelivr.net/gh/akabab/superhero-api@0.3.0/api/images/md/421-mach-iv.jpg', 'https://cdn.jsdelivr.net/gh/akabab/superhero-api@0.3.0/api/images/lg/421-mach-iv.jpg');
INSERT INTO superheroes (id, name, slug, alignment, publisher) VALUES (422, 'Machine Man', '422-machine-man', 'good', 'Marvel Comics');
INSERT INTO superhero_powerstats (superhero_id, intelligence, strength, speed, durability, power, combat, cost) VALUES (422, 63, 32, 35, 84, 51, 64, 54);
INSERT INTO superhero_appearance (superhero_id, gender, race, height_cm, weight_kg, eye_color, hair_color) VALUES (422, NULL, NULL, 183, 383, 'Red', 'Black');
INSERT INTO superhero_biography (superhero_id, full_name, aliases, place_of_birth, first_appearance) VALUES (422, 'X-51, Aaron Stack', '["Sir McHinery","Mister Machine.Machine Man"]', 'Central City, California', 'First appearance unknown');
INSERT INTO superhero_images (superhero_id, xs_url, sm_url, md_url, lg_url) VALUES (422, 'https://cdn.jsdelivr.net/gh/akabab/superhero-api@0.3.0/api/images/xs/422-machine-man.jpg', 'https://cdn.jsdelivr.net/gh/akabab/superhero-api@0.3.0/api/images/sm/422-machine-man.jpg', 'https://cdn.jsdelivr.net/gh/akabab/superhero-api@0.3.0/api/images/md/422-machine-man.jpg', 'https://cdn.jsdelivr.net/gh/akabab/superhero-api@0.3.0/api/images/lg/422-machine-man.jpg');
INSERT INTO superheroes (id, name, slug, alignment, publisher) VALUES (423, 'Magneto', '423-magneto', 'bad', 'Marvel Comics');
INSERT INTO superhero_powerstats (superhero_id, intelligence, strength, speed, durability, power, combat, cost) VALUES (423, 88, 80, 27, 84, 91, 80, 75);
INSERT INTO superhero_appearance (superhero_id, gender, race, height_cm, weight_kg, eye_color, hair_color) VALUES (423, 'Male', 'Mutant', 188, 86, 'Grey', 'White');
INSERT INTO superhero_biography (superhero_id, full_name, aliases, place_of_birth, first_appearance) VALUES (423, 'Erik Magnus Lensherr', '["The Creator","Erik Magnus Lehnsherr","Michael Xavier","White Pilgrim","Erik the RedThe Master of Magnetism"]', 'Unrevealed, probably somewhere in Northern Europe', 'X-MEN Vol. 1 #1');
INSERT INTO superhero_images (superhero_id, xs_url, sm_url, md_url, lg_url) VALUES (423, 'https://cdn.jsdelivr.net/gh/akabab/superhero-api@0.3.0/api/images/xs/423-magneto.jpg', 'https://cdn.jsdelivr.net/gh/akabab/superhero-api@0.3.0/api/images/sm/423-magneto.jpg', 'https://cdn.jsdelivr.net/gh/akabab/superhero-api@0.3.0/api/images/md/423-magneto.jpg', 'https://cdn.jsdelivr.net/gh/akabab/superhero-api@0.3.0/api/images/lg/423-magneto.jpg');
INSERT INTO superheroes (id, name, slug, alignment, publisher) VALUES (424, 'Magog', '424-magog', 'good', 'DC Comics');
INSERT INTO superhero_powerstats (superhero_id, intelligence, strength, speed, durability, power, combat, cost) VALUES (424, 50, 48, 23, 64, 66, 72, 53);
INSERT INTO superhero_appearance (superhero_id, gender, race, height_cm, weight_kg, eye_color, hair_color) VALUES (424, 'Male', NULL, 0, 0, 'Blue', 'Blond');
INSERT INTO superhero_biography (superhero_id, full_name, aliases, place_of_birth, first_appearance) VALUES (424, 'David Reid', '["-"]', NULL, NULL);
INSERT INTO superhero_images (superhero_id, xs_url, sm_url, md_url, lg_url) VALUES (424, 'https://cdn.jsdelivr.net/gh/akabab/superhero-api@0.3.0/api/images/xs/424-magog.jpg', 'https://cdn.jsdelivr.net/gh/akabab/superhero-api@0.3.0/api/images/sm/424-magog.jpg', 'https://cdn.jsdelivr.net/gh/akabab/superhero-api@0.3.0/api/images/md/424-magog.jpg', 'https://cdn.jsdelivr.net/gh/akabab/superhero-api@0.3.0/api/images/lg/424-magog.jpg');
INSERT INTO superheroes (id, name, slug, alignment, publisher) VALUES (425, 'Magus', '425-magus', 'bad', 'Marvel Comics');
INSERT INTO superhero_powerstats (superhero_id, intelligence, strength, speed, durability, power, combat, cost) VALUES (425, 88, 100, 70, 99, 100, 74, 88);
INSERT INTO superhero_appearance (superhero_id, gender, race, height_cm, weight_kg, eye_color, hair_color) VALUES (425, 'Male', NULL, 183, 0, 'Black', NULL);
INSERT INTO superhero_biography (superhero_id, full_name, aliases, place_of_birth, first_appearance) VALUES (425, '', '["Warlock''s Father"]', 'Kvch (Technarchy?s home planet)', 'New Mutants #18 (1984)');
INSERT INTO superhero_images (superhero_id, xs_url, sm_url, md_url, lg_url) VALUES (425, 'https://cdn.jsdelivr.net/gh/akabab/superhero-api@0.3.0/api/images/xs/425-magus.jpg', 'https://cdn.jsdelivr.net/gh/akabab/superhero-api@0.3.0/api/images/sm/425-magus.jpg', 'https://cdn.jsdelivr.net/gh/akabab/superhero-api@0.3.0/api/images/md/425-magus.jpg', 'https://cdn.jsdelivr.net/gh/akabab/superhero-api@0.3.0/api/images/lg/425-magus.jpg');
INSERT INTO superheroes (id, name, slug, alignment, publisher) VALUES (426, 'Man of Miracles', '426-man-of-miracles', 'null', 'Image Comics');
INSERT INTO superhero_powerstats (superhero_id, intelligence, strength, speed, durability, power, combat, cost) VALUES (426, 100, 100, 100, 100, 100, 100, 100);
INSERT INTO superhero_appearance (superhero_id, gender, race, height_cm, weight_kg, eye_color, hair_color) VALUES (426, NULL, 'God / Eternal', 0, 0, 'Blue', 'Silver');
INSERT INTO superhero_biography (superhero_id, full_name, aliases, place_of_birth, first_appearance) VALUES (426, '', '["Mother Of Existence"]', NULL, 'Spawn #75');
INSERT INTO superhero_images (superhero_id, xs_url, sm_url, md_url, lg_url) VALUES (426, 'https://cdn.jsdelivr.net/gh/akabab/superhero-api@0.3.0/api/images/xs/426-man-of-miracles.jpg', 'https://cdn.jsdelivr.net/gh/akabab/superhero-api@0.3.0/api/images/sm/426-man-of-miracles.jpg', 'https://cdn.jsdelivr.net/gh/akabab/superhero-api@0.3.0/api/images/md/426-man-of-miracles.jpg', 'https://cdn.jsdelivr.net/gh/akabab/superhero-api@0.3.0/api/images/lg/426-man-of-miracles.jpg');
INSERT INTO superheroes (id, name, slug, alignment, publisher) VALUES (427, 'Man-Bat', '427-man-bat', 'neutral', 'DC Comics');
INSERT INTO superhero_powerstats (superhero_id, intelligence, strength, speed, durability, power, combat, cost) VALUES (427, 38, 18, 50, 70, 33, 30, 39);
INSERT INTO superhero_appearance (superhero_id, gender, race, height_cm, weight_kg, eye_color, hair_color) VALUES (427, 'Male', 'Human', 0, 0, 'Brown', 'Brown');
INSERT INTO superhero_biography (superhero_id, full_name, aliases, place_of_birth, first_appearance) VALUES (427, 'Robert Kirkland Langstrom', '["Kirk Langstrom"]', 'Chicago, Illinois', 'Detective Comics #400 (June, 1970)');
INSERT INTO superhero_images (superhero_id, xs_url, sm_url, md_url, lg_url) VALUES (427, 'https://cdn.jsdelivr.net/gh/akabab/superhero-api@0.3.0/api/images/xs/427-man-bat.jpg', 'https://cdn.jsdelivr.net/gh/akabab/superhero-api@0.3.0/api/images/sm/427-man-bat.jpg', 'https://cdn.jsdelivr.net/gh/akabab/superhero-api@0.3.0/api/images/md/427-man-bat.jpg', 'https://cdn.jsdelivr.net/gh/akabab/superhero-api@0.3.0/api/images/lg/427-man-bat.jpg');
INSERT INTO superheroes (id, name, slug, alignment, publisher) VALUES (428, 'Man-Thing', '428-man-thing', 'good', 'Marvel Comics');
INSERT INTO superhero_powerstats (superhero_id, intelligence, strength, speed, durability, power, combat, cost) VALUES (428, 50, 32, 8, 100, 100, 40, 55);
INSERT INTO superhero_appearance (superhero_id, gender, race, height_cm, weight_kg, eye_color, hair_color) VALUES (428, 'Male', NULL, 213, 225, 'Red', 'No Hair');
INSERT INTO superhero_biography (superhero_id, full_name, aliases, place_of_birth, first_appearance) VALUES (428, 'Dr. Theodore Sallis', '["the Vagornus Koth; the Swamp Walker; Mr. Salad; Walking Mulch Heap"]', NULL, 'Savage Tales #1 (May, 1971)');
INSERT INTO superhero_images (superhero_id, xs_url, sm_url, md_url, lg_url) VALUES (428, 'https://cdn.jsdelivr.net/gh/akabab/superhero-api@0.3.0/api/images/xs/428-man-thing.jpg', 'https://cdn.jsdelivr.net/gh/akabab/superhero-api@0.3.0/api/images/sm/428-man-thing.jpg', 'https://cdn.jsdelivr.net/gh/akabab/superhero-api@0.3.0/api/images/md/428-man-thing.jpg', 'https://cdn.jsdelivr.net/gh/akabab/superhero-api@0.3.0/api/images/lg/428-man-thing.jpg');
INSERT INTO superheroes (id, name, slug, alignment, publisher) VALUES (429, 'Man-Wolf', '429-man-wolf', 'good', 'Marvel Comics');
INSERT INTO superhero_powerstats (superhero_id, intelligence, strength, speed, durability, power, combat, cost) VALUES (429, 63, 44, 35, 42, 45, 70, 49);
INSERT INTO superhero_appearance (superhero_id, gender, race, height_cm, weight_kg, eye_color, hair_color) VALUES (429, 'Male', NULL, 188, 90, 'Brown', 'Auburn');
INSERT INTO superhero_biography (superhero_id, full_name, aliases, place_of_birth, first_appearance) VALUES (429, 'John Jameson', '["Stargod","Vanwolf","Skywolf"]', 'New York, New York', 'AMAZING SPIDER-MAN #1, (as Man-Wolf) AMAZING SPIDER-MAN #124');
INSERT INTO superhero_images (superhero_id, xs_url, sm_url, md_url, lg_url) VALUES (429, 'https://cdn.jsdelivr.net/gh/akabab/superhero-api@0.3.0/api/images/xs/429-man-wolf.jpg', 'https://cdn.jsdelivr.net/gh/akabab/superhero-api@0.3.0/api/images/sm/429-man-wolf.jpg', 'https://cdn.jsdelivr.net/gh/akabab/superhero-api@0.3.0/api/images/md/429-man-wolf.jpg', 'https://cdn.jsdelivr.net/gh/akabab/superhero-api@0.3.0/api/images/lg/429-man-wolf.jpg');
INSERT INTO superheroes (id, name, slug, alignment, publisher) VALUES (430, 'Mandarin', '430-mandarin', 'bad', 'Marvel Comics');
INSERT INTO superhero_powerstats (superhero_id, intelligence, strength, speed, durability, power, combat, cost) VALUES (430, 100, 28, 23, 28, 100, 95, 62);
INSERT INTO superhero_appearance (superhero_id, gender, race, height_cm, weight_kg, eye_color, hair_color) VALUES (430, 'Male', 'Human', 188, 97, 'Blue', 'White');
INSERT INTO superhero_biography (superhero_id, full_name, aliases, place_of_birth, first_appearance) VALUES (430, 'Khan', '["Tem Borjigin","Gene Kahn","Master Khan","Zhang Tong","Mandy"]', 'China', 'Tales of Suspense #50 (February, 1964)');
INSERT INTO superhero_images (superhero_id, xs_url, sm_url, md_url, lg_url) VALUES (430, 'https://cdn.jsdelivr.net/gh/akabab/superhero-api@0.3.0/api/images/xs/430-mandarin.jpg', 'https://cdn.jsdelivr.net/gh/akabab/superhero-api@0.3.0/api/images/sm/430-mandarin.jpg', 'https://cdn.jsdelivr.net/gh/akabab/superhero-api@0.3.0/api/images/md/430-mandarin.jpg', 'https://cdn.jsdelivr.net/gh/akabab/superhero-api@0.3.0/api/images/lg/430-mandarin.jpg');
INSERT INTO superheroes (id, name, slug, alignment, publisher) VALUES (431, 'Mantis', '431-mantis', 'good', 'Marvel Comics');
INSERT INTO superhero_powerstats (superhero_id, intelligence, strength, speed, durability, power, combat, cost) VALUES (431, 63, 8, 33, 80, 100, 80, 60);
INSERT INTO superhero_appearance (superhero_id, gender, race, height_cm, weight_kg, eye_color, hair_color) VALUES (431, 'Female', 'Human-Kree', 168, 52, 'Green', 'Black');
INSERT INTO superhero_biography (superhero_id, full_name, aliases, place_of_birth, first_appearance) VALUES (431, '', '["Celestial Madonna","Willow","Lorelei","Mandy Celestine","This One (in referring to herself)"]', 'Vietnam', 'Avengers #112');
INSERT INTO superhero_images (superhero_id, xs_url, sm_url, md_url, lg_url) VALUES (431, 'https://cdn.jsdelivr.net/gh/akabab/superhero-api@0.3.0/api/images/xs/431-mantis.jpg', 'https://cdn.jsdelivr.net/gh/akabab/superhero-api@0.3.0/api/images/sm/431-mantis.jpg', 'https://cdn.jsdelivr.net/gh/akabab/superhero-api@0.3.0/api/images/md/431-mantis.jpg', 'https://cdn.jsdelivr.net/gh/akabab/superhero-api@0.3.0/api/images/lg/431-mantis.jpg');
INSERT INTO superheroes (id, name, slug, alignment, publisher) VALUES (432, 'Martian Manhunter', '432-martian-manhunter', 'good', 'DC Comics');
INSERT INTO superhero_powerstats (superhero_id, intelligence, strength, speed, durability, power, combat, cost) VALUES (432, 100, 95, 92, 100, 100, 85, 95);
INSERT INTO superhero_appearance (superhero_id, gender, race, height_cm, weight_kg, eye_color, hair_color) VALUES (432, 'Male', 'Martian', 201, 135, 'Red', 'No Hair');
INSERT INTO superhero_biography (superhero_id, full_name, aliases, place_of_birth, first_appearance) VALUES (432, 'J''onn J''onzz', '["ohn Jones; J''Onn J''Onzz (alternate spelling); Big Green Buddy; J.J.; Jolly Green Giant; Light to the Light; Manhunter; Manhunter from Mars; Son of Mars; Bronze Wraith","Bloodwynd","many others"]', NULL, 'Detective Comics #225 (1955)');
INSERT INTO superhero_images (superhero_id, xs_url, sm_url, md_url, lg_url) VALUES (432, 'https://cdn.jsdelivr.net/gh/akabab/superhero-api@0.3.0/api/images/xs/432-martian-manhunter.jpg', 'https://cdn.jsdelivr.net/gh/akabab/superhero-api@0.3.0/api/images/sm/432-martian-manhunter.jpg', 'https://cdn.jsdelivr.net/gh/akabab/superhero-api@0.3.0/api/images/md/432-martian-manhunter.jpg', 'https://cdn.jsdelivr.net/gh/akabab/superhero-api@0.3.0/api/images/lg/432-martian-manhunter.jpg');
INSERT INTO superheroes (id, name, slug, alignment, publisher) VALUES (433, 'Marvel Girl', '433-marvel-girl', 'good', 'Marvel Comics');
INSERT INTO superhero_powerstats (superhero_id, intelligence, strength, speed, durability, power, combat, cost) VALUES (433, 63, 85, 47, 42, 100, 80, 69);
INSERT INTO superhero_appearance (superhero_id, gender, race, height_cm, weight_kg, eye_color, hair_color) VALUES (433, 'Female', NULL, 170, 56, 'Green', 'Red');
INSERT INTO superhero_biography (superhero_id, full_name, aliases, place_of_birth, first_appearance) VALUES (433, 'Rachel Anne Summers', '["Rachel Grey","formerly Phoenix","Mother Askani","Bright Lady","Aly''zrn Summerset"]', NULL, 'UNCANNY X-MEN #141');
INSERT INTO superhero_images (superhero_id, xs_url, sm_url, md_url, lg_url) VALUES (433, 'https://cdn.jsdelivr.net/gh/akabab/superhero-api@0.3.0/api/images/xs/433-marvel-girl.jpg', 'https://cdn.jsdelivr.net/gh/akabab/superhero-api@0.3.0/api/images/sm/433-marvel-girl.jpg', 'https://cdn.jsdelivr.net/gh/akabab/superhero-api@0.3.0/api/images/md/433-marvel-girl.jpg', 'https://cdn.jsdelivr.net/gh/akabab/superhero-api@0.3.0/api/images/lg/433-marvel-girl.jpg');
INSERT INTO superheroes (id, name, slug, alignment, publisher) VALUES (435, 'Master Chief', '435-master-chief', 'good', 'Microsoft');
INSERT INTO superhero_powerstats (superhero_id, intelligence, strength, speed, durability, power, combat, cost) VALUES (435, 75, 73, 35, 80, 69, 100, 72);
INSERT INTO superhero_appearance (superhero_id, gender, race, height_cm, weight_kg, eye_color, hair_color) VALUES (435, 'Male', 'Human / Altered', 213, 0, 'Brown', 'Brown');
INSERT INTO superhero_biography (superhero_id, full_name, aliases, place_of_birth, first_appearance) VALUES (435, 'John-117', '["Blue 1","Sierra 117","Spartan 117","Demon"]', 'Elysium City, Eridanus II', NULL);
INSERT INTO superhero_images (superhero_id, xs_url, sm_url, md_url, lg_url) VALUES (435, 'https://cdn.jsdelivr.net/gh/akabab/superhero-api@0.3.0/api/images/xs/435-master-chief.jpg', 'https://cdn.jsdelivr.net/gh/akabab/superhero-api@0.3.0/api/images/sm/435-master-chief.jpg', 'https://cdn.jsdelivr.net/gh/akabab/superhero-api@0.3.0/api/images/md/435-master-chief.jpg', 'https://cdn.jsdelivr.net/gh/akabab/superhero-api@0.3.0/api/images/lg/435-master-chief.jpg');
INSERT INTO superheroes (id, name, slug, alignment, publisher) VALUES (436, 'Match', '436-match', 'bad', 'DC Comics');
INSERT INTO superhero_powerstats (superhero_id, intelligence, strength, speed, durability, power, combat, cost) VALUES (436, 75, 95, 83, 85, 100, 70, 84);
INSERT INTO superhero_appearance (superhero_id, gender, race, height_cm, weight_kg, eye_color, hair_color) VALUES (436, 'Male', NULL, 0, 0, 'Black', 'Black');
INSERT INTO superhero_biography (superhero_id, full_name, aliases, place_of_birth, first_appearance) VALUES (436, 'Kent Connor', '["Superboy","Superman"]', NULL, 'Superboy Vol 4 #35 (January, 1997)');
INSERT INTO superhero_images (superhero_id, xs_url, sm_url, md_url, lg_url) VALUES (436, 'https://cdn.jsdelivr.net/gh/akabab/superhero-api@0.3.0/api/images/xs/436-match.jpg', 'https://cdn.jsdelivr.net/gh/akabab/superhero-api@0.3.0/api/images/sm/436-match.jpg', 'https://cdn.jsdelivr.net/gh/akabab/superhero-api@0.3.0/api/images/md/436-match.jpg', 'https://cdn.jsdelivr.net/gh/akabab/superhero-api@0.3.0/api/images/lg/436-match.jpg');
INSERT INTO superheroes (id, name, slug, alignment, publisher) VALUES (437, 'Matt Parkman', '437-matt-parkman', 'good', 'NBC - Heroes');
INSERT INTO superhero_powerstats (superhero_id, intelligence, strength, speed, durability, power, combat, cost) VALUES (437, 63, 10, 12, 14, 59, 56, 35);
INSERT INTO superhero_appearance (superhero_id, gender, race, height_cm, weight_kg, eye_color, hair_color) VALUES (437, 'Male', NULL, 0, 0, NULL, NULL);
INSERT INTO superhero_biography (superhero_id, full_name, aliases, place_of_birth, first_appearance) VALUES (437, 'Matthew Parkman', '["-"]', NULL, 'Heroes S01E02 - Don''t Look Back');
INSERT INTO superhero_images (superhero_id, xs_url, sm_url, md_url, lg_url) VALUES (437, 'https://cdn.jsdelivr.net/gh/akabab/superhero-api@0.3.0/api/images/xs/437-matt-parkman.jpg', 'https://cdn.jsdelivr.net/gh/akabab/superhero-api@0.3.0/api/images/sm/437-matt-parkman.jpg', 'https://cdn.jsdelivr.net/gh/akabab/superhero-api@0.3.0/api/images/md/437-matt-parkman.jpg', 'https://cdn.jsdelivr.net/gh/akabab/superhero-api@0.3.0/api/images/lg/437-matt-parkman.jpg');
INSERT INTO superheroes (id, name, slug, alignment, publisher) VALUES (438, 'Maverick', '438-maverick', 'good', 'Marvel Comics');
INSERT INTO superhero_powerstats (superhero_id, intelligence, strength, speed, durability, power, combat, cost) VALUES (438, 63, 10, 12, 42, 60, 85, 45);
INSERT INTO superhero_appearance (superhero_id, gender, race, height_cm, weight_kg, eye_color, hair_color) VALUES (438, 'Male', NULL, 193, 110, 'Blue', 'Black');
INSERT INTO superhero_biography (superhero_id, full_name, aliases, place_of_birth, first_appearance) VALUES (438, 'Christopher Bradley', '["Chris","Bolt"]', NULL, 'X-Men Unlimited #8 (1995)');
INSERT INTO superhero_images (superhero_id, xs_url, sm_url, md_url, lg_url) VALUES (438, 'https://cdn.jsdelivr.net/gh/akabab/superhero-api@0.3.0/api/images/xs/438-maverick.jpg', 'https://cdn.jsdelivr.net/gh/akabab/superhero-api@0.3.0/api/images/sm/438-maverick.jpg', 'https://cdn.jsdelivr.net/gh/akabab/superhero-api@0.3.0/api/images/md/438-maverick.jpg', 'https://cdn.jsdelivr.net/gh/akabab/superhero-api@0.3.0/api/images/lg/438-maverick.jpg');
INSERT INTO superheroes (id, name, slug, alignment, publisher) VALUES (439, 'Maxima', '439-maxima', 'bad', 'DC Comics');
INSERT INTO superhero_powerstats (superhero_id, intelligence, strength, speed, durability, power, combat, cost) VALUES (439, 75, 90, 35, 56, 81, 75, 68);
INSERT INTO superhero_appearance (superhero_id, gender, race, height_cm, weight_kg, eye_color, hair_color) VALUES (439, 'Female', NULL, 180, 72, 'Brown', 'Red');
INSERT INTO superhero_biography (superhero_id, full_name, aliases, place_of_birth, first_appearance) VALUES (439, '', '["Queen Maxima","Empress of the Almeracian Empire"]', 'Almerac', NULL);
INSERT INTO superhero_images (superhero_id, xs_url, sm_url, md_url, lg_url) VALUES (439, 'https://cdn.jsdelivr.net/gh/akabab/superhero-api@0.3.0/api/images/xs/439-maxima.jpg', 'https://cdn.jsdelivr.net/gh/akabab/superhero-api@0.3.0/api/images/sm/439-maxima.jpg', 'https://cdn.jsdelivr.net/gh/akabab/superhero-api@0.3.0/api/images/md/439-maxima.jpg', 'https://cdn.jsdelivr.net/gh/akabab/superhero-api@0.3.0/api/images/lg/439-maxima.jpg');
INSERT INTO superheroes (id, name, slug, alignment, publisher) VALUES (440, 'Maya Herrera', '440-maya-herrera', 'good', 'NBC - Heroes');
INSERT INTO superhero_powerstats (superhero_id, intelligence, strength, speed, durability, power, combat, cost) VALUES (440, 50, 10, 12, 14, 60, 14, 26);
INSERT INTO superhero_appearance (superhero_id, gender, race, height_cm, weight_kg, eye_color, hair_color) VALUES (440, 'Female', NULL, 0, 0, NULL, NULL);
INSERT INTO superhero_biography (superhero_id, full_name, aliases, place_of_birth, first_appearance) VALUES (440, 'Maya Herrera', '["-"]', 'Dominican Republic', NULL);
INSERT INTO superhero_images (superhero_id, xs_url, sm_url, md_url, lg_url) VALUES (440, 'https://cdn.jsdelivr.net/gh/akabab/superhero-api@0.3.0/api/images/xs/440-maya-herrera.jpg', 'https://cdn.jsdelivr.net/gh/akabab/superhero-api@0.3.0/api/images/sm/440-maya-herrera.jpg', 'https://cdn.jsdelivr.net/gh/akabab/superhero-api@0.3.0/api/images/md/440-maya-herrera.jpg', 'https://cdn.jsdelivr.net/gh/akabab/superhero-api@0.3.0/api/images/lg/440-maya-herrera.jpg');
INSERT INTO superheroes (id, name, slug, alignment, publisher) VALUES (441, 'Medusa', '441-medusa', 'good', 'Marvel Comics');
INSERT INTO superhero_powerstats (superhero_id, intelligence, strength, speed, durability, power, combat, cost) VALUES (441, 75, 34, 35, 70, 37, 56, 51);
INSERT INTO superhero_appearance (superhero_id, gender, race, height_cm, weight_kg, eye_color, hair_color) VALUES (441, 'Female', 'Inhuman', 180, 59, 'Green', 'Red');
INSERT INTO superhero_biography (superhero_id, full_name, aliases, place_of_birth, first_appearance) VALUES (441, 'Medusalith Amaquelin Boltagon', '["Madam Medusa","Queen Medusa"]', 'Island of Attilan, Atlantic Ocean', 'Fantastic Four Vol. 1 #36 (1965)');
INSERT INTO superhero_images (superhero_id, xs_url, sm_url, md_url, lg_url) VALUES (441, 'https://cdn.jsdelivr.net/gh/akabab/superhero-api@0.3.0/api/images/xs/441-medusa.jpg', 'https://cdn.jsdelivr.net/gh/akabab/superhero-api@0.3.0/api/images/sm/441-medusa.jpg', 'https://cdn.jsdelivr.net/gh/akabab/superhero-api@0.3.0/api/images/md/441-medusa.jpg', 'https://cdn.jsdelivr.net/gh/akabab/superhero-api@0.3.0/api/images/lg/441-medusa.jpg');
INSERT INTO superheroes (id, name, slug, alignment, publisher) VALUES (442, 'Meltdown', '442-meltdown', 'good', 'Boom-Boom');
INSERT INTO superhero_powerstats (superhero_id, intelligence, strength, speed, durability, power, combat, cost) VALUES (442, 38, 10, 12, 42, 62, 64, 38);
INSERT INTO superhero_appearance (superhero_id, gender, race, height_cm, weight_kg, eye_color, hair_color) VALUES (442, 'Female', NULL, 165, 54, 'Blue', 'Blond');
INSERT INTO superhero_biography (superhero_id, full_name, aliases, place_of_birth, first_appearance) VALUES (442, 'Tabitha Smith', '["Boom-Boom","Boomer","Meltdown","Mutate #35","Time Bomb","Nancy Forrester"]', 'Roanoke, Virginia', NULL);
INSERT INTO superhero_images (superhero_id, xs_url, sm_url, md_url, lg_url) VALUES (442, 'https://cdn.jsdelivr.net/gh/akabab/superhero-api@0.3.0/api/images/xs/442-meltdown.jpg', 'https://cdn.jsdelivr.net/gh/akabab/superhero-api@0.3.0/api/images/sm/442-meltdown.jpg', 'https://cdn.jsdelivr.net/gh/akabab/superhero-api@0.3.0/api/images/md/442-meltdown.jpg', 'https://cdn.jsdelivr.net/gh/akabab/superhero-api@0.3.0/api/images/lg/442-meltdown.jpg');
INSERT INTO superheroes (id, name, slug, alignment, publisher) VALUES (443, 'Mephisto', '443-mephisto', 'bad', 'Marvel Comics');
INSERT INTO superhero_powerstats (superhero_id, intelligence, strength, speed, durability, power, combat, cost) VALUES (443, 88, 85, 35, 95, 100, 42, 74);
INSERT INTO superhero_appearance (superhero_id, gender, race, height_cm, weight_kg, eye_color, hair_color) VALUES (443, 'Male', NULL, 198, 140, 'White', 'Black');
INSERT INTO superhero_biography (superhero_id, full_name, aliases, place_of_birth, first_appearance) VALUES (443, '', '["Satan; Mephistopheles","Lord of Evil","Prince of Devils","Prince of Lies","Lord of the Lower Depths","Satan","Beelzebub","the Devil","Maya","Lucifer","Nick Scratch","the Friend","Legion","numerous others; impersonated Don Blake","many others"]', 'Hell', NULL);
INSERT INTO superhero_images (superhero_id, xs_url, sm_url, md_url, lg_url) VALUES (443, 'https://cdn.jsdelivr.net/gh/akabab/superhero-api@0.3.0/api/images/xs/443-mephisto.jpg', 'https://cdn.jsdelivr.net/gh/akabab/superhero-api@0.3.0/api/images/sm/443-mephisto.jpg', 'https://cdn.jsdelivr.net/gh/akabab/superhero-api@0.3.0/api/images/md/443-mephisto.jpg', 'https://cdn.jsdelivr.net/gh/akabab/superhero-api@0.3.0/api/images/lg/443-mephisto.jpg');
INSERT INTO superheroes (id, name, slug, alignment, publisher) VALUES (444, 'Mera', '444-mera', 'good', 'DC Comics');
INSERT INTO superhero_powerstats (superhero_id, intelligence, strength, speed, durability, power, combat, cost) VALUES (444, 56, 62, 79, 60, 92, 80, 71);
INSERT INTO superhero_appearance (superhero_id, gender, race, height_cm, weight_kg, eye_color, hair_color) VALUES (444, 'Female', 'Atlantean', 175, 72, 'Blue', 'Red');
INSERT INTO superhero_biography (superhero_id, full_name, aliases, place_of_birth, first_appearance) VALUES (444, 'Mera', '["Queen of Atlantis","Aquawoman","Aquagirl","Water-Woman"]', NULL, 'Aquaman #11 (October, 1963)');
INSERT INTO superhero_images (superhero_id, xs_url, sm_url, md_url, lg_url) VALUES (444, 'https://cdn.jsdelivr.net/gh/akabab/superhero-api@0.3.0/api/images/xs/444-mera.jpg', 'https://cdn.jsdelivr.net/gh/akabab/superhero-api@0.3.0/api/images/sm/444-mera.jpg', 'https://cdn.jsdelivr.net/gh/akabab/superhero-api@0.3.0/api/images/md/444-mera.jpg', 'https://cdn.jsdelivr.net/gh/akabab/superhero-api@0.3.0/api/images/lg/444-mera.jpg');
INSERT INTO superheroes (id, name, slug, alignment, publisher) VALUES (445, 'Metallo', '445-metallo', 'bad', 'DC Comics');
INSERT INTO superhero_powerstats (superhero_id, intelligence, strength, speed, durability, power, combat, cost) VALUES (445, 75, 53, 23, 95, 86, 64, 66);
INSERT INTO superhero_appearance (superhero_id, gender, race, height_cm, weight_kg, eye_color, hair_color) VALUES (445, 'Male', 'Android', 196, 90, 'Green', 'Brown');
INSERT INTO superhero_biography (superhero_id, full_name, aliases, place_of_birth, first_appearance) VALUES (445, 'John Corben', '["-"]', NULL, 'Superman Vol 2 #1 (January, 1987)');
INSERT INTO superhero_images (superhero_id, xs_url, sm_url, md_url, lg_url) VALUES (445, 'https://cdn.jsdelivr.net/gh/akabab/superhero-api@0.3.0/api/images/xs/445-metallo.jpg', 'https://cdn.jsdelivr.net/gh/akabab/superhero-api@0.3.0/api/images/sm/445-metallo.jpg', 'https://cdn.jsdelivr.net/gh/akabab/superhero-api@0.3.0/api/images/md/445-metallo.jpg', 'https://cdn.jsdelivr.net/gh/akabab/superhero-api@0.3.0/api/images/lg/445-metallo.jpg');
INSERT INTO superheroes (id, name, slug, alignment, publisher) VALUES (448, 'Metron', '448-metron', 'good', 'DC Comics');
INSERT INTO superhero_powerstats (superhero_id, intelligence, strength, speed, durability, power, combat, cost) VALUES (448, 88, 10, 47, 56, 100, 28, 54);
INSERT INTO superhero_appearance (superhero_id, gender, race, height_cm, weight_kg, eye_color, hair_color) VALUES (448, 'Male', NULL, 185, 86, 'Blue', 'Black');
INSERT INTO superhero_biography (superhero_id, full_name, aliases, place_of_birth, first_appearance) VALUES (448, 'Metron', '["-"]', NULL, 'New Gods vol. 1 #1 (February-March, 1971)');
INSERT INTO superhero_images (superhero_id, xs_url, sm_url, md_url, lg_url) VALUES (448, 'https://cdn.jsdelivr.net/gh/akabab/superhero-api@0.3.0/api/images/xs/448-metron.jpg', 'https://cdn.jsdelivr.net/gh/akabab/superhero-api@0.3.0/api/images/sm/448-metron.jpg', 'https://cdn.jsdelivr.net/gh/akabab/superhero-api@0.3.0/api/images/md/448-metron.jpg', 'https://cdn.jsdelivr.net/gh/akabab/superhero-api@0.3.0/api/images/lg/448-metron.jpg');
INSERT INTO superheroes (id, name, slug, alignment, publisher) VALUES (449, 'Micah Sanders', '449-micah-sanders', 'good', 'NBC - Heroes');
INSERT INTO superhero_powerstats (superhero_id, intelligence, strength, speed, durability, power, combat, cost) VALUES (449, 63, 8, 12, 14, 57, 14, 28);
INSERT INTO superhero_appearance (superhero_id, gender, race, height_cm, weight_kg, eye_color, hair_color) VALUES (449, 'Male', NULL, 0, 0, 'Brown', 'Black');
INSERT INTO superhero_biography (superhero_id, full_name, aliases, place_of_birth, first_appearance) VALUES (449, 'Micah Sanders', '["MicahSanders500"]', NULL, NULL);
INSERT INTO superhero_images (superhero_id, xs_url, sm_url, md_url, lg_url) VALUES (449, 'https://cdn.jsdelivr.net/gh/akabab/superhero-api@0.3.0/api/images/xs/449-micah-sanders.jpg', 'https://cdn.jsdelivr.net/gh/akabab/superhero-api@0.3.0/api/images/sm/449-micah-sanders.jpg', 'https://cdn.jsdelivr.net/gh/akabab/superhero-api@0.3.0/api/images/md/449-micah-sanders.jpg', 'https://cdn.jsdelivr.net/gh/akabab/superhero-api@0.3.0/api/images/lg/449-micah-sanders.jpg');
INSERT INTO superheroes (id, name, slug, alignment, publisher) VALUES (450, 'Michelangelo', '450-michelangelo', 'good', 'IDW Publishing');
INSERT INTO superhero_powerstats (superhero_id, intelligence, strength, speed, durability, power, combat, cost) VALUES (450, 63, 14, 50, 65, 59, 75, 54);
INSERT INTO superhero_appearance (superhero_id, gender, race, height_cm, weight_kg, eye_color, hair_color) VALUES (450, 'Male', 'Mutant', 0, 0, 'Blue', NULL);
INSERT INTO superhero_biography (superhero_id, full_name, aliases, place_of_birth, first_appearance) VALUES (450, '', '["Mike","Mikey","Mikester","Michaelangelo"]', NULL, NULL);
INSERT INTO superhero_images (superhero_id, xs_url, sm_url, md_url, lg_url) VALUES (450, 'https://cdn.jsdelivr.net/gh/akabab/superhero-api@0.3.0/api/images/xs/450-michelangelo.jpg', 'https://cdn.jsdelivr.net/gh/akabab/superhero-api@0.3.0/api/images/sm/450-michelangelo.jpg', 'https://cdn.jsdelivr.net/gh/akabab/superhero-api@0.3.0/api/images/md/450-michelangelo.jpg', 'https://cdn.jsdelivr.net/gh/akabab/superhero-api@0.3.0/api/images/lg/450-michelangelo.jpg');
INSERT INTO superheroes (id, name, slug, alignment, publisher) VALUES (451, 'Micro Lad', '451-micro-lad', 'good', 'DC Comics');
INSERT INTO superhero_powerstats (superhero_id, intelligence, strength, speed, durability, power, combat, cost) VALUES (451, 38, 28, 27, 28, 44, 32, 32);
INSERT INTO superhero_appearance (superhero_id, gender, race, height_cm, weight_kg, eye_color, hair_color) VALUES (451, 'Male', NULL, 183, 77, 'Grey', 'Brown');
INSERT INTO superhero_biography (superhero_id, full_name, aliases, place_of_birth, first_appearance) VALUES (451, 'Gim Allon', '["Colossal Boy (mostly known as Colossal Boy","although he dislikes that name himself)"]', NULL, 'Teen Titans/Legion Special #1 (2004)');
INSERT INTO superhero_images (superhero_id, xs_url, sm_url, md_url, lg_url) VALUES (451, 'https://cdn.jsdelivr.net/gh/akabab/superhero-api@0.3.0/api/images/xs/451-micro-lad.jpg', 'https://cdn.jsdelivr.net/gh/akabab/superhero-api@0.3.0/api/images/sm/451-micro-lad.jpg', 'https://cdn.jsdelivr.net/gh/akabab/superhero-api@0.3.0/api/images/md/451-micro-lad.jpg', 'https://cdn.jsdelivr.net/gh/akabab/superhero-api@0.3.0/api/images/lg/451-micro-lad.jpg');
INSERT INTO superheroes (id, name, slug, alignment, publisher) VALUES (452, 'Mimic', '452-mimic', 'good', 'Marvel Comics');
INSERT INTO superhero_powerstats (superhero_id, intelligence, strength, speed, durability, power, combat, cost) VALUES (452, 63, 67, 47, 56, 79, 42, 59);
INSERT INTO superhero_appearance (superhero_id, gender, race, height_cm, weight_kg, eye_color, hair_color) VALUES (452, 'Male', NULL, 188, 101, 'Brown', 'Brown');
INSERT INTO superhero_biography (superhero_id, full_name, aliases, place_of_birth, first_appearance) VALUES (452, 'Calvin Montgomery Rankin', '["Cal","Wolverine","Calvin Rankin"]', 'Passiac, New Jersey', 'Uncanny X-Men #19');
INSERT INTO superhero_images (superhero_id, xs_url, sm_url, md_url, lg_url) VALUES (452, 'https://cdn.jsdelivr.net/gh/akabab/superhero-api@0.3.0/api/images/xs/452-mimic.jpg', 'https://cdn.jsdelivr.net/gh/akabab/superhero-api@0.3.0/api/images/sm/452-mimic.jpg', 'https://cdn.jsdelivr.net/gh/akabab/superhero-api@0.3.0/api/images/md/452-mimic.jpg', 'https://cdn.jsdelivr.net/gh/akabab/superhero-api@0.3.0/api/images/lg/452-mimic.jpg');
INSERT INTO superheroes (id, name, slug, alignment, publisher) VALUES (454, 'Misfit', '454-misfit', 'good', 'Batgirl V');
INSERT INTO superhero_powerstats (superhero_id, intelligence, strength, speed, durability, power, combat, cost) VALUES (454, 63, 32, 23, 80, 91, 42, 55);
INSERT INTO superhero_appearance (superhero_id, gender, race, height_cm, weight_kg, eye_color, hair_color) VALUES (454, 'Female', NULL, 0, 0, 'Blue', 'Red');
INSERT INTO superhero_biography (superhero_id, full_name, aliases, place_of_birth, first_appearance) VALUES (454, 'Charlotte Gage-Radcliffe', '["Batgirl"]', NULL, 'Birds of Prey #96');
INSERT INTO superhero_images (superhero_id, xs_url, sm_url, md_url, lg_url) VALUES (454, 'https://cdn.jsdelivr.net/gh/akabab/superhero-api@0.3.0/api/images/xs/454-misfit.jpg', 'https://cdn.jsdelivr.net/gh/akabab/superhero-api@0.3.0/api/images/sm/454-misfit.jpg', 'https://cdn.jsdelivr.net/gh/akabab/superhero-api@0.3.0/api/images/md/454-misfit.jpg', 'https://cdn.jsdelivr.net/gh/akabab/superhero-api@0.3.0/api/images/lg/454-misfit.jpg');
INSERT INTO superheroes (id, name, slug, alignment, publisher) VALUES (455, 'Miss Martian', '455-miss-martian', 'good', 'DC Comics');
INSERT INTO superhero_powerstats (superhero_id, intelligence, strength, speed, durability, power, combat, cost) VALUES (455, 63, 85, 58, 100, 100, 45, 75);
INSERT INTO superhero_appearance (superhero_id, gender, race, height_cm, weight_kg, eye_color, hair_color) VALUES (455, 'Female', NULL, 178, 61, 'Red', 'Red');
INSERT INTO superhero_biography (superhero_id, full_name, aliases, place_of_birth, first_appearance) VALUES (455, 'M''gann M''orzz', '["Megan Morse; M''Gann M''Orzz (alternate spelling); Martian Girlhunter; Martian Manhunter (Titans Tomorrow alias)","Star-Spangled Kid"]', 'Mars', 'Teen Titans Vol 3 #37 (August, 2006)');
INSERT INTO superhero_images (superhero_id, xs_url, sm_url, md_url, lg_url) VALUES (455, 'https://cdn.jsdelivr.net/gh/akabab/superhero-api@0.3.0/api/images/xs/455-miss-martian.jpg', 'https://cdn.jsdelivr.net/gh/akabab/superhero-api@0.3.0/api/images/sm/455-miss-martian.jpg', 'https://cdn.jsdelivr.net/gh/akabab/superhero-api@0.3.0/api/images/md/455-miss-martian.jpg', 'https://cdn.jsdelivr.net/gh/akabab/superhero-api@0.3.0/api/images/lg/455-miss-martian.jpg');
INSERT INTO superheroes (id, name, slug, alignment, publisher) VALUES (456, 'Mister Fantastic', '456-mister-fantastic', 'good', 'Marvel Comics');
INSERT INTO superhero_powerstats (superhero_id, intelligence, strength, speed, durability, power, combat, cost) VALUES (456, 100, 10, 18, 70, 33, 64, 49);
INSERT INTO superhero_appearance (superhero_id, gender, race, height_cm, weight_kg, eye_color, hair_color) VALUES (456, 'Male', 'Human / Radiation', 185, 81, 'Brown', 'Brown');
INSERT INTO superhero_biography (superhero_id, full_name, aliases, place_of_birth, first_appearance) VALUES (456, 'Reed Richards', '["Mr Fantastic"]', 'Central City, California', 'FANTASTIC FOUR #1');
INSERT INTO superhero_images (superhero_id, xs_url, sm_url, md_url, lg_url) VALUES (456, 'https://cdn.jsdelivr.net/gh/akabab/superhero-api@0.3.0/api/images/xs/456-mister-fantastic.jpg', 'https://cdn.jsdelivr.net/gh/akabab/superhero-api@0.3.0/api/images/sm/456-mister-fantastic.jpg', 'https://cdn.jsdelivr.net/gh/akabab/superhero-api@0.3.0/api/images/md/456-mister-fantastic.jpg', 'https://cdn.jsdelivr.net/gh/akabab/superhero-api@0.3.0/api/images/lg/456-mister-fantastic.jpg');
INSERT INTO superheroes (id, name, slug, alignment, publisher) VALUES (457, 'Mister Freeze', '457-mister-freeze', 'bad', 'DC Comics');
INSERT INTO superhero_powerstats (superhero_id, intelligence, strength, speed, durability, power, combat, cost) VALUES (457, 75, 32, 12, 70, 37, 28, 42);
INSERT INTO superhero_appearance (superhero_id, gender, race, height_cm, weight_kg, eye_color, hair_color) VALUES (457, 'Male', 'Human', 183, 86, NULL, NULL);
INSERT INTO superhero_biography (superhero_id, full_name, aliases, place_of_birth, first_appearance) VALUES (457, 'Victor Fries', '["Mister Zero","Doctor Zero","Doctor Schimmell"]', NULL, 'Batman #121 (Feb. 1959)');
INSERT INTO superhero_images (superhero_id, xs_url, sm_url, md_url, lg_url) VALUES (457, 'https://cdn.jsdelivr.net/gh/akabab/superhero-api@0.3.0/api/images/xs/457-mister-freeze.jpg', 'https://cdn.jsdelivr.net/gh/akabab/superhero-api@0.3.0/api/images/sm/457-mister-freeze.jpg', 'https://cdn.jsdelivr.net/gh/akabab/superhero-api@0.3.0/api/images/md/457-mister-freeze.jpg', 'https://cdn.jsdelivr.net/gh/akabab/superhero-api@0.3.0/api/images/lg/457-mister-freeze.jpg');
INSERT INTO superheroes (id, name, slug, alignment, publisher) VALUES (458, 'Mister Knife', '458-mister-knife', 'bad', 'Marvel Comics');
INSERT INTO superhero_powerstats (superhero_id, intelligence, strength, speed, durability, power, combat, cost) VALUES (458, 75, 10, 17, 30, 13, 65, 35);
INSERT INTO superhero_appearance (superhero_id, gender, race, height_cm, weight_kg, eye_color, hair_color) VALUES (458, 'Male', 'Spartoi', 0, 0, 'Blue', 'Brown');
INSERT INTO superhero_biography (superhero_id, full_name, aliases, place_of_birth, first_appearance) VALUES (458, 'J''son', '["Jason of Spartax","Jason of Sparta","Star-Lord","Mr Knife"]', 'Spartax, Spartoi Empire, near the Shi''ar Galaxy', 'Inhumans Vol 3 #2 (July, 2000)');
INSERT INTO superhero_images (superhero_id, xs_url, sm_url, md_url, lg_url) VALUES (458, 'https://cdn.jsdelivr.net/gh/akabab/superhero-api@0.3.0/api/images/xs/458-mister-knife.jpg', 'https://cdn.jsdelivr.net/gh/akabab/superhero-api@0.3.0/api/images/sm/458-mister-knife.jpg', 'https://cdn.jsdelivr.net/gh/akabab/superhero-api@0.3.0/api/images/md/458-mister-knife.jpg', 'https://cdn.jsdelivr.net/gh/akabab/superhero-api@0.3.0/api/images/lg/458-mister-knife.jpg');
INSERT INTO superheroes (id, name, slug, alignment, publisher) VALUES (459, 'Mister Mxyzptlk', '459-mister-mxyzptlk', 'bad', 'DC Comics');
INSERT INTO superhero_powerstats (superhero_id, intelligence, strength, speed, durability, power, combat, cost) VALUES (459, 100, 85, 100, 100, 100, 50, 89);
INSERT INTO superhero_appearance (superhero_id, gender, race, height_cm, weight_kg, eye_color, hair_color) VALUES (459, 'Male', 'God / Eternal', 0, 0, NULL, NULL);
INSERT INTO superhero_biography (superhero_id, full_name, aliases, place_of_birth, first_appearance) VALUES (459, 'Mr. Mxyzptlk', '["-"]', NULL, 'Superman #30');
INSERT INTO superhero_images (superhero_id, xs_url, sm_url, md_url, lg_url) VALUES (459, 'https://cdn.jsdelivr.net/gh/akabab/superhero-api@0.3.0/api/images/xs/459-mister-mxyzptlk.jpg', 'https://cdn.jsdelivr.net/gh/akabab/superhero-api@0.3.0/api/images/sm/459-mister-mxyzptlk.jpg', 'https://cdn.jsdelivr.net/gh/akabab/superhero-api@0.3.0/api/images/md/459-mister-mxyzptlk.jpg', 'https://cdn.jsdelivr.net/gh/akabab/superhero-api@0.3.0/api/images/lg/459-mister-mxyzptlk.jpg');
INSERT INTO superheroes (id, name, slug, alignment, publisher) VALUES (460, 'Mister Sinister', '460-mister-sinister', 'bad', 'Marvel Comics');
INSERT INTO superhero_powerstats (superhero_id, intelligence, strength, speed, durability, power, combat, cost) VALUES (460, 100, 48, 46, 90, 100, 50, 72);
INSERT INTO superhero_appearance (superhero_id, gender, race, height_cm, weight_kg, eye_color, hair_color) VALUES (460, 'Male', 'Human / Altered', 196, 128, 'Red', 'Black');
INSERT INTO superhero_biography (superhero_id, full_name, aliases, place_of_birth, first_appearance) VALUES (460, 'Nathaniel Essex', '["Sinister","Robert Windsor","Arnold Bocklin","Mike Milbury","Apocalypse","Steven Shaffran","Edmond Atkinson","Nate","Administrator Pearson","Nosferatu","Nathan Milbury","Pale Man"]', 'London, England', 'Uncanny X-Men #221 (September, 1987)');
INSERT INTO superhero_images (superhero_id, xs_url, sm_url, md_url, lg_url) VALUES (460, 'https://cdn.jsdelivr.net/gh/akabab/superhero-api@0.3.0/api/images/xs/460-mister-sinister.jpg', 'https://cdn.jsdelivr.net/gh/akabab/superhero-api@0.3.0/api/images/sm/460-mister-sinister.jpg', 'https://cdn.jsdelivr.net/gh/akabab/superhero-api@0.3.0/api/images/md/460-mister-sinister.jpg', 'https://cdn.jsdelivr.net/gh/akabab/superhero-api@0.3.0/api/images/lg/460-mister-sinister.jpg');
INSERT INTO superheroes (id, name, slug, alignment, publisher) VALUES (461, 'Mister Zsasz', '461-mister-zsasz', 'bad', 'DC Comics');
INSERT INTO superhero_powerstats (superhero_id, intelligence, strength, speed, durability, power, combat, cost) VALUES (461, 88, 22, 33, 28, 18, 85, 45);
INSERT INTO superhero_appearance (superhero_id, gender, race, height_cm, weight_kg, eye_color, hair_color) VALUES (461, 'Male', 'Human', 0, 0, 'Blue', 'Blond');
INSERT INTO superhero_biography (superhero_id, full_name, aliases, place_of_birth, first_appearance) VALUES (461, 'Victor Zsasz', '["Mr Zsasz"]', NULL, NULL);
INSERT INTO superhero_images (superhero_id, xs_url, sm_url, md_url, lg_url) VALUES (461, 'https://cdn.jsdelivr.net/gh/akabab/superhero-api@0.3.0/api/images/xs/no-portrait.jpg', 'https://cdn.jsdelivr.net/gh/akabab/superhero-api@0.3.0/api/images/sm/no-portrait.jpg', 'https://cdn.jsdelivr.net/gh/akabab/superhero-api@0.3.0/api/images/md/no-portrait.jpg', 'https://cdn.jsdelivr.net/gh/akabab/superhero-api@0.3.0/api/images/lg/no-portrait.jpg');
INSERT INTO superheroes (id, name, slug, alignment, publisher) VALUES (462, 'Mockingbird', '462-mockingbird', 'good', 'Marvel Comics');
INSERT INTO superhero_powerstats (superhero_id, intelligence, strength, speed, durability, power, combat, cost) VALUES (462, 75, 31, 38, 20, 48, 95, 51);
INSERT INTO superhero_appearance (superhero_id, gender, race, height_cm, weight_kg, eye_color, hair_color) VALUES (462, 'Female', 'Human', 175, 61, 'Blue', 'Blond');
INSERT INTO superhero_biography (superhero_id, full_name, aliases, place_of_birth, first_appearance) VALUES (462, 'Barbara Morse', '["Barbara Morse-Barton","Roberta Morse","Agent 19","Huntress","Bobbi Van Dyne; once posed as Shooting Star"]', 'San Diego, California', 'Astonishing Tales #6 (June, 1971)');
INSERT INTO superhero_images (superhero_id, xs_url, sm_url, md_url, lg_url) VALUES (462, 'https://cdn.jsdelivr.net/gh/akabab/superhero-api@0.3.0/api/images/xs/462-mockingbird.jpg', 'https://cdn.jsdelivr.net/gh/akabab/superhero-api@0.3.0/api/images/sm/462-mockingbird.jpg', 'https://cdn.jsdelivr.net/gh/akabab/superhero-api@0.3.0/api/images/md/462-mockingbird.jpg', 'https://cdn.jsdelivr.net/gh/akabab/superhero-api@0.3.0/api/images/lg/462-mockingbird.jpg');
INSERT INTO superheroes (id, name, slug, alignment, publisher) VALUES (463, 'MODOK', '463-modok', 'bad', 'Marvel Comics');
INSERT INTO superhero_powerstats (superhero_id, intelligence, strength, speed, durability, power, combat, cost) VALUES (463, 100, 18, 25, 25, 79, 15, 43);
INSERT INTO superhero_appearance (superhero_id, gender, race, height_cm, weight_kg, eye_color, hair_color) VALUES (463, 'Male', 'Cyborg', 366, 338, 'White', 'Brownn');
INSERT INTO superhero_biography (superhero_id, full_name, aliases, place_of_birth, first_appearance) VALUES (463, 'George Tarleton', '["M.O.D.O.K.","Mental Organism Designed Only for Killing"]', NULL, 'Tales of Suspense #93');
INSERT INTO superhero_images (superhero_id, xs_url, sm_url, md_url, lg_url) VALUES (463, 'https://cdn.jsdelivr.net/gh/akabab/superhero-api@0.3.0/api/images/xs/463-modok.jpg', 'https://cdn.jsdelivr.net/gh/akabab/superhero-api@0.3.0/api/images/sm/463-modok.jpg', 'https://cdn.jsdelivr.net/gh/akabab/superhero-api@0.3.0/api/images/md/463-modok.jpg', 'https://cdn.jsdelivr.net/gh/akabab/superhero-api@0.3.0/api/images/lg/463-modok.jpg');
INSERT INTO superheroes (id, name, slug, alignment, publisher) VALUES (467, 'Molten Man', '467-molten-man', 'bad', 'Marvel Comics');
INSERT INTO superhero_powerstats (superhero_id, intelligence, strength, speed, durability, power, combat, cost) VALUES (467, 50, 73, 23, 84, 53, 56, 56);
INSERT INTO superhero_appearance (superhero_id, gender, race, height_cm, weight_kg, eye_color, hair_color) VALUES (467, 'Male', NULL, 196, 248, 'Gold', 'Gold');
INSERT INTO superhero_biography (superhero_id, full_name, aliases, place_of_birth, first_appearance) VALUES (467, 'Mark Raxton', '["-"]', NULL, 'Amazing Spider-Man #28 (1965)');
INSERT INTO superhero_images (superhero_id, xs_url, sm_url, md_url, lg_url) VALUES (467, 'https://cdn.jsdelivr.net/gh/akabab/superhero-api@0.3.0/api/images/xs/467-molten-man.jpg', 'https://cdn.jsdelivr.net/gh/akabab/superhero-api@0.3.0/api/images/sm/467-molten-man.jpg', 'https://cdn.jsdelivr.net/gh/akabab/superhero-api@0.3.0/api/images/md/467-molten-man.jpg', 'https://cdn.jsdelivr.net/gh/akabab/superhero-api@0.3.0/api/images/lg/467-molten-man.jpg');
INSERT INTO superheroes (id, name, slug, alignment, publisher) VALUES (469, 'Monica Dawson', '469-monica-dawson', 'good', 'NBC - Heroes');
INSERT INTO superhero_powerstats (superhero_id, intelligence, strength, speed, durability, power, combat, cost) VALUES (469, 50, 10, 35, 14, 48, 90, 41);
INSERT INTO superhero_appearance (superhero_id, gender, race, height_cm, weight_kg, eye_color, hair_color) VALUES (469, 'Female', NULL, 0, 0, NULL, NULL);
INSERT INTO superhero_biography (superhero_id, full_name, aliases, place_of_birth, first_appearance) VALUES (469, 'Monica Dawson', '["-"]', NULL, 'Heroes S02E04 - The Kindness of Strangers');
INSERT INTO superhero_images (superhero_id, xs_url, sm_url, md_url, lg_url) VALUES (469, 'https://cdn.jsdelivr.net/gh/akabab/superhero-api@0.3.0/api/images/xs/469-monica-dawson.jpg', 'https://cdn.jsdelivr.net/gh/akabab/superhero-api@0.3.0/api/images/sm/469-monica-dawson.jpg', 'https://cdn.jsdelivr.net/gh/akabab/superhero-api@0.3.0/api/images/md/469-monica-dawson.jpg', 'https://cdn.jsdelivr.net/gh/akabab/superhero-api@0.3.0/api/images/lg/469-monica-dawson.jpg');
INSERT INTO superheroes (id, name, slug, alignment, publisher) VALUES (470, 'Moon Knight', '470-moon-knight', 'good', 'Marvel Comics');
INSERT INTO superhero_powerstats (superhero_id, intelligence, strength, speed, durability, power, combat, cost) VALUES (470, 50, 36, 23, 42, 28, 75, 42);
INSERT INTO superhero_appearance (superhero_id, gender, race, height_cm, weight_kg, eye_color, hair_color) VALUES (470, 'Male', 'Human', 188, 101, 'Brown', 'Brown');
INSERT INTO superhero_biography (superhero_id, full_name, aliases, place_of_birth, first_appearance) VALUES (470, 'Marc Spector', '["Jake Lockley","Steven Grant","Yitzak Topol","Fist of Khonshu","Crescent Crusader","Lunar Legionnaire"]', 'Chicago, Illinois', 'Werewolf by Night #32 (August, 1975)');
INSERT INTO superhero_images (superhero_id, xs_url, sm_url, md_url, lg_url) VALUES (470, 'https://cdn.jsdelivr.net/gh/akabab/superhero-api@0.3.0/api/images/xs/470-moon-knight.jpg', 'https://cdn.jsdelivr.net/gh/akabab/superhero-api@0.3.0/api/images/sm/470-moon-knight.jpg', 'https://cdn.jsdelivr.net/gh/akabab/superhero-api@0.3.0/api/images/md/470-moon-knight.jpg', 'https://cdn.jsdelivr.net/gh/akabab/superhero-api@0.3.0/api/images/lg/470-moon-knight.jpg');
INSERT INTO superheroes (id, name, slug, alignment, publisher) VALUES (471, 'Moonstone', '471-moonstone', 'bad', 'Marvel Comics');
INSERT INTO superhero_powerstats (superhero_id, intelligence, strength, speed, durability, power, combat, cost) VALUES (471, 56, 67, 47, 52, 74, 80, 62);
INSERT INTO superhero_appearance (superhero_id, gender, race, height_cm, weight_kg, eye_color, hair_color) VALUES (471, 'Female', NULL, 180, 59, 'Blue', 'Blond');
INSERT INTO superhero_biography (superhero_id, full_name, aliases, place_of_birth, first_appearance) VALUES (471, 'Karla Sofen', '["Meteorite"," Kate Sorenson"]', 'Van Nuys, California', 'Captain America Vol. 1 #192 (December, 1975)');
INSERT INTO superhero_images (superhero_id, xs_url, sm_url, md_url, lg_url) VALUES (471, 'https://cdn.jsdelivr.net/gh/akabab/superhero-api@0.3.0/api/images/xs/471-moonstone.jpg', 'https://cdn.jsdelivr.net/gh/akabab/superhero-api@0.3.0/api/images/sm/471-moonstone.jpg', 'https://cdn.jsdelivr.net/gh/akabab/superhero-api@0.3.0/api/images/md/471-moonstone.jpg', 'https://cdn.jsdelivr.net/gh/akabab/superhero-api@0.3.0/api/images/lg/471-moonstone.jpg');
INSERT INTO superheroes (id, name, slug, alignment, publisher) VALUES (472, 'Morlun', '472-morlun', 'bad', 'Marvel Comics');
INSERT INTO superhero_powerstats (superhero_id, intelligence, strength, speed, durability, power, combat, cost) VALUES (472, 63, 60, 35, 42, 74, 56, 55);
INSERT INTO superhero_appearance (superhero_id, gender, race, height_cm, weight_kg, eye_color, hair_color) VALUES (472, 'Male', NULL, 188, 79, 'White / Red', 'Black');
INSERT INTO superhero_biography (superhero_id, full_name, aliases, place_of_birth, first_appearance) VALUES (472, 'Morlun', '["-"]', NULL, 'Amazing Spider-Man #30 (2001)');
INSERT INTO superhero_images (superhero_id, xs_url, sm_url, md_url, lg_url) VALUES (472, 'https://cdn.jsdelivr.net/gh/akabab/superhero-api@0.3.0/api/images/xs/472-morlun.jpg', 'https://cdn.jsdelivr.net/gh/akabab/superhero-api@0.3.0/api/images/sm/472-morlun.jpg', 'https://cdn.jsdelivr.net/gh/akabab/superhero-api@0.3.0/api/images/md/472-morlun.jpg', 'https://cdn.jsdelivr.net/gh/akabab/superhero-api@0.3.0/api/images/lg/472-morlun.jpg');
INSERT INTO superheroes (id, name, slug, alignment, publisher) VALUES (474, 'Moses Magnum', '474-moses-magnum', 'bad', 'Marvel Comics');
INSERT INTO superhero_powerstats (superhero_id, intelligence, strength, speed, durability, power, combat, cost) VALUES (474, 75, 28, 12, 42, 55, 56, 44);
INSERT INTO superhero_appearance (superhero_id, gender, race, height_cm, weight_kg, eye_color, hair_color) VALUES (474, 'Male', NULL, 175, 72, 'Brown', 'Black');
INSERT INTO superhero_biography (superhero_id, full_name, aliases, place_of_birth, first_appearance) VALUES (474, 'Moses Magnum', '["Magnum Force,"]', NULL, 'Giant-Size Spider-Man #4 (1975)');
INSERT INTO superhero_images (superhero_id, xs_url, sm_url, md_url, lg_url) VALUES (474, 'https://cdn.jsdelivr.net/gh/akabab/superhero-api@0.3.0/api/images/xs/474-moses-magnum.jpg', 'https://cdn.jsdelivr.net/gh/akabab/superhero-api@0.3.0/api/images/sm/474-moses-magnum.jpg', 'https://cdn.jsdelivr.net/gh/akabab/superhero-api@0.3.0/api/images/md/474-moses-magnum.jpg', 'https://cdn.jsdelivr.net/gh/akabab/superhero-api@0.3.0/api/images/lg/474-moses-magnum.jpg');
INSERT INTO superheroes (id, name, slug, alignment, publisher) VALUES (475, 'Mr Immortal', '475-mr-immortal', 'good', 'Marvel Comics');
INSERT INTO superhero_powerstats (superhero_id, intelligence, strength, speed, durability, power, combat, cost) VALUES (475, 50, 10, 8, 100, 69, 30, 44);
INSERT INTO superhero_appearance (superhero_id, gender, race, height_cm, weight_kg, eye_color, hair_color) VALUES (475, 'Male', 'Mutant', 188, 70, 'Blue', 'Blond');
INSERT INTO superhero_biography (superhero_id, full_name, aliases, place_of_birth, first_appearance) VALUES (475, 'Craig Hollis', '["-"]', NULL, 'West Coast Avengers Vol 2 #46');
INSERT INTO superhero_images (superhero_id, xs_url, sm_url, md_url, lg_url) VALUES (475, 'https://cdn.jsdelivr.net/gh/akabab/superhero-api@0.3.0/api/images/xs/no-portrait.jpg', 'https://cdn.jsdelivr.net/gh/akabab/superhero-api@0.3.0/api/images/sm/no-portrait.jpg', 'https://cdn.jsdelivr.net/gh/akabab/superhero-api@0.3.0/api/images/md/no-portrait.jpg', 'https://cdn.jsdelivr.net/gh/akabab/superhero-api@0.3.0/api/images/lg/no-portrait.jpg');
INSERT INTO superheroes (id, name, slug, alignment, publisher) VALUES (476, 'Mr Incredible', '476-mr-incredible', 'good', 'Dark Horse Comics');
INSERT INTO superhero_powerstats (superhero_id, intelligence, strength, speed, durability, power, combat, cost) VALUES (476, 50, 83, 33, 95, 29, 40, 55);
INSERT INTO superhero_appearance (superhero_id, gender, race, height_cm, weight_kg, eye_color, hair_color) VALUES (476, 'Male', 'Human', 201, 158, 'Blue', 'Blond');
INSERT INTO superhero_biography (superhero_id, full_name, aliases, place_of_birth, first_appearance) VALUES (476, 'Robert Parr', '["Mr. I","The Hero''s Hero","Bob Parr"]', NULL, 'The Incredibles (Movies, 2004)');
INSERT INTO superhero_images (superhero_id, xs_url, sm_url, md_url, lg_url) VALUES (476, 'https://cdn.jsdelivr.net/gh/akabab/superhero-api@0.3.0/api/images/xs/476-mr-incredible.jpg', 'https://cdn.jsdelivr.net/gh/akabab/superhero-api@0.3.0/api/images/sm/476-mr-incredible.jpg', 'https://cdn.jsdelivr.net/gh/akabab/superhero-api@0.3.0/api/images/md/476-mr-incredible.jpg', 'https://cdn.jsdelivr.net/gh/akabab/superhero-api@0.3.0/api/images/lg/476-mr-incredible.jpg');
INSERT INTO superheroes (id, name, slug, alignment, publisher) VALUES (477, 'Ms Marvel II', '477-ms-marvel-ii', 'good', 'She-Thing');
INSERT INTO superhero_powerstats (superhero_id, intelligence, strength, speed, durability, power, combat, cost) VALUES (477, 38, 63, 23, 84, 11, 56, 45);
INSERT INTO superhero_appearance (superhero_id, gender, race, height_cm, weight_kg, eye_color, hair_color) VALUES (477, 'Female', NULL, 173, 61, 'Blue', 'Red');
INSERT INTO superhero_biography (superhero_id, full_name, aliases, place_of_birth, first_appearance) VALUES (477, 'Sharon Ventura', '["She-Thing"]', 'Pullman, Washington', NULL);
INSERT INTO superhero_images (superhero_id, xs_url, sm_url, md_url, lg_url) VALUES (477, 'https://cdn.jsdelivr.net/gh/akabab/superhero-api@0.3.0/api/images/xs/477-ms-marvel-ii.jpg', 'https://cdn.jsdelivr.net/gh/akabab/superhero-api@0.3.0/api/images/sm/477-ms-marvel-ii.jpg', 'https://cdn.jsdelivr.net/gh/akabab/superhero-api@0.3.0/api/images/md/477-ms-marvel-ii.jpg', 'https://cdn.jsdelivr.net/gh/akabab/superhero-api@0.3.0/api/images/lg/477-ms-marvel-ii.jpg');
INSERT INTO superheroes (id, name, slug, alignment, publisher) VALUES (478, 'Multiple Man', '478-multiple-man', 'good', 'Marvel Comics');
INSERT INTO superhero_powerstats (superhero_id, intelligence, strength, speed, durability, power, combat, cost) VALUES (478, 63, 11, 23, 70, 28, 62, 42);
INSERT INTO superhero_appearance (superhero_id, gender, race, height_cm, weight_kg, eye_color, hair_color) VALUES (478, 'Male', NULL, 180, 70, 'Blue', 'Brown');
INSERT INTO superhero_biography (superhero_id, full_name, aliases, place_of_birth, first_appearance) VALUES (478, 'James Arthur', '["-"]', 'Los Alamos, New Mexico', 'GIANT-SIZE FANTASTIC FOUR #4');
INSERT INTO superhero_images (superhero_id, xs_url, sm_url, md_url, lg_url) VALUES (478, 'https://cdn.jsdelivr.net/gh/akabab/superhero-api@0.3.0/api/images/xs/478-multiple-man.jpg', 'https://cdn.jsdelivr.net/gh/akabab/superhero-api@0.3.0/api/images/sm/478-multiple-man.jpg', 'https://cdn.jsdelivr.net/gh/akabab/superhero-api@0.3.0/api/images/md/478-multiple-man.jpg', 'https://cdn.jsdelivr.net/gh/akabab/superhero-api@0.3.0/api/images/lg/478-multiple-man.jpg');
INSERT INTO superheroes (id, name, slug, alignment, publisher) VALUES (479, 'Mysterio', '479-mysterio', 'bad', 'Marvel Comics');
INSERT INTO superhero_powerstats (superhero_id, intelligence, strength, speed, durability, power, combat, cost) VALUES (479, 81, 10, 17, 40, 82, 70, 50);
INSERT INTO superhero_appearance (superhero_id, gender, race, height_cm, weight_kg, eye_color, hair_color) VALUES (479, 'Male', 'Human', 180, 79, 'Brown', 'No Hair');
INSERT INTO superhero_biography (superhero_id, full_name, aliases, place_of_birth, first_appearance) VALUES (479, 'Quentin Beck', '["Nicholas Macabes","Rudolph Hines","Gerdes","Doctor Ludwig Rinehart"]', 'New York, New York', 'Amazing Spider-Man #13 (1964)');
INSERT INTO superhero_images (superhero_id, xs_url, sm_url, md_url, lg_url) VALUES (479, 'https://cdn.jsdelivr.net/gh/akabab/superhero-api@0.3.0/api/images/xs/479-mysterio.jpg', 'https://cdn.jsdelivr.net/gh/akabab/superhero-api@0.3.0/api/images/sm/479-mysterio.jpg', 'https://cdn.jsdelivr.net/gh/akabab/superhero-api@0.3.0/api/images/md/479-mysterio.jpg', 'https://cdn.jsdelivr.net/gh/akabab/superhero-api@0.3.0/api/images/lg/479-mysterio.jpg');
INSERT INTO superheroes (id, name, slug, alignment, publisher) VALUES (480, 'Mystique', '480-mystique', 'bad', 'Marvel Comics');
INSERT INTO superhero_powerstats (superhero_id, intelligence, strength, speed, durability, power, combat, cost) VALUES (480, 75, 12, 23, 64, 64, 74, 52);
INSERT INTO superhero_appearance (superhero_id, gender, race, height_cm, weight_kg, eye_color, hair_color) VALUES (480, 'Female', 'Mutant', 178, 54, 'Yellow (without irises)', 'Red / Orange');
INSERT INTO superhero_biography (superhero_id, full_name, aliases, place_of_birth, first_appearance) VALUES (480, 'Raven Darkholme', '["Mallory Brickman"]', NULL, '(as Raven Darkholme) MS. MARVEL #16, (as Mystique) MS. MARVEL #18');
INSERT INTO superhero_images (superhero_id, xs_url, sm_url, md_url, lg_url) VALUES (480, 'https://cdn.jsdelivr.net/gh/akabab/superhero-api@0.3.0/api/images/xs/480-mystique.jpg', 'https://cdn.jsdelivr.net/gh/akabab/superhero-api@0.3.0/api/images/sm/480-mystique.jpg', 'https://cdn.jsdelivr.net/gh/akabab/superhero-api@0.3.0/api/images/md/480-mystique.jpg', 'https://cdn.jsdelivr.net/gh/akabab/superhero-api@0.3.0/api/images/lg/480-mystique.jpg');
INSERT INTO superheroes (id, name, slug, alignment, publisher) VALUES (481, 'Namor', '481-namor', 'good', 'Marvel Comics');
INSERT INTO superhero_powerstats (superhero_id, intelligence, strength, speed, durability, power, combat, cost) VALUES (481, 69, 95, 58, 70, 73, 85, 75);
INSERT INTO superhero_appearance (superhero_id, gender, race, height_cm, weight_kg, eye_color, hair_color) VALUES (481, 'Male', 'Atlantean', 188, 125, 'Grey', 'Black');
INSERT INTO superhero_biography (superhero_id, full_name, aliases, place_of_birth, first_appearance) VALUES (481, 'Namor McKenzie', '["Imperius Rex","Dr. G.W. Falton","Sub-Mariner","\"Subby\"","Namor the First","Avenging Son","Old Man","Rex","Joe Pierre","Lord of the Seven Seas","the Scion of the Deep","Phoenix"]', 'Atlantis', 'Motion Picture Funnies Weekly #1 (April, 1939)');
INSERT INTO superhero_images (superhero_id, xs_url, sm_url, md_url, lg_url) VALUES (481, 'https://cdn.jsdelivr.net/gh/akabab/superhero-api@0.3.0/api/images/xs/481-namor.jpg', 'https://cdn.jsdelivr.net/gh/akabab/superhero-api@0.3.0/api/images/sm/481-namor.jpg', 'https://cdn.jsdelivr.net/gh/akabab/superhero-api@0.3.0/api/images/md/481-namor.jpg', 'https://cdn.jsdelivr.net/gh/akabab/superhero-api@0.3.0/api/images/lg/481-namor.jpg');
INSERT INTO superheroes (id, name, slug, alignment, publisher) VALUES (483, 'Namora', '483-namora', 'good', 'Marvel Comics');
INSERT INTO superhero_powerstats (superhero_id, intelligence, strength, speed, durability, power, combat, cost) VALUES (483, 50, 85, 42, 42, 48, 64, 55);
INSERT INTO superhero_appearance (superhero_id, gender, race, height_cm, weight_kg, eye_color, hair_color) VALUES (483, 'Female', NULL, 180, 85, 'Blue', 'Blond');
INSERT INTO superhero_biography (superhero_id, full_name, aliases, place_of_birth, first_appearance) VALUES (483, 'Aquaria Nautica Neptunia', '["Sub-Mariner","Avenging Daughter","the Sea Beauty"]', 'Unnamed Atlantean outpost', 'Marvel Mystery Comics #82 (1947)');
INSERT INTO superhero_images (superhero_id, xs_url, sm_url, md_url, lg_url) VALUES (483, 'https://cdn.jsdelivr.net/gh/akabab/superhero-api@0.3.0/api/images/xs/483-namora.jpg', 'https://cdn.jsdelivr.net/gh/akabab/superhero-api@0.3.0/api/images/sm/483-namora.jpg', 'https://cdn.jsdelivr.net/gh/akabab/superhero-api@0.3.0/api/images/md/483-namora.jpg', 'https://cdn.jsdelivr.net/gh/akabab/superhero-api@0.3.0/api/images/lg/483-namora.jpg');
INSERT INTO superheroes (id, name, slug, alignment, publisher) VALUES (484, 'Namorita', '484-namorita', 'good', 'Marvel Comics');
INSERT INTO superhero_powerstats (superhero_id, intelligence, strength, speed, durability, power, combat, cost) VALUES (484, 50, 72, 47, 70, 37, 70, 57);
INSERT INTO superhero_appearance (superhero_id, gender, race, height_cm, weight_kg, eye_color, hair_color) VALUES (484, 'Female', NULL, 168, 101, 'Blue', 'Blond');
INSERT INTO superhero_biography (superhero_id, full_name, aliases, place_of_birth, first_appearance) VALUES (484, 'Namorita Prentiss', '["Kymaera","Hard"]', 'Atlantis Outskirts', 'SUB-MARINER Vol. 2 #50 (1972)');
INSERT INTO superhero_images (superhero_id, xs_url, sm_url, md_url, lg_url) VALUES (484, 'https://cdn.jsdelivr.net/gh/akabab/superhero-api@0.3.0/api/images/xs/484-namorita.jpg', 'https://cdn.jsdelivr.net/gh/akabab/superhero-api@0.3.0/api/images/sm/484-namorita.jpg', 'https://cdn.jsdelivr.net/gh/akabab/superhero-api@0.3.0/api/images/md/484-namorita.jpg', 'https://cdn.jsdelivr.net/gh/akabab/superhero-api@0.3.0/api/images/lg/484-namorita.jpg');
INSERT INTO superheroes (id, name, slug, alignment, publisher) VALUES (485, 'Naruto Uzumaki', '485-naruto-uzumaki', 'good', 'Shueisha');
INSERT INTO superhero_powerstats (superhero_id, intelligence, strength, speed, durability, power, combat, cost) VALUES (485, 50, 80, 32, 80, 100, 100, 73);
INSERT INTO superhero_appearance (superhero_id, gender, race, height_cm, weight_kg, eye_color, hair_color) VALUES (485, 'Male', 'Human', 168, 54, NULL, NULL);
INSERT INTO superhero_biography (superhero_id, full_name, aliases, place_of_birth, first_appearance) VALUES (485, '', '["-"]', NULL, NULL);
INSERT INTO superhero_images (superhero_id, xs_url, sm_url, md_url, lg_url) VALUES (485, 'https://cdn.jsdelivr.net/gh/akabab/superhero-api@0.3.0/api/images/xs/485-naruto-uzumaki.jpg', 'https://cdn.jsdelivr.net/gh/akabab/superhero-api@0.3.0/api/images/sm/485-naruto-uzumaki.jpg', 'https://cdn.jsdelivr.net/gh/akabab/superhero-api@0.3.0/api/images/md/485-naruto-uzumaki.jpg', 'https://cdn.jsdelivr.net/gh/akabab/superhero-api@0.3.0/api/images/lg/485-naruto-uzumaki.jpg');
INSERT INTO superheroes (id, name, slug, alignment, publisher) VALUES (487, 'Nebula', '487-nebula', 'bad', 'Marvel Comics');
INSERT INTO superhero_powerstats (superhero_id, intelligence, strength, speed, durability, power, combat, cost) VALUES (487, 63, 52, 13, 50, 42, 60, 46);
INSERT INTO superhero_appearance (superhero_id, gender, race, height_cm, weight_kg, eye_color, hair_color) VALUES (487, 'Female', 'Luphomoid', 185, 83, 'Blue', 'No Hair');
INSERT INTO superhero_biography (superhero_id, full_name, aliases, place_of_birth, first_appearance) VALUES (487, '', '["-"]', NULL, 'Avengers #257 (July, 1985)');
INSERT INTO superhero_images (superhero_id, xs_url, sm_url, md_url, lg_url) VALUES (487, 'https://cdn.jsdelivr.net/gh/akabab/superhero-api@0.3.0/api/images/xs/487-nebula.jpg', 'https://cdn.jsdelivr.net/gh/akabab/superhero-api@0.3.0/api/images/sm/487-nebula.jpg', 'https://cdn.jsdelivr.net/gh/akabab/superhero-api@0.3.0/api/images/md/487-nebula.jpg', 'https://cdn.jsdelivr.net/gh/akabab/superhero-api@0.3.0/api/images/lg/487-nebula.jpg');
INSERT INTO superheroes (id, name, slug, alignment, publisher) VALUES (488, 'Negasonic Teenage Warhead', '488-negasonic-teenage-warhead', 'good', 'Marvel Comics');
INSERT INTO superhero_powerstats (superhero_id, intelligence, strength, speed, durability, power, combat, cost) VALUES (488, 50, 7, 8, 10, 45, 35, 25);
INSERT INTO superhero_appearance (superhero_id, gender, race, height_cm, weight_kg, eye_color, hair_color) VALUES (488, 'Female', 'Mutant', 0, 0, 'Black', 'Black');
INSERT INTO superhero_biography (superhero_id, full_name, aliases, place_of_birth, first_appearance) VALUES (488, 'Ellie Phimister', '["Warhead"]', NULL, 'New X-Men #115');
INSERT INTO superhero_images (superhero_id, xs_url, sm_url, md_url, lg_url) VALUES (488, 'https://cdn.jsdelivr.net/gh/akabab/superhero-api@0.3.0/api/images/xs/488-negasonic-teenage-warhead.jpg', 'https://cdn.jsdelivr.net/gh/akabab/superhero-api@0.3.0/api/images/sm/488-negasonic-teenage-warhead.jpg', 'https://cdn.jsdelivr.net/gh/akabab/superhero-api@0.3.0/api/images/md/488-negasonic-teenage-warhead.jpg', 'https://cdn.jsdelivr.net/gh/akabab/superhero-api@0.3.0/api/images/lg/488-negasonic-teenage-warhead.jpg');
INSERT INTO superheroes (id, name, slug, alignment, publisher) VALUES (489, 'Nick Fury', '489-nick-fury', 'good', 'Marvel Comics');
INSERT INTO superhero_powerstats (superhero_id, intelligence, strength, speed, durability, power, combat, cost) VALUES (489, 75, 11, 23, 42, 25, 100, 46);
INSERT INTO superhero_appearance (superhero_id, gender, race, height_cm, weight_kg, eye_color, hair_color) VALUES (489, 'Male', 'Human', 185, 99, 'Brown', 'Brown / White');
INSERT INTO superhero_biography (superhero_id, full_name, aliases, place_of_birth, first_appearance) VALUES (489, 'Nicholas Joseph Fury', '["Doyle","The Mystery in the Mask","Patch","Scorpio"]', 'New York City', 'Sgt. Fury and His Howling Commandos #1 (1963)');
INSERT INTO superhero_images (superhero_id, xs_url, sm_url, md_url, lg_url) VALUES (489, 'https://cdn.jsdelivr.net/gh/akabab/superhero-api@0.3.0/api/images/xs/489-nick-fury.jpg', 'https://cdn.jsdelivr.net/gh/akabab/superhero-api@0.3.0/api/images/sm/489-nick-fury.jpg', 'https://cdn.jsdelivr.net/gh/akabab/superhero-api@0.3.0/api/images/md/489-nick-fury.jpg', 'https://cdn.jsdelivr.net/gh/akabab/superhero-api@0.3.0/api/images/lg/489-nick-fury.jpg');
INSERT INTO superheroes (id, name, slug, alignment, publisher) VALUES (490, 'Nightcrawler', '490-nightcrawler', 'good', 'Marvel Comics');
INSERT INTO superhero_powerstats (superhero_id, intelligence, strength, speed, durability, power, combat, cost) VALUES (490, 50, 10, 47, 14, 76, 80, 46);
INSERT INTO superhero_appearance (superhero_id, gender, race, height_cm, weight_kg, eye_color, hair_color) VALUES (490, 'Male', NULL, 175, 88, 'Yellow', 'Indigo');
INSERT INTO superhero_biography (superhero_id, full_name, aliases, place_of_birth, first_appearance) VALUES (490, 'Kurt Wagner', '["-"]', 'Somewhere in the Bavarian Alps', 'GIANT-SIZE X-MEN #1');
INSERT INTO superhero_images (superhero_id, xs_url, sm_url, md_url, lg_url) VALUES (490, 'https://cdn.jsdelivr.net/gh/akabab/superhero-api@0.3.0/api/images/xs/490-nightcrawler.jpg', 'https://cdn.jsdelivr.net/gh/akabab/superhero-api@0.3.0/api/images/sm/490-nightcrawler.jpg', 'https://cdn.jsdelivr.net/gh/akabab/superhero-api@0.3.0/api/images/md/490-nightcrawler.jpg', 'https://cdn.jsdelivr.net/gh/akabab/superhero-api@0.3.0/api/images/lg/490-nightcrawler.jpg');
INSERT INTO superheroes (id, name, slug, alignment, publisher) VALUES (491, 'Nightwing', '491-nightwing', 'good', 'Batman II');
INSERT INTO superhero_powerstats (superhero_id, intelligence, strength, speed, durability, power, combat, cost) VALUES (491, 88, 11, 33, 28, 36, 100, 49);
INSERT INTO superhero_appearance (superhero_id, gender, race, height_cm, weight_kg, eye_color, hair_color) VALUES (491, 'Male', 'Human', 178, 79, 'Blue', 'Black');
INSERT INTO superhero_biography (superhero_id, full_name, aliases, place_of_birth, first_appearance) VALUES (491, 'Dick Grayson', '["Freddie Dinardo","Freddy Loyd","The Target","Renegade","The Worlds Greatest Acrobat","The Aerial Avenger","Pixie Boots","The Boy / Teen Wonder","The Worlds Greatest Detective","The Caped Crusader"]', 'Gotham City', 'as Dick Grayson and Robin) Detective Comics #38, (as Nightwing) Tales of the Teen Titans #44, (as Batman) Batman #512');
INSERT INTO superhero_images (superhero_id, xs_url, sm_url, md_url, lg_url) VALUES (491, 'https://cdn.jsdelivr.net/gh/akabab/superhero-api@0.3.0/api/images/xs/491-nightwing.jpg', 'https://cdn.jsdelivr.net/gh/akabab/superhero-api@0.3.0/api/images/sm/491-nightwing.jpg', 'https://cdn.jsdelivr.net/gh/akabab/superhero-api@0.3.0/api/images/md/491-nightwing.jpg', 'https://cdn.jsdelivr.net/gh/akabab/superhero-api@0.3.0/api/images/lg/491-nightwing.jpg');
INSERT INTO superheroes (id, name, slug, alignment, publisher) VALUES (492, 'Niki Sanders', '492-niki-sanders', 'good', 'NBC - Heroes');
INSERT INTO superhero_powerstats (superhero_id, intelligence, strength, speed, durability, power, combat, cost) VALUES (492, 63, 52, 35, 28, 37, 56, 45);
INSERT INTO superhero_appearance (superhero_id, gender, race, height_cm, weight_kg, eye_color, hair_color) VALUES (492, 'Female', NULL, 0, 0, 'Blue', 'Blond');
INSERT INTO superhero_biography (superhero_id, full_name, aliases, place_of_birth, first_appearance) VALUES (492, 'Nicole Sanders', '["Jessica","Gina"]', NULL, 'Heroes S01E01 - Genesis');
INSERT INTO superhero_images (superhero_id, xs_url, sm_url, md_url, lg_url) VALUES (492, 'https://cdn.jsdelivr.net/gh/akabab/superhero-api@0.3.0/api/images/xs/492-niki-sanders.jpg', 'https://cdn.jsdelivr.net/gh/akabab/superhero-api@0.3.0/api/images/sm/492-niki-sanders.jpg', 'https://cdn.jsdelivr.net/gh/akabab/superhero-api@0.3.0/api/images/md/492-niki-sanders.jpg', 'https://cdn.jsdelivr.net/gh/akabab/superhero-api@0.3.0/api/images/lg/492-niki-sanders.jpg');
INSERT INTO superheroes (id, name, slug, alignment, publisher) VALUES (493, 'Nina Theroux', '493-nina-theroux', 'good', 'SyFy');
INSERT INTO superhero_powerstats (superhero_id, intelligence, strength, speed, durability, power, combat, cost) VALUES (493, 63, 5, 8, 10, 68, 20, 29);
INSERT INTO superhero_appearance (superhero_id, gender, race, height_cm, weight_kg, eye_color, hair_color) VALUES (493, 'Female', 'Alpha', 0, 0, NULL, NULL);
INSERT INTO superhero_biography (superhero_id, full_name, aliases, place_of_birth, first_appearance) VALUES (493, '', '["-"]', NULL, NULL);
INSERT INTO superhero_images (superhero_id, xs_url, sm_url, md_url, lg_url) VALUES (493, 'https://cdn.jsdelivr.net/gh/akabab/superhero-api@0.3.0/api/images/xs/493-nina-theroux.jpg', 'https://cdn.jsdelivr.net/gh/akabab/superhero-api@0.3.0/api/images/sm/493-nina-theroux.jpg', 'https://cdn.jsdelivr.net/gh/akabab/superhero-api@0.3.0/api/images/md/493-nina-theroux.jpg', 'https://cdn.jsdelivr.net/gh/akabab/superhero-api@0.3.0/api/images/lg/493-nina-theroux.jpg');
INSERT INTO superheroes (id, name, slug, alignment, publisher) VALUES (495, 'Northstar', '495-northstar', 'good', 'Marvel Comics');
INSERT INTO superhero_powerstats (superhero_id, intelligence, strength, speed, durability, power, combat, cost) VALUES (495, 50, 18, 83, 56, 65, 70, 57);
INSERT INTO superhero_appearance (superhero_id, gender, race, height_cm, weight_kg, eye_color, hair_color) VALUES (495, 'Male', NULL, 180, 83, 'Blue', 'Black');
INSERT INTO superhero_biography (superhero_id, full_name, aliases, place_of_birth, first_appearance) VALUES (495, 'Jean-Paul Beaubier', '["Jean-Paul Martin"]', 'Montreal, Qu?bec, Canada', 'X-Men #120 (1979)');
INSERT INTO superhero_images (superhero_id, xs_url, sm_url, md_url, lg_url) VALUES (495, 'https://cdn.jsdelivr.net/gh/akabab/superhero-api@0.3.0/api/images/xs/495-northstar.jpg', 'https://cdn.jsdelivr.net/gh/akabab/superhero-api@0.3.0/api/images/sm/495-northstar.jpg', 'https://cdn.jsdelivr.net/gh/akabab/superhero-api@0.3.0/api/images/md/495-northstar.jpg', 'https://cdn.jsdelivr.net/gh/akabab/superhero-api@0.3.0/api/images/lg/495-northstar.jpg');
INSERT INTO superheroes (id, name, slug, alignment, publisher) VALUES (496, 'Nova', '496-nova', 'good', 'Marvel Comics');
INSERT INTO superhero_powerstats (superhero_id, intelligence, strength, speed, durability, power, combat, cost) VALUES (496, 100, 85, 75, 100, 100, 80, 90);
INSERT INTO superhero_appearance (superhero_id, gender, race, height_cm, weight_kg, eye_color, hair_color) VALUES (496, 'Male', 'Human', 185, 86, 'Brown', 'Brown');
INSERT INTO superhero_biography (superhero_id, full_name, aliases, place_of_birth, first_appearance) VALUES (496, 'Richard Rider', '["Rich","Bucket-Head","Human Rocket","Kid Nova","","Nova Prime","Quasar"]', 'Queens, NY', 'NOVA Vol. 1 #1 (September, 1976)');
INSERT INTO superhero_images (superhero_id, xs_url, sm_url, md_url, lg_url) VALUES (496, 'https://cdn.jsdelivr.net/gh/akabab/superhero-api@0.3.0/api/images/xs/496-nova.jpg', 'https://cdn.jsdelivr.net/gh/akabab/superhero-api@0.3.0/api/images/sm/496-nova.jpg', 'https://cdn.jsdelivr.net/gh/akabab/superhero-api@0.3.0/api/images/md/496-nova.jpg', 'https://cdn.jsdelivr.net/gh/akabab/superhero-api@0.3.0/api/images/lg/496-nova.jpg');
INSERT INTO superheroes (id, name, slug, alignment, publisher) VALUES (497, 'Nova', '497-nova', 'good', 'Marvel Comics');
INSERT INTO superhero_powerstats (superhero_id, intelligence, strength, speed, durability, power, combat, cost) VALUES (497, 63, 60, 100, 100, 100, 35, 76);
INSERT INTO superhero_appearance (superhero_id, gender, race, height_cm, weight_kg, eye_color, hair_color) VALUES (497, 'Female', 'Human / Cosmic', 163, 59, 'White', 'Red');
INSERT INTO superhero_biography (superhero_id, full_name, aliases, place_of_birth, first_appearance) VALUES (497, 'Frankie Raye', '["Frances Hyatt","Human Torch"]', NULL, 'Fantastic Four #164 (November, 1975)');
INSERT INTO superhero_images (superhero_id, xs_url, sm_url, md_url, lg_url) VALUES (497, 'https://cdn.jsdelivr.net/gh/akabab/superhero-api@0.3.0/api/images/xs/497-nova.jpg', 'https://cdn.jsdelivr.net/gh/akabab/superhero-api@0.3.0/api/images/sm/497-nova.jpg', 'https://cdn.jsdelivr.net/gh/akabab/superhero-api@0.3.0/api/images/md/497-nova.jpg', 'https://cdn.jsdelivr.net/gh/akabab/superhero-api@0.3.0/api/images/lg/497-nova.jpg');
INSERT INTO superheroes (id, name, slug, alignment, publisher) VALUES (498, 'Odin', '498-odin', 'good', 'Marvel Comics');
INSERT INTO superhero_powerstats (superhero_id, intelligence, strength, speed, durability, power, combat, cost) VALUES (498, 100, 83, 67, 95, 100, 90, 89);
INSERT INTO superhero_appearance (superhero_id, gender, race, height_cm, weight_kg, eye_color, hair_color) VALUES (498, 'Male', 'God / Eternal', 206, 293, 'Blue', 'White');
INSERT INTO superhero_biography (superhero_id, full_name, aliases, place_of_birth, first_appearance) VALUES (498, 'Odin Borson', '["All-Father,Sky-Father","Atum-Re","Woden","Wotan","Oden","Orrin","Harbard","King of Asgard"]', 'Asgard', 'Journey into Mystery #85');
INSERT INTO superhero_images (superhero_id, xs_url, sm_url, md_url, lg_url) VALUES (498, 'https://cdn.jsdelivr.net/gh/akabab/superhero-api@0.3.0/api/images/xs/498-odin.jpg', 'https://cdn.jsdelivr.net/gh/akabab/superhero-api@0.3.0/api/images/sm/498-odin.jpg', 'https://cdn.jsdelivr.net/gh/akabab/superhero-api@0.3.0/api/images/md/498-odin.jpg', 'https://cdn.jsdelivr.net/gh/akabab/superhero-api@0.3.0/api/images/lg/498-odin.jpg');
INSERT INTO superheroes (id, name, slug, alignment, publisher) VALUES (499, 'Offspring', '499-offspring', 'good', 'DC Comics');
INSERT INTO superhero_powerstats (superhero_id, intelligence, strength, speed, durability, power, combat, cost) VALUES (499, 50, 10, 35, 99, 100, 56, 58);
INSERT INTO superhero_appearance (superhero_id, gender, race, height_cm, weight_kg, eye_color, hair_color) VALUES (499, 'Male', NULL, 0, 0, NULL, NULL);
INSERT INTO superhero_biography (superhero_id, full_name, aliases, place_of_birth, first_appearance) VALUES (499, 'Luke O''Brian', '["Ernie McDunnagh","Plastic Lad"]', NULL, NULL);
INSERT INTO superhero_images (superhero_id, xs_url, sm_url, md_url, lg_url) VALUES (499, 'https://cdn.jsdelivr.net/gh/akabab/superhero-api@0.3.0/api/images/xs/499-offspring.jpg', 'https://cdn.jsdelivr.net/gh/akabab/superhero-api@0.3.0/api/images/sm/499-offspring.jpg', 'https://cdn.jsdelivr.net/gh/akabab/superhero-api@0.3.0/api/images/md/499-offspring.jpg', 'https://cdn.jsdelivr.net/gh/akabab/superhero-api@0.3.0/api/images/lg/499-offspring.jpg');
INSERT INTO superheroes (id, name, slug, alignment, publisher) VALUES (502, 'One Punch Man', '502-one-punch-man', 'good', 'Shueisha');
INSERT INTO superhero_powerstats (superhero_id, intelligence, strength, speed, durability, power, combat, cost) VALUES (502, 38, 100, 83, 95, 55, 50, 70);
INSERT INTO superhero_appearance (superhero_id, gender, race, height_cm, weight_kg, eye_color, hair_color) VALUES (502, 'Male', 'Human', 175, 69, NULL, 'No Hair');
INSERT INTO superhero_biography (superhero_id, full_name, aliases, place_of_birth, first_appearance) VALUES (502, 'Saitama', '["Caped Baldy"]', NULL, 'One Punch - Chapter 1, Volume 1');
INSERT INTO superhero_images (superhero_id, xs_url, sm_url, md_url, lg_url) VALUES (502, 'https://cdn.jsdelivr.net/gh/akabab/superhero-api@0.3.0/api/images/xs/502-one-punch-man.jpg', 'https://cdn.jsdelivr.net/gh/akabab/superhero-api@0.3.0/api/images/sm/502-one-punch-man.jpg', 'https://cdn.jsdelivr.net/gh/akabab/superhero-api@0.3.0/api/images/md/502-one-punch-man.jpg', 'https://cdn.jsdelivr.net/gh/akabab/superhero-api@0.3.0/api/images/lg/502-one-punch-man.jpg');
INSERT INTO superheroes (id, name, slug, alignment, publisher) VALUES (503, 'One-Above-All', '503-one-above-all', 'neutral', 'Marvel Comics');
INSERT INTO superhero_powerstats (superhero_id, intelligence, strength, speed, durability, power, combat, cost) VALUES (503, 100, 100, 100, 100, 100, 100, 100);
INSERT INTO superhero_appearance (superhero_id, gender, race, height_cm, weight_kg, eye_color, hair_color) VALUES (503, NULL, 'Cosmic Entity', 0, 0, NULL, NULL);
INSERT INTO superhero_biography (superhero_id, full_name, aliases, place_of_birth, first_appearance) VALUES (503, '', '["One Above All"]', NULL, 'Doctor Strange Vol 2 #13');
INSERT INTO superhero_images (superhero_id, xs_url, sm_url, md_url, lg_url) VALUES (503, 'https://cdn.jsdelivr.net/gh/akabab/superhero-api@0.3.0/api/images/xs/503-one-above-all.jpg', 'https://cdn.jsdelivr.net/gh/akabab/superhero-api@0.3.0/api/images/sm/503-one-above-all.jpg', 'https://cdn.jsdelivr.net/gh/akabab/superhero-api@0.3.0/api/images/md/503-one-above-all.jpg', 'https://cdn.jsdelivr.net/gh/akabab/superhero-api@0.3.0/api/images/lg/503-one-above-all.jpg');
INSERT INTO superheroes (id, name, slug, alignment, publisher) VALUES (504, 'Onslaught', '504-onslaught', 'bad', 'Marvel Comics');
INSERT INTO superhero_powerstats (superhero_id, intelligence, strength, speed, durability, power, combat, cost) VALUES (504, 88, 100, 33, 100, 100, 55, 79);
INSERT INTO superhero_appearance (superhero_id, gender, race, height_cm, weight_kg, eye_color, hair_color) VALUES (504, 'Male', 'Mutant', 305, 405, 'Red', 'No Hair');
INSERT INTO superhero_biography (superhero_id, full_name, aliases, place_of_birth, first_appearance) VALUES (504, 'Onslaught', '["Charlie Silus","Sir David The Great","Charles Xavier","Magneto","That Which Shall Survive","the Entity","Dark Xavier"]', NULL, 'X-Man Vol 1 #15 (May, 1996)');
INSERT INTO superhero_images (superhero_id, xs_url, sm_url, md_url, lg_url) VALUES (504, 'https://cdn.jsdelivr.net/gh/akabab/superhero-api@0.3.0/api/images/xs/504-onslaught.jpg', 'https://cdn.jsdelivr.net/gh/akabab/superhero-api@0.3.0/api/images/sm/504-onslaught.jpg', 'https://cdn.jsdelivr.net/gh/akabab/superhero-api@0.3.0/api/images/md/504-onslaught.jpg', 'https://cdn.jsdelivr.net/gh/akabab/superhero-api@0.3.0/api/images/lg/504-onslaught.jpg');
INSERT INTO superheroes (id, name, slug, alignment, publisher) VALUES (505, 'Oracle', '505-oracle', 'good', 'Batgirl');
INSERT INTO superhero_powerstats (superhero_id, intelligence, strength, speed, durability, power, combat, cost) VALUES (505, 75, 11, 23, 28, 19, 76, 38);
INSERT INTO superhero_appearance (superhero_id, gender, race, height_cm, weight_kg, eye_color, hair_color) VALUES (505, 'Female', 'Human', 178, 59, 'Blue', 'Red');
INSERT INTO superhero_biography (superhero_id, full_name, aliases, place_of_birth, first_appearance) VALUES (505, 'Barbara Gordon', '["Batgirl","Babs; Barbie Doll; O; The Masked Maiden; the Dark Knight Damsel"]', NULL, 'Suicide Squad #23 (Jan.1989)');
INSERT INTO superhero_images (superhero_id, xs_url, sm_url, md_url, lg_url) VALUES (505, 'https://cdn.jsdelivr.net/gh/akabab/superhero-api@0.3.0/api/images/xs/505-oracle.jpg', 'https://cdn.jsdelivr.net/gh/akabab/superhero-api@0.3.0/api/images/sm/505-oracle.jpg', 'https://cdn.jsdelivr.net/gh/akabab/superhero-api@0.3.0/api/images/md/505-oracle.jpg', 'https://cdn.jsdelivr.net/gh/akabab/superhero-api@0.3.0/api/images/lg/505-oracle.jpg');
INSERT INTO superheroes (id, name, slug, alignment, publisher) VALUES (506, 'Osiris', '506-osiris', 'good', 'DC Comics');
INSERT INTO superhero_powerstats (superhero_id, intelligence, strength, speed, durability, power, combat, cost) VALUES (506, 75, 85, 60, 95, 65, 42, 70);
INSERT INTO superhero_appearance (superhero_id, gender, race, height_cm, weight_kg, eye_color, hair_color) VALUES (506, 'Male', NULL, 0, 0, 'Brown', 'Brown');
INSERT INTO superhero_biography (superhero_id, full_name, aliases, place_of_birth, first_appearance) VALUES (506, 'Amon Tomaz', '["-"]', NULL, NULL);
INSERT INTO superhero_images (superhero_id, xs_url, sm_url, md_url, lg_url) VALUES (506, 'https://cdn.jsdelivr.net/gh/akabab/superhero-api@0.3.0/api/images/xs/506-osiris.jpg', 'https://cdn.jsdelivr.net/gh/akabab/superhero-api@0.3.0/api/images/sm/506-osiris.jpg', 'https://cdn.jsdelivr.net/gh/akabab/superhero-api@0.3.0/api/images/md/506-osiris.jpg', 'https://cdn.jsdelivr.net/gh/akabab/superhero-api@0.3.0/api/images/lg/506-osiris.jpg');
INSERT INTO superheroes (id, name, slug, alignment, publisher) VALUES (508, 'Ozymandias', '508-ozymandias', 'bad', 'DC Comics');
INSERT INTO superhero_powerstats (superhero_id, intelligence, strength, speed, durability, power, combat, cost) VALUES (508, 100, 18, 33, 20, 49, 95, 52);
INSERT INTO superhero_appearance (superhero_id, gender, race, height_cm, weight_kg, eye_color, hair_color) VALUES (508, 'Male', 'Human', 0, 0, 'Blue', 'Blond');
INSERT INTO superhero_biography (superhero_id, full_name, aliases, place_of_birth, first_appearance) VALUES (508, 'Adrian Veidt', '["The World''s Smartest Man"]', NULL, 'Watchmen #1');
INSERT INTO superhero_images (superhero_id, xs_url, sm_url, md_url, lg_url) VALUES (508, 'https://cdn.jsdelivr.net/gh/akabab/superhero-api@0.3.0/api/images/xs/508-ozymandias.jpg', 'https://cdn.jsdelivr.net/gh/akabab/superhero-api@0.3.0/api/images/sm/508-ozymandias.jpg', 'https://cdn.jsdelivr.net/gh/akabab/superhero-api@0.3.0/api/images/md/508-ozymandias.jpg', 'https://cdn.jsdelivr.net/gh/akabab/superhero-api@0.3.0/api/images/lg/508-ozymandias.jpg');
INSERT INTO superheroes (id, name, slug, alignment, publisher) VALUES (509, 'Parademon', '509-parademon', 'bad', 'DC Comics');
INSERT INTO superhero_powerstats (superhero_id, intelligence, strength, speed, durability, power, combat, cost) VALUES (509, 9, 28, 17, 50, 53, 25, 30);
INSERT INTO superhero_appearance (superhero_id, gender, race, height_cm, weight_kg, eye_color, hair_color) VALUES (509, NULL, 'Parademon', 0, 0, NULL, NULL);
INSERT INTO superhero_biography (superhero_id, full_name, aliases, place_of_birth, first_appearance) VALUES (509, '', '["-"]', 'Apokalips', 'New Gods #1');
INSERT INTO superhero_images (superhero_id, xs_url, sm_url, md_url, lg_url) VALUES (509, 'https://cdn.jsdelivr.net/gh/akabab/superhero-api@0.3.0/api/images/xs/509-parademon.jpg', 'https://cdn.jsdelivr.net/gh/akabab/superhero-api@0.3.0/api/images/sm/509-parademon.jpg', 'https://cdn.jsdelivr.net/gh/akabab/superhero-api@0.3.0/api/images/md/509-parademon.jpg', 'https://cdn.jsdelivr.net/gh/akabab/superhero-api@0.3.0/api/images/lg/509-parademon.jpg');
INSERT INTO superheroes (id, name, slug, alignment, publisher) VALUES (510, 'Paul Blart', '510-paul-blart', 'good', 'Sony Pictures');
INSERT INTO superhero_powerstats (superhero_id, intelligence, strength, speed, durability, power, combat, cost) VALUES (510, 8, 11, 21, 50, 7, 5, 17);
INSERT INTO superhero_appearance (superhero_id, gender, race, height_cm, weight_kg, eye_color, hair_color) VALUES (510, 'Male', 'Human', 170, 117, NULL, NULL);
INSERT INTO superhero_biography (superhero_id, full_name, aliases, place_of_birth, first_appearance) VALUES (510, 'Paul Blart', '["Mall Cop"]', NULL, NULL);
INSERT INTO superhero_images (superhero_id, xs_url, sm_url, md_url, lg_url) VALUES (510, 'https://cdn.jsdelivr.net/gh/akabab/superhero-api@0.3.0/api/images/xs/510-paul-blart.jpg', 'https://cdn.jsdelivr.net/gh/akabab/superhero-api@0.3.0/api/images/sm/510-paul-blart.jpg', 'https://cdn.jsdelivr.net/gh/akabab/superhero-api@0.3.0/api/images/md/510-paul-blart.jpg', 'https://cdn.jsdelivr.net/gh/akabab/superhero-api@0.3.0/api/images/lg/510-paul-blart.jpg');
INSERT INTO superheroes (id, name, slug, alignment, publisher) VALUES (514, 'Penguin', '514-penguin', 'bad', 'DC Comics');
INSERT INTO superhero_powerstats (superhero_id, intelligence, strength, speed, durability, power, combat, cost) VALUES (514, 75, 10, 12, 28, 30, 45, 33);
INSERT INTO superhero_appearance (superhero_id, gender, race, height_cm, weight_kg, eye_color, hair_color) VALUES (514, 'Male', 'Human', 157, 79, 'Blue', 'Black');
INSERT INTO superhero_biography (superhero_id, full_name, aliases, place_of_birth, first_appearance) VALUES (514, 'Oswald Chesterfield Cobblepot', '["-"]', NULL, 'DETECTIVE COMICS #58 (December, 1941)');
INSERT INTO superhero_images (superhero_id, xs_url, sm_url, md_url, lg_url) VALUES (514, 'https://cdn.jsdelivr.net/gh/akabab/superhero-api@0.3.0/api/images/xs/514-penguin.jpg', 'https://cdn.jsdelivr.net/gh/akabab/superhero-api@0.3.0/api/images/sm/514-penguin.jpg', 'https://cdn.jsdelivr.net/gh/akabab/superhero-api@0.3.0/api/images/md/514-penguin.jpg', 'https://cdn.jsdelivr.net/gh/akabab/superhero-api@0.3.0/api/images/lg/514-penguin.jpg');
INSERT INTO superheroes (id, name, slug, alignment, publisher) VALUES (516, 'Phantom Girl', '516-phantom-girl', 'good', 'DC Comics');
INSERT INTO superhero_powerstats (superhero_id, intelligence, strength, speed, durability, power, combat, cost) VALUES (516, 38, 10, 23, 28, 53, 42, 32);
INSERT INTO superhero_appearance (superhero_id, gender, race, height_cm, weight_kg, eye_color, hair_color) VALUES (516, 'Female', NULL, 168, 54, 'Blue', 'Black');
INSERT INTO superhero_biography (superhero_id, full_name, aliases, place_of_birth, first_appearance) VALUES (516, 'Tinya Wazzo', '["-"]', NULL, 'Teen Titans/Legion Special #1 (2004)');
INSERT INTO superhero_images (superhero_id, xs_url, sm_url, md_url, lg_url) VALUES (516, 'https://cdn.jsdelivr.net/gh/akabab/superhero-api@0.3.0/api/images/xs/516-phantom-girl.jpg', 'https://cdn.jsdelivr.net/gh/akabab/superhero-api@0.3.0/api/images/sm/516-phantom-girl.jpg', 'https://cdn.jsdelivr.net/gh/akabab/superhero-api@0.3.0/api/images/md/516-phantom-girl.jpg', 'https://cdn.jsdelivr.net/gh/akabab/superhero-api@0.3.0/api/images/lg/516-phantom-girl.jpg');
INSERT INTO superheroes (id, name, slug, alignment, publisher) VALUES (517, 'Phoenix', '517-phoenix', 'good', 'Jean Grey');
INSERT INTO superhero_powerstats (superhero_id, intelligence, strength, speed, durability, power, combat, cost) VALUES (517, 100, 100, 83, 100, 100, 80, 93);
INSERT INTO superhero_appearance (superhero_id, gender, race, height_cm, weight_kg, eye_color, hair_color) VALUES (517, 'Female', 'Mutant', 168, 52, 'Green', 'Red');
INSERT INTO superhero_biography (superhero_id, full_name, aliases, place_of_birth, first_appearance) VALUES (517, 'Jean Grey', '["Redd Dayspring","Marvel Girl"]', NULL, 'X-Men #1 (September, 1963)');
INSERT INTO superhero_images (superhero_id, xs_url, sm_url, md_url, lg_url) VALUES (517, 'https://cdn.jsdelivr.net/gh/akabab/superhero-api@0.3.0/api/images/xs/517-phoenix.jpg', 'https://cdn.jsdelivr.net/gh/akabab/superhero-api@0.3.0/api/images/sm/517-phoenix.jpg', 'https://cdn.jsdelivr.net/gh/akabab/superhero-api@0.3.0/api/images/md/517-phoenix.jpg', 'https://cdn.jsdelivr.net/gh/akabab/superhero-api@0.3.0/api/images/lg/517-phoenix.jpg');
INSERT INTO superheroes (id, name, slug, alignment, publisher) VALUES (518, 'Plantman', '518-plantman', 'bad', 'Marvel Comics');
INSERT INTO superhero_powerstats (superhero_id, intelligence, strength, speed, durability, power, combat, cost) VALUES (518, 63, 60, 25, 55, 61, 25, 48);
INSERT INTO superhero_appearance (superhero_id, gender, race, height_cm, weight_kg, eye_color, hair_color) VALUES (518, 'Male', 'Mutant', 183, 87, 'Green', 'Grey');
INSERT INTO superhero_biography (superhero_id, full_name, aliases, place_of_birth, first_appearance) VALUES (518, 'Samuel Smithers', '["Blackheath"]', 'London, England', 'Strange Tales #113 (October, 1963)');
INSERT INTO superhero_images (superhero_id, xs_url, sm_url, md_url, lg_url) VALUES (518, 'https://cdn.jsdelivr.net/gh/akabab/superhero-api@0.3.0/api/images/xs/518-plantman.jpg', 'https://cdn.jsdelivr.net/gh/akabab/superhero-api@0.3.0/api/images/sm/518-plantman.jpg', 'https://cdn.jsdelivr.net/gh/akabab/superhero-api@0.3.0/api/images/md/518-plantman.jpg', 'https://cdn.jsdelivr.net/gh/akabab/superhero-api@0.3.0/api/images/lg/518-plantman.jpg');
INSERT INTO superheroes (id, name, slug, alignment, publisher) VALUES (520, 'Plastic Man', '520-plastic-man', 'good', 'DC Comics');
INSERT INTO superhero_powerstats (superhero_id, intelligence, strength, speed, durability, power, combat, cost) VALUES (520, 50, 63, 23, 100, 100, 56, 65);
INSERT INTO superhero_appearance (superhero_id, gender, race, height_cm, weight_kg, eye_color, hair_color) VALUES (520, 'Male', 'Human', 185, 80, 'Blue', 'Black');
INSERT INTO superhero_biography (superhero_id, full_name, aliases, place_of_birth, first_appearance) VALUES (520, 'Patrick O''Brian', '["-"]', NULL, 'Police Comics #1 (August, 1941)');
INSERT INTO superhero_images (superhero_id, xs_url, sm_url, md_url, lg_url) VALUES (520, 'https://cdn.jsdelivr.net/gh/akabab/superhero-api@0.3.0/api/images/xs/520-plastic-man.jpg', 'https://cdn.jsdelivr.net/gh/akabab/superhero-api@0.3.0/api/images/sm/520-plastic-man.jpg', 'https://cdn.jsdelivr.net/gh/akabab/superhero-api@0.3.0/api/images/md/520-plastic-man.jpg', 'https://cdn.jsdelivr.net/gh/akabab/superhero-api@0.3.0/api/images/lg/520-plastic-man.jpg');
INSERT INTO superheroes (id, name, slug, alignment, publisher) VALUES (521, 'Plastique', '521-plastique', 'bad', 'DC Comics');
INSERT INTO superhero_powerstats (superhero_id, intelligence, strength, speed, durability, power, combat, cost) VALUES (521, 50, 10, 23, 28, 60, 42, 35);
INSERT INTO superhero_appearance (superhero_id, gender, race, height_cm, weight_kg, eye_color, hair_color) VALUES (521, 'Female', NULL, 168, 55, 'Blue', 'Red');
INSERT INTO superhero_biography (superhero_id, full_name, aliases, place_of_birth, first_appearance) VALUES (521, 'Bette Sans Souci', '["-"]', NULL, 'Fury of Firestorm #7');
INSERT INTO superhero_images (superhero_id, xs_url, sm_url, md_url, lg_url) VALUES (521, 'https://cdn.jsdelivr.net/gh/akabab/superhero-api@0.3.0/api/images/xs/521-plastique.jpg', 'https://cdn.jsdelivr.net/gh/akabab/superhero-api@0.3.0/api/images/sm/521-plastique.jpg', 'https://cdn.jsdelivr.net/gh/akabab/superhero-api@0.3.0/api/images/md/521-plastique.jpg', 'https://cdn.jsdelivr.net/gh/akabab/superhero-api@0.3.0/api/images/lg/521-plastique.jpg');
INSERT INTO superheroes (id, name, slug, alignment, publisher) VALUES (522, 'Poison Ivy', '522-poison-ivy', 'bad', 'DC Comics');
INSERT INTO superhero_powerstats (superhero_id, intelligence, strength, speed, durability, power, combat, cost) VALUES (522, 81, 14, 21, 40, 100, 40, 49);
INSERT INTO superhero_appearance (superhero_id, gender, race, height_cm, weight_kg, eye_color, hair_color) VALUES (522, 'Female', 'Human', 168, 50, 'Green', 'Red');
INSERT INTO superhero_biography (superhero_id, full_name, aliases, place_of_birth, first_appearance) VALUES (522, 'Pamela Isley', '["-"]', 'Seattle, Washington', 'Batman #181 (June 1966)');
INSERT INTO superhero_images (superhero_id, xs_url, sm_url, md_url, lg_url) VALUES (522, 'https://cdn.jsdelivr.net/gh/akabab/superhero-api@0.3.0/api/images/xs/522-poison-ivy.jpg', 'https://cdn.jsdelivr.net/gh/akabab/superhero-api@0.3.0/api/images/sm/522-poison-ivy.jpg', 'https://cdn.jsdelivr.net/gh/akabab/superhero-api@0.3.0/api/images/md/522-poison-ivy.jpg', 'https://cdn.jsdelivr.net/gh/akabab/superhero-api@0.3.0/api/images/lg/522-poison-ivy.jpg');
INSERT INTO superheroes (id, name, slug, alignment, publisher) VALUES (523, 'Polaris', '523-polaris', 'good', 'Marvel Comics');
INSERT INTO superhero_powerstats (superhero_id, intelligence, strength, speed, durability, power, combat, cost) VALUES (523, 63, 73, 42, 50, 100, 45, 62);
INSERT INTO superhero_appearance (superhero_id, gender, race, height_cm, weight_kg, eye_color, hair_color) VALUES (523, 'Female', 'Mutant', 170, 52, 'Green', 'Green');
INSERT INTO superhero_biography (superhero_id, full_name, aliases, place_of_birth, first_appearance) VALUES (523, 'Lorna Dane', '["Pestilence","formerly Malice","Polarity","Magnetrix","M-2","Magneto the Second"]', 'Presumably northern California - not confirmed', 'X-Men #49 (October, 1968)');
INSERT INTO superhero_images (superhero_id, xs_url, sm_url, md_url, lg_url) VALUES (523, 'https://cdn.jsdelivr.net/gh/akabab/superhero-api@0.3.0/api/images/xs/523-polaris.jpg', 'https://cdn.jsdelivr.net/gh/akabab/superhero-api@0.3.0/api/images/sm/523-polaris.jpg', 'https://cdn.jsdelivr.net/gh/akabab/superhero-api@0.3.0/api/images/md/523-polaris.jpg', 'https://cdn.jsdelivr.net/gh/akabab/superhero-api@0.3.0/api/images/lg/523-polaris.jpg');
INSERT INTO superheroes (id, name, slug, alignment, publisher) VALUES (524, 'Power Girl', '524-power-girl', 'good', 'DC Comics');
INSERT INTO superhero_powerstats (superhero_id, intelligence, strength, speed, durability, power, combat, cost) VALUES (524, 94, 100, 100, 100, 100, 75, 94);
INSERT INTO superhero_appearance (superhero_id, gender, race, height_cm, weight_kg, eye_color, hair_color) VALUES (524, 'Female', 'Kryptonian', 180, 81, 'blue', 'blond');
INSERT INTO superhero_biography (superhero_id, full_name, aliases, place_of_birth, first_appearance) VALUES (524, 'Kara Zor-L', '["Karen Starr","Nightwing"]', NULL, 'All-Star Comics #58 (January/February 1976)');
INSERT INTO superhero_images (superhero_id, xs_url, sm_url, md_url, lg_url) VALUES (524, 'https://cdn.jsdelivr.net/gh/akabab/superhero-api@0.3.0/api/images/xs/524-power-girl.jpg', 'https://cdn.jsdelivr.net/gh/akabab/superhero-api@0.3.0/api/images/sm/524-power-girl.jpg', 'https://cdn.jsdelivr.net/gh/akabab/superhero-api@0.3.0/api/images/md/524-power-girl.jpg', 'https://cdn.jsdelivr.net/gh/akabab/superhero-api@0.3.0/api/images/lg/524-power-girl.jpg');
INSERT INTO superheroes (id, name, slug, alignment, publisher) VALUES (526, 'Predator', '526-predator', 'bad', 'Dark Horse Comics');
INSERT INTO superhero_powerstats (superhero_id, intelligence, strength, speed, durability, power, combat, cost) VALUES (526, 63, 30, 25, 85, 100, 90, 65);
INSERT INTO superhero_appearance (superhero_id, gender, race, height_cm, weight_kg, eye_color, hair_color) VALUES (526, 'Male', 'Yautja', 213, 234, NULL, NULL);
INSERT INTO superhero_biography (superhero_id, full_name, aliases, place_of_birth, first_appearance) VALUES (526, 'Yautja', '["Hunters","Yautja","Hish"]', 'Yautja Prime', 'Predator (1987)');
INSERT INTO superhero_images (superhero_id, xs_url, sm_url, md_url, lg_url) VALUES (526, 'https://cdn.jsdelivr.net/gh/akabab/superhero-api@0.3.0/api/images/xs/526-predator.jpg', 'https://cdn.jsdelivr.net/gh/akabab/superhero-api@0.3.0/api/images/sm/526-predator.jpg', 'https://cdn.jsdelivr.net/gh/akabab/superhero-api@0.3.0/api/images/md/526-predator.jpg', 'https://cdn.jsdelivr.net/gh/akabab/superhero-api@0.3.0/api/images/lg/526-predator.jpg');
INSERT INTO superheroes (id, name, slug, alignment, publisher) VALUES (527, 'Professor X', '527-professor-x', 'good', 'Marvel Comics');
INSERT INTO superhero_powerstats (superhero_id, intelligence, strength, speed, durability, power, combat, cost) VALUES (527, 100, 8, 12, 14, 100, 32, 44);
INSERT INTO superhero_appearance (superhero_id, gender, race, height_cm, weight_kg, eye_color, hair_color) VALUES (527, 'Male', 'Mutant', 183, 86, 'Blue', 'No Hair');
INSERT INTO superhero_biography (superhero_id, full_name, aliases, place_of_birth, first_appearance) VALUES (527, 'Charles Francis Xavier', '["Prof","Dr. X","Professor Xavier","formerly Prisoner M-13"]', 'New York, New York', 'X-Men #1 (September, 1963)');
INSERT INTO superhero_images (superhero_id, xs_url, sm_url, md_url, lg_url) VALUES (527, 'https://cdn.jsdelivr.net/gh/akabab/superhero-api@0.3.0/api/images/xs/527-professor-x.jpg', 'https://cdn.jsdelivr.net/gh/akabab/superhero-api@0.3.0/api/images/sm/527-professor-x.jpg', 'https://cdn.jsdelivr.net/gh/akabab/superhero-api@0.3.0/api/images/md/527-professor-x.jpg', 'https://cdn.jsdelivr.net/gh/akabab/superhero-api@0.3.0/api/images/lg/527-professor-x.jpg');
INSERT INTO superheroes (id, name, slug, alignment, publisher) VALUES (528, 'Professor Zoom', '528-professor-zoom', 'bad', 'DC Comics');
INSERT INTO superhero_powerstats (superhero_id, intelligence, strength, speed, durability, power, combat, cost) VALUES (528, 94, 10, 100, 20, 83, 20, 54);
INSERT INTO superhero_appearance (superhero_id, gender, race, height_cm, weight_kg, eye_color, hair_color) VALUES (528, 'Male', 'Human', 180, 81, 'Blue', 'Strawberry Blond');
INSERT INTO superhero_biography (superhero_id, full_name, aliases, place_of_birth, first_appearance) VALUES (528, 'Eobard Thawne', '["Reverse Flash","Black Flash","Adrian Zoom","Mister Zyx"]', NULL, 'Flash #139 (September, 1963)');
INSERT INTO superhero_images (superhero_id, xs_url, sm_url, md_url, lg_url) VALUES (528, 'https://cdn.jsdelivr.net/gh/akabab/superhero-api@0.3.0/api/images/xs/528-professor-zoom.jpg', 'https://cdn.jsdelivr.net/gh/akabab/superhero-api@0.3.0/api/images/sm/528-professor-zoom.jpg', 'https://cdn.jsdelivr.net/gh/akabab/superhero-api@0.3.0/api/images/md/528-professor-zoom.jpg', 'https://cdn.jsdelivr.net/gh/akabab/superhero-api@0.3.0/api/images/lg/528-professor-zoom.jpg');
INSERT INTO superheroes (id, name, slug, alignment, publisher) VALUES (529, 'Psylocke', '529-psylocke', 'good', 'Marvel Comics');
INSERT INTO superhero_powerstats (superhero_id, intelligence, strength, speed, durability, power, combat, cost) VALUES (529, 63, 33, 25, 40, 100, 90, 58);
INSERT INTO superhero_appearance (superhero_id, gender, race, height_cm, weight_kg, eye_color, hair_color) VALUES (529, 'Female', 'Mutant', 180, 70, 'Blue', 'Purple');
INSERT INTO superhero_biography (superhero_id, full_name, aliases, place_of_birth, first_appearance) VALUES (529, 'Elizabeth Braddock', '["Betsy","Captain Britain","Lady Mandarin"]', 'Braddock Manor, England', 'Captain Britain #8 (December, 1976) / New Mutants Annual #2 (October, 1986) (US)');
INSERT INTO superhero_images (superhero_id, xs_url, sm_url, md_url, lg_url) VALUES (529, 'https://cdn.jsdelivr.net/gh/akabab/superhero-api@0.3.0/api/images/xs/529-psylocke.jpg', 'https://cdn.jsdelivr.net/gh/akabab/superhero-api@0.3.0/api/images/sm/529-psylocke.jpg', 'https://cdn.jsdelivr.net/gh/akabab/superhero-api@0.3.0/api/images/md/529-psylocke.jpg', 'https://cdn.jsdelivr.net/gh/akabab/superhero-api@0.3.0/api/images/lg/529-psylocke.jpg');
INSERT INTO superheroes (id, name, slug, alignment, publisher) VALUES (530, 'Punisher', '530-punisher', 'good', 'Marvel Comics');
INSERT INTO superhero_powerstats (superhero_id, intelligence, strength, speed, durability, power, combat, cost) VALUES (530, 69, 16, 21, 45, 42, 100, 48);
INSERT INTO superhero_appearance (superhero_id, gender, race, height_cm, weight_kg, eye_color, hair_color) VALUES (530, 'Male', 'Human', 183, 90, 'Blue', 'Black');
INSERT INTO superhero_biography (superhero_id, full_name, aliases, place_of_birth, first_appearance) VALUES (530, 'Frank Castle', '["Big Nothing","Major Bateman","Ted Bishop","Cliff Callador","Castigo","Chaloner","Fred D''Amato","Eastman","Charles Fort","Frank Loomis","McRook","Melchior","Joe Rainey","Frank Rook","Richard Rook","Tony Knowlen Ross","Francis Stronghold","Johnny Tower","Dmitri Velikoff","Fra"]', 'Queens, New York', 'AMAZING SPIDER-MAN #129');
INSERT INTO superhero_images (superhero_id, xs_url, sm_url, md_url, lg_url) VALUES (530, 'https://cdn.jsdelivr.net/gh/akabab/superhero-api@0.3.0/api/images/xs/530-punisher.jpg', 'https://cdn.jsdelivr.net/gh/akabab/superhero-api@0.3.0/api/images/sm/530-punisher.jpg', 'https://cdn.jsdelivr.net/gh/akabab/superhero-api@0.3.0/api/images/md/530-punisher.jpg', 'https://cdn.jsdelivr.net/gh/akabab/superhero-api@0.3.0/api/images/lg/530-punisher.jpg');
INSERT INTO superheroes (id, name, slug, alignment, publisher) VALUES (531, 'Purple Man', '531-purple-man', 'bad', 'Marvel Comics');
INSERT INTO superhero_powerstats (superhero_id, intelligence, strength, speed, durability, power, combat, cost) VALUES (531, 56, 10, 8, 30, 92, 10, 34);
INSERT INTO superhero_appearance (superhero_id, gender, race, height_cm, weight_kg, eye_color, hair_color) VALUES (531, 'Male', 'Human', 180, 74, 'Purple', 'Purple');
INSERT INTO superhero_biography (superhero_id, full_name, aliases, place_of_birth, first_appearance) VALUES (531, 'Zebediah Killgrave', '["Kilgrave"]', NULL, 'Daredevil #4 (October, 1964)');
INSERT INTO superhero_images (superhero_id, xs_url, sm_url, md_url, lg_url) VALUES (531, 'https://cdn.jsdelivr.net/gh/akabab/superhero-api@0.3.0/api/images/xs/531-purple-man.jpg', 'https://cdn.jsdelivr.net/gh/akabab/superhero-api@0.3.0/api/images/sm/531-purple-man.jpg', 'https://cdn.jsdelivr.net/gh/akabab/superhero-api@0.3.0/api/images/md/531-purple-man.jpg', 'https://cdn.jsdelivr.net/gh/akabab/superhero-api@0.3.0/api/images/lg/531-purple-man.jpg');
INSERT INTO superheroes (id, name, slug, alignment, publisher) VALUES (532, 'Pyro', '532-pyro', 'bad', 'Marvel Comics');
INSERT INTO superhero_powerstats (superhero_id, intelligence, strength, speed, durability, power, combat, cost) VALUES (532, 38, 10, 12, 14, 54, 28, 26);
INSERT INTO superhero_appearance (superhero_id, gender, race, height_cm, weight_kg, eye_color, hair_color) VALUES (532, 'Male', NULL, 178, 68, 'Blue', 'Blond');
INSERT INTO superhero_biography (superhero_id, full_name, aliases, place_of_birth, first_appearance) VALUES (532, 'St. John Allerdyce', '["-"]', 'Sydney, Australia', NULL);
INSERT INTO superhero_images (superhero_id, xs_url, sm_url, md_url, lg_url) VALUES (532, 'https://cdn.jsdelivr.net/gh/akabab/superhero-api@0.3.0/api/images/xs/532-pyro.jpg', 'https://cdn.jsdelivr.net/gh/akabab/superhero-api@0.3.0/api/images/sm/532-pyro.jpg', 'https://cdn.jsdelivr.net/gh/akabab/superhero-api@0.3.0/api/images/md/532-pyro.jpg', 'https://cdn.jsdelivr.net/gh/akabab/superhero-api@0.3.0/api/images/lg/532-pyro.jpg');
INSERT INTO superheroes (id, name, slug, alignment, publisher) VALUES (533, 'Q', '533-q', 'null', 'Star Trek');
INSERT INTO superhero_powerstats (superhero_id, intelligence, strength, speed, durability, power, combat, cost) VALUES (533, 100, 12, 17, 100, 100, 40, 61);
INSERT INTO superhero_appearance (superhero_id, gender, race, height_cm, weight_kg, eye_color, hair_color) VALUES (533, 'Male', 'God / Eternal', 0, 0, NULL, NULL);
INSERT INTO superhero_biography (superhero_id, full_name, aliases, place_of_birth, first_appearance) VALUES (533, 'Q', '["Q Continuum"]', NULL, NULL);
INSERT INTO superhero_images (superhero_id, xs_url, sm_url, md_url, lg_url) VALUES (533, 'https://cdn.jsdelivr.net/gh/akabab/superhero-api@0.3.0/api/images/xs/533-q.jpg', 'https://cdn.jsdelivr.net/gh/akabab/superhero-api@0.3.0/api/images/sm/533-q.jpg', 'https://cdn.jsdelivr.net/gh/akabab/superhero-api@0.3.0/api/images/md/533-q.jpg', 'https://cdn.jsdelivr.net/gh/akabab/superhero-api@0.3.0/api/images/lg/533-q.jpg');
INSERT INTO superheroes (id, name, slug, alignment, publisher) VALUES (535, 'Question', '535-question', 'good', 'DC Comics');
INSERT INTO superhero_powerstats (superhero_id, intelligence, strength, speed, durability, power, combat, cost) VALUES (535, 81, 14, 27, 35, 20, 80, 42);
INSERT INTO superhero_appearance (superhero_id, gender, race, height_cm, weight_kg, eye_color, hair_color) VALUES (535, 'Male', 'Human', 188, 83, 'Blue', 'Blond');
INSERT INTO superhero_biography (superhero_id, full_name, aliases, place_of_birth, first_appearance) VALUES (535, 'Charles Victor Szasz', '["Vic Sage"]', NULL, 'Blue Beetle (Charlton) Vol 4 #1 (June, 1967)');
INSERT INTO superhero_images (superhero_id, xs_url, sm_url, md_url, lg_url) VALUES (535, 'https://cdn.jsdelivr.net/gh/akabab/superhero-api@0.3.0/api/images/xs/535-question.jpg', 'https://cdn.jsdelivr.net/gh/akabab/superhero-api@0.3.0/api/images/sm/535-question.jpg', 'https://cdn.jsdelivr.net/gh/akabab/superhero-api@0.3.0/api/images/md/535-question.jpg', 'https://cdn.jsdelivr.net/gh/akabab/superhero-api@0.3.0/api/images/lg/535-question.jpg');
INSERT INTO superheroes (id, name, slug, alignment, publisher) VALUES (536, 'Quicksilver', '536-quicksilver', 'good', 'Marvel Comics');
INSERT INTO superhero_powerstats (superhero_id, intelligence, strength, speed, durability, power, combat, cost) VALUES (536, 63, 28, 100, 60, 81, 56, 64);
INSERT INTO superhero_appearance (superhero_id, gender, race, height_cm, weight_kg, eye_color, hair_color) VALUES (536, 'Male', 'Mutant', 183, 79, 'Blue', 'Silver');
INSERT INTO superhero_biography (superhero_id, full_name, aliases, place_of_birth, first_appearance) VALUES (536, 'Pietro Django Maximoff', '["Pietro Frank","Gypsy Davey","Mateo Maximoff"]', 'Wundagore Mountain, Transia (in Eastern Europe)', 'X-MEN Vol. 1 #4');
INSERT INTO superhero_images (superhero_id, xs_url, sm_url, md_url, lg_url) VALUES (536, 'https://cdn.jsdelivr.net/gh/akabab/superhero-api@0.3.0/api/images/xs/536-quicksilver.jpg', 'https://cdn.jsdelivr.net/gh/akabab/superhero-api@0.3.0/api/images/sm/536-quicksilver.jpg', 'https://cdn.jsdelivr.net/gh/akabab/superhero-api@0.3.0/api/images/md/536-quicksilver.jpg', 'https://cdn.jsdelivr.net/gh/akabab/superhero-api@0.3.0/api/images/lg/536-quicksilver.jpg');
INSERT INTO superheroes (id, name, slug, alignment, publisher) VALUES (537, 'Quill', '537-quill', 'good', 'Marvel Comics');
INSERT INTO superhero_powerstats (superhero_id, intelligence, strength, speed, durability, power, combat, cost) VALUES (537, 38, 10, 12, 14, 23, 14, 18);
INSERT INTO superhero_appearance (superhero_id, gender, race, height_cm, weight_kg, eye_color, hair_color) VALUES (537, 'Male', NULL, 163, 56, 'Brown', 'Brown');
INSERT INTO superhero_biography (superhero_id, full_name, aliases, place_of_birth, first_appearance) VALUES (537, 'Maxwell Jordan', '["Max"]', NULL, 'New X-Men: Academy X #1');
INSERT INTO superhero_images (superhero_id, xs_url, sm_url, md_url, lg_url) VALUES (537, 'https://cdn.jsdelivr.net/gh/akabab/superhero-api@0.3.0/api/images/xs/537-quill.jpg', 'https://cdn.jsdelivr.net/gh/akabab/superhero-api@0.3.0/api/images/sm/537-quill.jpg', 'https://cdn.jsdelivr.net/gh/akabab/superhero-api@0.3.0/api/images/md/537-quill.jpg', 'https://cdn.jsdelivr.net/gh/akabab/superhero-api@0.3.0/api/images/lg/537-quill.jpg');
INSERT INTO superheroes (id, name, slug, alignment, publisher) VALUES (538, 'Ra''s Al Ghul', '538-ras-al-ghul', 'bad', 'DC Comics');
INSERT INTO superhero_powerstats (superhero_id, intelligence, strength, speed, durability, power, combat, cost) VALUES (538, 100, 28, 32, 42, 27, 100, 54);
INSERT INTO superhero_appearance (superhero_id, gender, race, height_cm, weight_kg, eye_color, hair_color) VALUES (538, 'Male', 'Human', 193, 97, 'Green', 'Grey');
INSERT INTO superhero_biography (superhero_id, full_name, aliases, place_of_birth, first_appearance) VALUES (538, 'Ra''s Al Ghul', '["Demon''s Head"]', 'Egypt', 'Batman #232 (June, 1971)');
INSERT INTO superhero_images (superhero_id, xs_url, sm_url, md_url, lg_url) VALUES (538, 'https://cdn.jsdelivr.net/gh/akabab/superhero-api@0.3.0/api/images/xs/538-ras-al-ghul.jpg', 'https://cdn.jsdelivr.net/gh/akabab/superhero-api@0.3.0/api/images/sm/538-ras-al-ghul.jpg', 'https://cdn.jsdelivr.net/gh/akabab/superhero-api@0.3.0/api/images/md/538-ras-al-ghul.jpg', 'https://cdn.jsdelivr.net/gh/akabab/superhero-api@0.3.0/api/images/lg/538-ras-al-ghul.jpg');
INSERT INTO superheroes (id, name, slug, alignment, publisher) VALUES (539, 'Rachel Pirzad', '539-rachel-pirzad', 'good', 'SyFy');
INSERT INTO superhero_powerstats (superhero_id, intelligence, strength, speed, durability, power, combat, cost) VALUES (539, 63, 4, 8, 10, 52, 10, 24);
INSERT INTO superhero_appearance (superhero_id, gender, race, height_cm, weight_kg, eye_color, hair_color) VALUES (539, 'Female', 'Alpha', 0, 0, NULL, NULL);
INSERT INTO superhero_biography (superhero_id, full_name, aliases, place_of_birth, first_appearance) VALUES (539, '', '["-"]', NULL, NULL);
INSERT INTO superhero_images (superhero_id, xs_url, sm_url, md_url, lg_url) VALUES (539, 'https://cdn.jsdelivr.net/gh/akabab/superhero-api@0.3.0/api/images/xs/539-rachel-pirzad.jpg', 'https://cdn.jsdelivr.net/gh/akabab/superhero-api@0.3.0/api/images/sm/539-rachel-pirzad.jpg', 'https://cdn.jsdelivr.net/gh/akabab/superhero-api@0.3.0/api/images/md/539-rachel-pirzad.jpg', 'https://cdn.jsdelivr.net/gh/akabab/superhero-api@0.3.0/api/images/lg/539-rachel-pirzad.jpg');
INSERT INTO superheroes (id, name, slug, alignment, publisher) VALUES (540, 'Rambo', '540-rambo', 'good', NULL);
INSERT INTO superhero_powerstats (superhero_id, intelligence, strength, speed, durability, power, combat, cost) VALUES (540, 63, 14, 25, 30, 30, 100, 43);
INSERT INTO superhero_appearance (superhero_id, gender, race, height_cm, weight_kg, eye_color, hair_color) VALUES (540, 'Male', 'Human', 178, 83, 'Brown', 'Black');
INSERT INTO superhero_biography (superhero_id, full_name, aliases, place_of_birth, first_appearance) VALUES (540, 'John Rambo', '["Raven","Lone Wolf"]', 'Bowie, Arizona', 'First Blood (Novel, 1972)');
INSERT INTO superhero_images (superhero_id, xs_url, sm_url, md_url, lg_url) VALUES (540, 'https://cdn.jsdelivr.net/gh/akabab/superhero-api@0.3.0/api/images/xs/540-rambo.jpg', 'https://cdn.jsdelivr.net/gh/akabab/superhero-api@0.3.0/api/images/sm/540-rambo.jpg', 'https://cdn.jsdelivr.net/gh/akabab/superhero-api@0.3.0/api/images/md/540-rambo.jpg', 'https://cdn.jsdelivr.net/gh/akabab/superhero-api@0.3.0/api/images/lg/540-rambo.jpg');
INSERT INTO superheroes (id, name, slug, alignment, publisher) VALUES (541, 'Raphael', '541-raphael', 'good', 'IDW Publishing');
INSERT INTO superhero_powerstats (superhero_id, intelligence, strength, speed, durability, power, combat, cost) VALUES (541, 63, 17, 50, 65, 59, 80, 55);
INSERT INTO superhero_appearance (superhero_id, gender, race, height_cm, weight_kg, eye_color, hair_color) VALUES (541, 'Male', 'Mutant', 0, 0, NULL, 'No Hair');
INSERT INTO superhero_biography (superhero_id, full_name, aliases, place_of_birth, first_appearance) VALUES (541, '', '["-"]', NULL, 'Teenage Mutant Ninja Turtles #1');
INSERT INTO superhero_images (superhero_id, xs_url, sm_url, md_url, lg_url) VALUES (541, 'https://cdn.jsdelivr.net/gh/akabab/superhero-api@0.3.0/api/images/xs/541-raphael.jpg', 'https://cdn.jsdelivr.net/gh/akabab/superhero-api@0.3.0/api/images/sm/541-raphael.jpg', 'https://cdn.jsdelivr.net/gh/akabab/superhero-api@0.3.0/api/images/md/541-raphael.jpg', 'https://cdn.jsdelivr.net/gh/akabab/superhero-api@0.3.0/api/images/lg/541-raphael.jpg');
INSERT INTO superheroes (id, name, slug, alignment, publisher) VALUES (542, 'Raven', '542-raven', 'neutral', 'DC Comics');
INSERT INTO superhero_powerstats (superhero_id, intelligence, strength, speed, durability, power, combat, cost) VALUES (542, 50, 10, 29, 70, 84, 40, 47);
INSERT INTO superhero_appearance (superhero_id, gender, race, height_cm, weight_kg, eye_color, hair_color) VALUES (542, 'Female', 'Human', 165, 50, 'Indigo', 'Black');
INSERT INTO superhero_biography (superhero_id, full_name, aliases, place_of_birth, first_appearance) VALUES (542, 'Rachel Roth', '["Pride","Dark Raven"]', 'Azarath', 'DC Comics Presents #26 (October, 1980)');
INSERT INTO superhero_images (superhero_id, xs_url, sm_url, md_url, lg_url) VALUES (542, 'https://cdn.jsdelivr.net/gh/akabab/superhero-api@0.3.0/api/images/xs/542-raven.jpg', 'https://cdn.jsdelivr.net/gh/akabab/superhero-api@0.3.0/api/images/sm/542-raven.jpg', 'https://cdn.jsdelivr.net/gh/akabab/superhero-api@0.3.0/api/images/md/542-raven.jpg', 'https://cdn.jsdelivr.net/gh/akabab/superhero-api@0.3.0/api/images/lg/542-raven.jpg');
INSERT INTO superheroes (id, name, slug, alignment, publisher) VALUES (543, 'Ray', '543-ray', 'good', 'DC Comics');
INSERT INTO superhero_powerstats (superhero_id, intelligence, strength, speed, durability, power, combat, cost) VALUES (543, 50, 10, 92, 100, 100, 20, 62);
INSERT INTO superhero_appearance (superhero_id, gender, race, height_cm, weight_kg, eye_color, hair_color) VALUES (543, 'Male', 'Human', 178, 70, 'Green', 'Red');
INSERT INTO superhero_biography (superhero_id, full_name, aliases, place_of_birth, first_appearance) VALUES (543, 'Ray Terrill', '["-"]', NULL, 'Ray #1');
INSERT INTO superhero_images (superhero_id, xs_url, sm_url, md_url, lg_url) VALUES (543, 'https://cdn.jsdelivr.net/gh/akabab/superhero-api@0.3.0/api/images/xs/543-ray.jpg', 'https://cdn.jsdelivr.net/gh/akabab/superhero-api@0.3.0/api/images/sm/543-ray.jpg', 'https://cdn.jsdelivr.net/gh/akabab/superhero-api@0.3.0/api/images/md/543-ray.jpg', 'https://cdn.jsdelivr.net/gh/akabab/superhero-api@0.3.0/api/images/lg/543-ray.jpg');
INSERT INTO superheroes (id, name, slug, alignment, publisher) VALUES (545, 'Red Arrow', '545-red-arrow', 'good', 'DC Comics');
INSERT INTO superhero_powerstats (superhero_id, intelligence, strength, speed, durability, power, combat, cost) VALUES (545, 63, 16, 25, 20, 23, 80, 37);
INSERT INTO superhero_appearance (superhero_id, gender, race, height_cm, weight_kg, eye_color, hair_color) VALUES (545, 'Male', 'Human', 180, 83, 'Green', 'Red');
INSERT INTO superhero_biography (superhero_id, full_name, aliases, place_of_birth, first_appearance) VALUES (545, 'Roy Harper', '["Arsenal","Speedy"]', NULL, '(as Speedy) More Fun Comics # 73(Nov. 1941); (as Arsenal) The New Titans # 99 (July 1993); (as Red Arrow) Justice League of America Vol. 2 # 7 (May 2007)');
INSERT INTO superhero_images (superhero_id, xs_url, sm_url, md_url, lg_url) VALUES (545, 'https://cdn.jsdelivr.net/gh/akabab/superhero-api@0.3.0/api/images/xs/545-red-arrow.jpg', 'https://cdn.jsdelivr.net/gh/akabab/superhero-api@0.3.0/api/images/sm/545-red-arrow.jpg', 'https://cdn.jsdelivr.net/gh/akabab/superhero-api@0.3.0/api/images/md/545-red-arrow.jpg', 'https://cdn.jsdelivr.net/gh/akabab/superhero-api@0.3.0/api/images/lg/545-red-arrow.jpg');
INSERT INTO superheroes (id, name, slug, alignment, publisher) VALUES (546, 'Red Hood', '546-red-hood', 'neutral', 'Robin II');
INSERT INTO superhero_powerstats (superhero_id, intelligence, strength, speed, durability, power, combat, cost) VALUES (546, 75, 12, 23, 28, 35, 95, 44);
INSERT INTO superhero_appearance (superhero_id, gender, race, height_cm, weight_kg, eye_color, hair_color) VALUES (546, 'Male', 'Human', 183, 81, 'Blue', 'Black');
INSERT INTO superhero_biography (superhero_id, full_name, aliases, place_of_birth, first_appearance) VALUES (546, 'Jason Todd', '["Robin","Red Robin","Batman","Nightwing","Arkham Knight"]', NULL, 'Batman #635');
INSERT INTO superhero_images (superhero_id, xs_url, sm_url, md_url, lg_url) VALUES (546, 'https://cdn.jsdelivr.net/gh/akabab/superhero-api@0.3.0/api/images/xs/546-red-hood.jpg', 'https://cdn.jsdelivr.net/gh/akabab/superhero-api@0.3.0/api/images/sm/546-red-hood.jpg', 'https://cdn.jsdelivr.net/gh/akabab/superhero-api@0.3.0/api/images/md/546-red-hood.jpg', 'https://cdn.jsdelivr.net/gh/akabab/superhero-api@0.3.0/api/images/lg/546-red-hood.jpg');
INSERT INTO superheroes (id, name, slug, alignment, publisher) VALUES (547, 'Red Hulk', '547-red-hulk', 'neutral', 'Marvel Comics');
INSERT INTO superhero_powerstats (superhero_id, intelligence, strength, speed, durability, power, combat, cost) VALUES (547, 50, 100, 47, 85, 82, 75, 73);
INSERT INTO superhero_appearance (superhero_id, gender, race, height_cm, weight_kg, eye_color, hair_color) VALUES (547, 'Male', 'Human / Radiation', 213, 630, 'Yellow', 'Black');
INSERT INTO superhero_biography (superhero_id, full_name, aliases, place_of_birth, first_appearance) VALUES (547, 'Thaddeus E. Ross', '["Rulk","Hulk","Thunderbolt","General Ross"]', NULL, 'Incredible Hulk #1 (May, 1962)(as General Ross), Hulk Vol 2 #1 (March, 2008) (as Red Hulk)');
INSERT INTO superhero_images (superhero_id, xs_url, sm_url, md_url, lg_url) VALUES (547, 'https://cdn.jsdelivr.net/gh/akabab/superhero-api@0.3.0/api/images/xs/547-red-hulk.jpg', 'https://cdn.jsdelivr.net/gh/akabab/superhero-api@0.3.0/api/images/sm/547-red-hulk.jpg', 'https://cdn.jsdelivr.net/gh/akabab/superhero-api@0.3.0/api/images/md/547-red-hulk.jpg', 'https://cdn.jsdelivr.net/gh/akabab/superhero-api@0.3.0/api/images/lg/547-red-hulk.jpg');
INSERT INTO superheroes (id, name, slug, alignment, publisher) VALUES (548, 'Red Mist', '548-red-mist', 'bad', 'Icon Comics');
INSERT INTO superhero_powerstats (superhero_id, intelligence, strength, speed, durability, power, combat, cost) VALUES (548, 25, 10, 23, 14, 20, 56, 24);
INSERT INTO superhero_appearance (superhero_id, gender, race, height_cm, weight_kg, eye_color, hair_color) VALUES (548, 'Male', NULL, 0, 0, NULL, NULL);
INSERT INTO superhero_biography (superhero_id, full_name, aliases, place_of_birth, first_appearance) VALUES (548, 'Chris Genovese', '["The Red Mist"]', NULL, 'Kick-Ass #5');
INSERT INTO superhero_images (superhero_id, xs_url, sm_url, md_url, lg_url) VALUES (548, 'https://cdn.jsdelivr.net/gh/akabab/superhero-api@0.3.0/api/images/xs/548-red-mist.jpg', 'https://cdn.jsdelivr.net/gh/akabab/superhero-api@0.3.0/api/images/sm/548-red-mist.jpg', 'https://cdn.jsdelivr.net/gh/akabab/superhero-api@0.3.0/api/images/md/548-red-mist.jpg', 'https://cdn.jsdelivr.net/gh/akabab/superhero-api@0.3.0/api/images/lg/548-red-mist.jpg');
INSERT INTO superheroes (id, name, slug, alignment, publisher) VALUES (549, 'Red Robin', '549-red-robin', 'good', 'Robin III');
INSERT INTO superhero_powerstats (superhero_id, intelligence, strength, speed, durability, power, combat, cost) VALUES (549, 81, 11, 27, 32, 29, 80, 43);
INSERT INTO superhero_appearance (superhero_id, gender, race, height_cm, weight_kg, eye_color, hair_color) VALUES (549, 'Male', 'Human', 165, 56, 'Blue', 'Black');
INSERT INTO superhero_biography (superhero_id, full_name, aliases, place_of_birth, first_appearance) VALUES (549, 'Tim Drake', '["Alvin Draper","Batman","Robin","Timothy Wayne","Time Drake"]', 'Gotham City', 'Batman #436 (August, 1989)');
INSERT INTO superhero_images (superhero_id, xs_url, sm_url, md_url, lg_url) VALUES (549, 'https://cdn.jsdelivr.net/gh/akabab/superhero-api@0.3.0/api/images/xs/549-red-robin.jpg', 'https://cdn.jsdelivr.net/gh/akabab/superhero-api@0.3.0/api/images/sm/549-red-robin.jpg', 'https://cdn.jsdelivr.net/gh/akabab/superhero-api@0.3.0/api/images/md/549-red-robin.jpg', 'https://cdn.jsdelivr.net/gh/akabab/superhero-api@0.3.0/api/images/lg/549-red-robin.jpg');
INSERT INTO superheroes (id, name, slug, alignment, publisher) VALUES (550, 'Red Skull', '550-red-skull', 'bad', 'Marvel Comics');
INSERT INTO superhero_powerstats (superhero_id, intelligence, strength, speed, durability, power, combat, cost) VALUES (550, 75, 10, 12, 14, 19, 80, 35);
INSERT INTO superhero_appearance (superhero_id, gender, race, height_cm, weight_kg, eye_color, hair_color) VALUES (550, 'Male', NULL, 188, 108, 'Blue', 'No Hair');
INSERT INTO superhero_biography (superhero_id, full_name, aliases, place_of_birth, first_appearance) VALUES (550, 'Johann Shmidt', '["Dell Rusk","Bettman P. Lyles","the Agent of a Thousand Faces","The Man","Cyrus Fenton","Teacher","Tod March","John Smith","Aleksander Lukin."]', 'An unidentified village in Germany', 'Captain America Comics #1 (1941), (modern) Tales of Suspense #66 (1965)');
INSERT INTO superhero_images (superhero_id, xs_url, sm_url, md_url, lg_url) VALUES (550, 'https://cdn.jsdelivr.net/gh/akabab/superhero-api@0.3.0/api/images/xs/550-red-skull.jpg', 'https://cdn.jsdelivr.net/gh/akabab/superhero-api@0.3.0/api/images/sm/550-red-skull.jpg', 'https://cdn.jsdelivr.net/gh/akabab/superhero-api@0.3.0/api/images/md/550-red-skull.jpg', 'https://cdn.jsdelivr.net/gh/akabab/superhero-api@0.3.0/api/images/lg/550-red-skull.jpg');
INSERT INTO superheroes (id, name, slug, alignment, publisher) VALUES (551, 'Red Tornado', '551-red-tornado', 'good', 'DC Comics');
INSERT INTO superhero_powerstats (superhero_id, intelligence, strength, speed, durability, power, combat, cost) VALUES (551, 75, 38, 67, 60, 100, 40, 63);
INSERT INTO superhero_appearance (superhero_id, gender, race, height_cm, weight_kg, eye_color, hair_color) VALUES (551, 'Male', 'Android', 185, 146, 'Green', 'No Hair');
INSERT INTO superhero_biography (superhero_id, full_name, aliases, place_of_birth, first_appearance) VALUES (551, 'John Smith', '["Ulthoon","Tornado Tyrant of Rann","Tornado Champion","Tornado Man Dreaming","\"Reddy\""]', NULL, 'As Red Tornado: Justice League of America #64, As Ulthoon: Mystery in Space #61');
INSERT INTO superhero_images (superhero_id, xs_url, sm_url, md_url, lg_url) VALUES (551, 'https://cdn.jsdelivr.net/gh/akabab/superhero-api@0.3.0/api/images/xs/551-red-tornado.jpg', 'https://cdn.jsdelivr.net/gh/akabab/superhero-api@0.3.0/api/images/sm/551-red-tornado.jpg', 'https://cdn.jsdelivr.net/gh/akabab/superhero-api@0.3.0/api/images/md/551-red-tornado.jpg', 'https://cdn.jsdelivr.net/gh/akabab/superhero-api@0.3.0/api/images/lg/551-red-tornado.jpg');
INSERT INTO superheroes (id, name, slug, alignment, publisher) VALUES (555, 'Rey', '555-rey', 'good', 'George Lucas');
INSERT INTO superhero_powerstats (superhero_id, intelligence, strength, speed, durability, power, combat, cost) VALUES (555, 63, 8, 21, 10, 87, 35, 37);
INSERT INTO superhero_appearance (superhero_id, gender, race, height_cm, weight_kg, eye_color, hair_color) VALUES (555, 'Female', 'Human', 297, 0, 'Hazel', 'Brown');
INSERT INTO superhero_biography (superhero_id, full_name, aliases, place_of_birth, first_appearance) VALUES (555, '', '["-"]', 'Jakku', 'Star Wars: Episode VII - The Force Awakens (2015)');
INSERT INTO superhero_images (superhero_id, xs_url, sm_url, md_url, lg_url) VALUES (555, 'https://cdn.jsdelivr.net/gh/akabab/superhero-api@0.3.0/api/images/xs/555-rey.jpg', 'https://cdn.jsdelivr.net/gh/akabab/superhero-api@0.3.0/api/images/sm/555-rey.jpg', 'https://cdn.jsdelivr.net/gh/akabab/superhero-api@0.3.0/api/images/md/555-rey.jpg', 'https://cdn.jsdelivr.net/gh/akabab/superhero-api@0.3.0/api/images/lg/555-rey.jpg');
INSERT INTO superheroes (id, name, slug, alignment, publisher) VALUES (556, 'Rhino', '556-rhino', 'bad', 'Marvel Comics');
INSERT INTO superhero_powerstats (superhero_id, intelligence, strength, speed, durability, power, combat, cost) VALUES (556, 25, 80, 43, 90, 36, 85, 59);
INSERT INTO superhero_appearance (superhero_id, gender, race, height_cm, weight_kg, eye_color, hair_color) VALUES (556, 'Male', 'Human / Radiation', 196, 320, 'Brown', 'Brown');
INSERT INTO superhero_biography (superhero_id, full_name, aliases, place_of_birth, first_appearance) VALUES (556, 'Aleksei Mikhailovich Sytsevich', '["Alex O''Hirn","Mecha-Rhino"]', NULL, 'Amazing Spider-Man #41');
INSERT INTO superhero_images (superhero_id, xs_url, sm_url, md_url, lg_url) VALUES (556, 'https://cdn.jsdelivr.net/gh/akabab/superhero-api@0.3.0/api/images/xs/556-rhino.jpg', 'https://cdn.jsdelivr.net/gh/akabab/superhero-api@0.3.0/api/images/sm/556-rhino.jpg', 'https://cdn.jsdelivr.net/gh/akabab/superhero-api@0.3.0/api/images/md/556-rhino.jpg', 'https://cdn.jsdelivr.net/gh/akabab/superhero-api@0.3.0/api/images/lg/556-rhino.jpg');
INSERT INTO superheroes (id, name, slug, alignment, publisher) VALUES (557, 'Rick Flag', '557-rick-flag', 'bad', 'DC Comics');
INSERT INTO superhero_powerstats (superhero_id, intelligence, strength, speed, durability, power, combat, cost) VALUES (557, 88, 11, 23, 28, 19, 95, 44);
INSERT INTO superhero_appearance (superhero_id, gender, race, height_cm, weight_kg, eye_color, hair_color) VALUES (557, 'Male', NULL, 185, 85, 'Blue', 'Brown');
INSERT INTO superhero_biography (superhero_id, full_name, aliases, place_of_birth, first_appearance) VALUES (557, 'Richard Rogers Flag', '["-"]', NULL, 'Brave and the Bold #25 (September 1959)');
INSERT INTO superhero_images (superhero_id, xs_url, sm_url, md_url, lg_url) VALUES (557, 'https://cdn.jsdelivr.net/gh/akabab/superhero-api@0.3.0/api/images/xs/557-rick-flag.jpg', 'https://cdn.jsdelivr.net/gh/akabab/superhero-api@0.3.0/api/images/sm/557-rick-flag.jpg', 'https://cdn.jsdelivr.net/gh/akabab/superhero-api@0.3.0/api/images/md/557-rick-flag.jpg', 'https://cdn.jsdelivr.net/gh/akabab/superhero-api@0.3.0/api/images/lg/557-rick-flag.jpg');
INSERT INTO superheroes (id, name, slug, alignment, publisher) VALUES (558, 'Riddler', '558-riddler', 'bad', 'DC Comics');
INSERT INTO superhero_powerstats (superhero_id, intelligence, strength, speed, durability, power, combat, cost) VALUES (558, 100, 10, 12, 14, 10, 14, 26);
INSERT INTO superhero_appearance (superhero_id, gender, race, height_cm, weight_kg, eye_color, hair_color) VALUES (558, 'Male', NULL, 0, 0, NULL, NULL);
INSERT INTO superhero_biography (superhero_id, full_name, aliases, place_of_birth, first_appearance) VALUES (558, 'Edward Nigma', '["E. Nigma","Edward E. Nigma"]', NULL, 'Detective Comics #140 (1948)');
INSERT INTO superhero_images (superhero_id, xs_url, sm_url, md_url, lg_url) VALUES (558, 'https://cdn.jsdelivr.net/gh/akabab/superhero-api@0.3.0/api/images/xs/558-riddler.jpg', 'https://cdn.jsdelivr.net/gh/akabab/superhero-api@0.3.0/api/images/sm/558-riddler.jpg', 'https://cdn.jsdelivr.net/gh/akabab/superhero-api@0.3.0/api/images/md/558-riddler.jpg', 'https://cdn.jsdelivr.net/gh/akabab/superhero-api@0.3.0/api/images/lg/558-riddler.jpg');
INSERT INTO superheroes (id, name, slug, alignment, publisher) VALUES (559, 'Rip Hunter', '559-rip-hunter', 'good', 'DC Comics');
INSERT INTO superhero_powerstats (superhero_id, intelligence, strength, speed, durability, power, combat, cost) VALUES (559, 100, 8, 8, 10, 100, 25, 41);
INSERT INTO superhero_appearance (superhero_id, gender, race, height_cm, weight_kg, eye_color, hair_color) VALUES (559, 'Male', 'Human', 0, 0, 'Blue', 'Blond');
INSERT INTO superhero_biography (superhero_id, full_name, aliases, place_of_birth, first_appearance) VALUES (559, 'Richard Hunter', '["Time Lord","Time Master","Boppy","Dr. Hunter","Mr","Hunter","Carter"]', NULL, 'Showcase #20');
INSERT INTO superhero_images (superhero_id, xs_url, sm_url, md_url, lg_url) VALUES (559, 'https://cdn.jsdelivr.net/gh/akabab/superhero-api@0.3.0/api/images/xs/559-rip-hunter.jpg', 'https://cdn.jsdelivr.net/gh/akabab/superhero-api@0.3.0/api/images/sm/559-rip-hunter.jpg', 'https://cdn.jsdelivr.net/gh/akabab/superhero-api@0.3.0/api/images/md/559-rip-hunter.jpg', 'https://cdn.jsdelivr.net/gh/akabab/superhero-api@0.3.0/api/images/lg/559-rip-hunter.jpg');
INSERT INTO superheroes (id, name, slug, alignment, publisher) VALUES (561, 'Robin', '561-robin', 'good', 'Batman II');
INSERT INTO superhero_powerstats (superhero_id, intelligence, strength, speed, durability, power, combat, cost) VALUES (561, 88, 11, 27, 28, 32, 85, 45);
INSERT INTO superhero_appearance (superhero_id, gender, race, height_cm, weight_kg, eye_color, hair_color) VALUES (561, 'Male', 'Human', 178, 79, 'Blue', 'Black');
INSERT INTO superhero_biography (superhero_id, full_name, aliases, place_of_birth, first_appearance) VALUES (561, 'Dick Grayson', '["Renegade","The Target","Freddie Dinardo"]', NULL, 'Detective Comics #38 (April, 1940)');
INSERT INTO superhero_images (superhero_id, xs_url, sm_url, md_url, lg_url) VALUES (561, 'https://cdn.jsdelivr.net/gh/akabab/superhero-api@0.3.0/api/images/xs/561-robin.jpg', 'https://cdn.jsdelivr.net/gh/akabab/superhero-api@0.3.0/api/images/sm/561-robin.jpg', 'https://cdn.jsdelivr.net/gh/akabab/superhero-api@0.3.0/api/images/md/561-robin.jpg', 'https://cdn.jsdelivr.net/gh/akabab/superhero-api@0.3.0/api/images/lg/561-robin.jpg');
INSERT INTO superheroes (id, name, slug, alignment, publisher) VALUES (562, 'Robin II', '562-robin-ii', 'good', 'Red Hood');
INSERT INTO superhero_powerstats (superhero_id, intelligence, strength, speed, durability, power, combat, cost) VALUES (562, 75, 11, 27, 28, 28, 85, 42);
INSERT INTO superhero_appearance (superhero_id, gender, race, height_cm, weight_kg, eye_color, hair_color) VALUES (562, 'Male', 'Human', 183, 101, 'Blue', 'Red');
INSERT INTO superhero_biography (superhero_id, full_name, aliases, place_of_birth, first_appearance) VALUES (562, 'Jason Todd', '["Red Hood","Red Robin","Batman","Nightwing","Wingman","Jaybird","Arkham Knight"]', NULL, 'Detective Comics #524');
INSERT INTO superhero_images (superhero_id, xs_url, sm_url, md_url, lg_url) VALUES (562, 'https://cdn.jsdelivr.net/gh/akabab/superhero-api@0.3.0/api/images/xs/562-robin-ii.jpg', 'https://cdn.jsdelivr.net/gh/akabab/superhero-api@0.3.0/api/images/sm/562-robin-ii.jpg', 'https://cdn.jsdelivr.net/gh/akabab/superhero-api@0.3.0/api/images/md/562-robin-ii.jpg', 'https://cdn.jsdelivr.net/gh/akabab/superhero-api@0.3.0/api/images/lg/562-robin-ii.jpg');
INSERT INTO superheroes (id, name, slug, alignment, publisher) VALUES (563, 'Robin III', '563-robin-iii', 'good', 'Red Robin');
INSERT INTO superhero_powerstats (superhero_id, intelligence, strength, speed, durability, power, combat, cost) VALUES (563, 81, 11, 27, 28, 29, 85, 43);
INSERT INTO superhero_appearance (superhero_id, gender, race, height_cm, weight_kg, eye_color, hair_color) VALUES (563, 'Male', 'Human', 165, 56, 'Blue', 'Black');
INSERT INTO superhero_biography (superhero_id, full_name, aliases, place_of_birth, first_appearance) VALUES (563, 'Tim Drake', '["Alvin Draper","Batman","Robin","Timothy Wayne"]', NULL, 'Batman #436 (August, 1989)');
INSERT INTO superhero_images (superhero_id, xs_url, sm_url, md_url, lg_url) VALUES (563, 'https://cdn.jsdelivr.net/gh/akabab/superhero-api@0.3.0/api/images/xs/563-robin-iii.jpg', 'https://cdn.jsdelivr.net/gh/akabab/superhero-api@0.3.0/api/images/sm/563-robin-iii.jpg', 'https://cdn.jsdelivr.net/gh/akabab/superhero-api@0.3.0/api/images/md/563-robin-iii.jpg', 'https://cdn.jsdelivr.net/gh/akabab/superhero-api@0.3.0/api/images/lg/563-robin-iii.jpg');
INSERT INTO superheroes (id, name, slug, alignment, publisher) VALUES (564, 'Robin V', '564-robin-v', 'good', 'DC Comics');
INSERT INTO superhero_powerstats (superhero_id, intelligence, strength, speed, durability, power, combat, cost) VALUES (564, 69, 8, 33, 16, 29, 65, 36);
INSERT INTO superhero_appearance (superhero_id, gender, race, height_cm, weight_kg, eye_color, hair_color) VALUES (564, 'Male', 'Human', 137, 38, 'Blue', 'Black');
INSERT INTO superhero_biography (superhero_id, full_name, aliases, place_of_birth, first_appearance) VALUES (564, 'Damian Wayne', '["Batman","Damian al Ghul","Ibn al Xu''ffasch","Redbird"]', NULL, 'Batman: Son of the Demon');
INSERT INTO superhero_images (superhero_id, xs_url, sm_url, md_url, lg_url) VALUES (564, 'https://cdn.jsdelivr.net/gh/akabab/superhero-api@0.3.0/api/images/xs/564-robin-v.jpg', 'https://cdn.jsdelivr.net/gh/akabab/superhero-api@0.3.0/api/images/sm/564-robin-v.jpg', 'https://cdn.jsdelivr.net/gh/akabab/superhero-api@0.3.0/api/images/md/564-robin-v.jpg', 'https://cdn.jsdelivr.net/gh/akabab/superhero-api@0.3.0/api/images/lg/564-robin-v.jpg');
INSERT INTO superheroes (id, name, slug, alignment, publisher) VALUES (565, 'Robin VI', '565-robin-vi', 'neutral', 'DC Comics');
INSERT INTO superhero_powerstats (superhero_id, intelligence, strength, speed, durability, power, combat, cost) VALUES (565, 50, 8, 25, 20, 17, 70, 31);
INSERT INTO superhero_appearance (superhero_id, gender, race, height_cm, weight_kg, eye_color, hair_color) VALUES (565, 'Female', 'Human', 0, 0, 'Green', 'Red');
INSERT INTO superhero_biography (superhero_id, full_name, aliases, place_of_birth, first_appearance) VALUES (565, 'Carrie Kelley', '["-"]', 'Gotham City', NULL);
INSERT INTO superhero_images (superhero_id, xs_url, sm_url, md_url, lg_url) VALUES (565, 'https://cdn.jsdelivr.net/gh/akabab/superhero-api@0.3.0/api/images/xs/565-robin-vi.jpg', 'https://cdn.jsdelivr.net/gh/akabab/superhero-api@0.3.0/api/images/sm/565-robin-vi.jpg', 'https://cdn.jsdelivr.net/gh/akabab/superhero-api@0.3.0/api/images/md/565-robin-vi.jpg', 'https://cdn.jsdelivr.net/gh/akabab/superhero-api@0.3.0/api/images/lg/565-robin-vi.jpg');
INSERT INTO superheroes (id, name, slug, alignment, publisher) VALUES (566, 'Rocket Raccoon', '566-rocket-raccoon', 'good', 'Marvel Comics');
INSERT INTO superhero_powerstats (superhero_id, intelligence, strength, speed, durability, power, combat, cost) VALUES (566, 50, 5, 23, 28, 28, 64, 33);
INSERT INTO superhero_appearance (superhero_id, gender, race, height_cm, weight_kg, eye_color, hair_color) VALUES (566, 'Male', 'Animal', 122, 25, 'Brown', 'Brown');
INSERT INTO superhero_biography (superhero_id, full_name, aliases, place_of_birth, first_appearance) VALUES (566, 'Rocket Raccoon', '["Sharpshooting Space Racoon","Rocky Raccoon","Ranger Rocket"]', NULL, 'Marvel Preview #7 (June, 1976)');
INSERT INTO superhero_images (superhero_id, xs_url, sm_url, md_url, lg_url) VALUES (566, 'https://cdn.jsdelivr.net/gh/akabab/superhero-api@0.3.0/api/images/xs/566-rocket-raccoon.jpg', 'https://cdn.jsdelivr.net/gh/akabab/superhero-api@0.3.0/api/images/sm/566-rocket-raccoon.jpg', 'https://cdn.jsdelivr.net/gh/akabab/superhero-api@0.3.0/api/images/md/566-rocket-raccoon.jpg', 'https://cdn.jsdelivr.net/gh/akabab/superhero-api@0.3.0/api/images/lg/566-rocket-raccoon.jpg');
INSERT INTO superheroes (id, name, slug, alignment, publisher) VALUES (567, 'Rogue', '567-rogue', 'good', 'Marvel Comics');
INSERT INTO superhero_powerstats (superhero_id, intelligence, strength, speed, durability, power, combat, cost) VALUES (567, 75, 10, 12, 28, 80, 80, 47);
INSERT INTO superhero_appearance (superhero_id, gender, race, height_cm, weight_kg, eye_color, hair_color) VALUES (567, 'Female', NULL, 173, 54, 'Green', 'Brown / White');
INSERT INTO superhero_biography (superhero_id, full_name, aliases, place_of_birth, first_appearance) VALUES (567, 'Anna Marie', '["Anna Raven","Doctor Kellogg","Mutate 9602","Irene Adler","Miss Smith"]', 'Caldecott County, Mississippi', 'Avengers Annual #10 (1981)');
INSERT INTO superhero_images (superhero_id, xs_url, sm_url, md_url, lg_url) VALUES (567, 'https://cdn.jsdelivr.net/gh/akabab/superhero-api@0.3.0/api/images/xs/567-rogue.jpg', 'https://cdn.jsdelivr.net/gh/akabab/superhero-api@0.3.0/api/images/sm/567-rogue.jpg', 'https://cdn.jsdelivr.net/gh/akabab/superhero-api@0.3.0/api/images/md/567-rogue.jpg', 'https://cdn.jsdelivr.net/gh/akabab/superhero-api@0.3.0/api/images/lg/567-rogue.jpg');
INSERT INTO superheroes (id, name, slug, alignment, publisher) VALUES (568, 'Ronin', '568-ronin', 'good', 'Goliath');
INSERT INTO superhero_powerstats (superhero_id, intelligence, strength, speed, durability, power, combat, cost) VALUES (568, 56, 12, 21, 10, 13, 80, 32);
INSERT INTO superhero_appearance (superhero_id, gender, race, height_cm, weight_kg, eye_color, hair_color) VALUES (568, 'Male', 'Human', 191, 104, 'Blue', 'Blond');
INSERT INTO superhero_biography (superhero_id, full_name, aliases, place_of_birth, first_appearance) VALUES (568, 'Clint Barton', '["Formerly Hawkeye","the Marksman","''Br''er Hawkeye''","Superhuman Cellblock Prisoner 334556","Longbow","Goliath","Father Time","Louis","Robin Hood","the Hawkeye Kid","Golden Archer","''Purple Man''; impersonated Constrictor & Dreadknight"]', 'Waverly, Iowa', NULL);
INSERT INTO superhero_images (superhero_id, xs_url, sm_url, md_url, lg_url) VALUES (568, 'https://cdn.jsdelivr.net/gh/akabab/superhero-api@0.3.0/api/images/xs/no-portrait.jpg', 'https://cdn.jsdelivr.net/gh/akabab/superhero-api@0.3.0/api/images/sm/no-portrait.jpg', 'https://cdn.jsdelivr.net/gh/akabab/superhero-api@0.3.0/api/images/md/no-portrait.jpg', 'https://cdn.jsdelivr.net/gh/akabab/superhero-api@0.3.0/api/images/lg/no-portrait.jpg');
INSERT INTO superheroes (id, name, slug, alignment, publisher) VALUES (569, 'Rorschach', '569-rorschach', 'good', 'DC Comics');
INSERT INTO superhero_powerstats (superhero_id, intelligence, strength, speed, durability, power, combat, cost) VALUES (569, 75, 10, 29, 20, 23, 80, 39);
INSERT INTO superhero_appearance (superhero_id, gender, race, height_cm, weight_kg, eye_color, hair_color) VALUES (569, 'Male', 'Human', 168, 63, 'Blue', 'Red');
INSERT INTO superhero_biography (superhero_id, full_name, aliases, place_of_birth, first_appearance) VALUES (569, 'Walter Joseph Kovacs', '["-"]', NULL, 'Watchmen #1 (September, 1986)');
INSERT INTO superhero_images (superhero_id, xs_url, sm_url, md_url, lg_url) VALUES (569, 'https://cdn.jsdelivr.net/gh/akabab/superhero-api@0.3.0/api/images/xs/569-rorschach.jpg', 'https://cdn.jsdelivr.net/gh/akabab/superhero-api@0.3.0/api/images/sm/569-rorschach.jpg', 'https://cdn.jsdelivr.net/gh/akabab/superhero-api@0.3.0/api/images/md/569-rorschach.jpg', 'https://cdn.jsdelivr.net/gh/akabab/superhero-api@0.3.0/api/images/lg/569-rorschach.jpg');
INSERT INTO superheroes (id, name, slug, alignment, publisher) VALUES (570, 'Sabretooth', '570-sabretooth', 'bad', 'Marvel Comics');
INSERT INTO superhero_powerstats (superhero_id, intelligence, strength, speed, durability, power, combat, cost) VALUES (570, 56, 48, 38, 90, 50, 100, 63);
INSERT INTO superhero_appearance (superhero_id, gender, race, height_cm, weight_kg, eye_color, hair_color) VALUES (570, 'Male', 'Mutant', 198, 171, 'Amber', 'Blond');
INSERT INTO superhero_biography (superhero_id, full_name, aliases, place_of_birth, first_appearance) VALUES (570, 'Victor Creed', '["Slasher","El Tigre"]', NULL, 'Iron Fist #14 (August, 1977)');
INSERT INTO superhero_images (superhero_id, xs_url, sm_url, md_url, lg_url) VALUES (570, 'https://cdn.jsdelivr.net/gh/akabab/superhero-api@0.3.0/api/images/xs/570-sabretooth.jpg', 'https://cdn.jsdelivr.net/gh/akabab/superhero-api@0.3.0/api/images/sm/570-sabretooth.jpg', 'https://cdn.jsdelivr.net/gh/akabab/superhero-api@0.3.0/api/images/md/570-sabretooth.jpg', 'https://cdn.jsdelivr.net/gh/akabab/superhero-api@0.3.0/api/images/lg/570-sabretooth.jpg');
INSERT INTO superheroes (id, name, slug, alignment, publisher) VALUES (571, 'Sage', '571-sage', 'good', 'Marvel Comics');
INSERT INTO superhero_powerstats (superhero_id, intelligence, strength, speed, durability, power, combat, cost) VALUES (571, 75, 10, 12, 14, 28, 56, 32);
INSERT INTO superhero_appearance (superhero_id, gender, race, height_cm, weight_kg, eye_color, hair_color) VALUES (571, 'Female', NULL, 170, 61, 'Blue', 'Black');
INSERT INTO superhero_biography (superhero_id, full_name, aliases, place_of_birth, first_appearance) VALUES (571, 'Tessa', '["-"]', 'Place of birth unknown', 'X-MEN Vol. 1 #132');
INSERT INTO superhero_images (superhero_id, xs_url, sm_url, md_url, lg_url) VALUES (571, 'https://cdn.jsdelivr.net/gh/akabab/superhero-api@0.3.0/api/images/xs/571-sage.jpg', 'https://cdn.jsdelivr.net/gh/akabab/superhero-api@0.3.0/api/images/sm/571-sage.jpg', 'https://cdn.jsdelivr.net/gh/akabab/superhero-api@0.3.0/api/images/md/571-sage.jpg', 'https://cdn.jsdelivr.net/gh/akabab/superhero-api@0.3.0/api/images/lg/571-sage.jpg');
INSERT INTO superheroes (id, name, slug, alignment, publisher) VALUES (572, 'Sandman', '572-sandman', 'neutral', 'Marvel Comics');
INSERT INTO superhero_powerstats (superhero_id, intelligence, strength, speed, durability, power, combat, cost) VALUES (572, 44, 75, 46, 90, 100, 60, 69);
INSERT INTO superhero_appearance (superhero_id, gender, race, height_cm, weight_kg, eye_color, hair_color) VALUES (572, 'Male', 'Human', 185, 203, 'Brown', 'Brown');
INSERT INTO superhero_biography (superhero_id, full_name, aliases, place_of_birth, first_appearance) VALUES (572, 'William Baker', '["Flint Marko","Sylvester Mann","Quarryman"]', 'Queens, New York', 'Amazing Spider-Man #4 (September, 1963)');
INSERT INTO superhero_images (superhero_id, xs_url, sm_url, md_url, lg_url) VALUES (572, 'https://cdn.jsdelivr.net/gh/akabab/superhero-api@0.3.0/api/images/xs/572-sandman.jpg', 'https://cdn.jsdelivr.net/gh/akabab/superhero-api@0.3.0/api/images/sm/572-sandman.jpg', 'https://cdn.jsdelivr.net/gh/akabab/superhero-api@0.3.0/api/images/md/572-sandman.jpg', 'https://cdn.jsdelivr.net/gh/akabab/superhero-api@0.3.0/api/images/lg/572-sandman.jpg');
INSERT INTO superheroes (id, name, slug, alignment, publisher) VALUES (573, 'Sasquatch', '573-sasquatch', 'good', 'Marvel Comics');
INSERT INTO superhero_powerstats (superhero_id, intelligence, strength, speed, durability, power, combat, cost) VALUES (573, 75, 80, 23, 56, 15, 42, 48);
INSERT INTO superhero_appearance (superhero_id, gender, race, height_cm, weight_kg, eye_color, hair_color) VALUES (573, 'Male', NULL, 305, 900, 'Red', 'Orange');
INSERT INTO superhero_biography (superhero_id, full_name, aliases, place_of_birth, first_appearance) VALUES (573, 'Walter Langkowski', '["Box","Wanda Langkowski"]', 'Edmonton, Alberta, Canada', NULL);
INSERT INTO superhero_images (superhero_id, xs_url, sm_url, md_url, lg_url) VALUES (573, 'https://cdn.jsdelivr.net/gh/akabab/superhero-api@0.3.0/api/images/xs/573-sasquatch.jpg', 'https://cdn.jsdelivr.net/gh/akabab/superhero-api@0.3.0/api/images/sm/573-sasquatch.jpg', 'https://cdn.jsdelivr.net/gh/akabab/superhero-api@0.3.0/api/images/md/573-sasquatch.jpg', 'https://cdn.jsdelivr.net/gh/akabab/superhero-api@0.3.0/api/images/lg/573-sasquatch.jpg');
INSERT INTO superheroes (id, name, slug, alignment, publisher) VALUES (574, 'Sauron', '574-sauron', 'bad', 'J. R. R. Tolkien');
INSERT INTO superhero_powerstats (superhero_id, intelligence, strength, speed, durability, power, combat, cost) VALUES (574, 88, 85, 33, 100, 100, 70, 79);
INSERT INTO superhero_appearance (superhero_id, gender, race, height_cm, weight_kg, eye_color, hair_color) VALUES (574, 'Male', 'Maiar', 279, 0, NULL, NULL);
INSERT INTO superhero_biography (superhero_id, full_name, aliases, place_of_birth, first_appearance) VALUES (574, 'Sauron', '["Annatar","Gorthaur the Cruel","Sauron the Dark","The Necromancer","Dark Lord of Mordor","Lord of the Rings","The Great Eye"]', NULL, NULL);
INSERT INTO superhero_images (superhero_id, xs_url, sm_url, md_url, lg_url) VALUES (574, 'https://cdn.jsdelivr.net/gh/akabab/superhero-api@0.3.0/api/images/xs/574-sauron.jpg', 'https://cdn.jsdelivr.net/gh/akabab/superhero-api@0.3.0/api/images/sm/574-sauron.jpg', 'https://cdn.jsdelivr.net/gh/akabab/superhero-api@0.3.0/api/images/md/574-sauron.jpg', 'https://cdn.jsdelivr.net/gh/akabab/superhero-api@0.3.0/api/images/lg/574-sauron.jpg');
INSERT INTO superheroes (id, name, slug, alignment, publisher) VALUES (575, 'Savage Dragon', '575-savage-dragon', 'good', 'Image Comics');
INSERT INTO superhero_powerstats (superhero_id, intelligence, strength, speed, durability, power, combat, cost) VALUES (575, 63, 70, 54, 85, 66, 72, 68);
INSERT INTO superhero_appearance (superhero_id, gender, race, height_cm, weight_kg, eye_color, hair_color) VALUES (575, 'Male', NULL, 0, 0, NULL, NULL);
INSERT INTO superhero_biography (superhero_id, full_name, aliases, place_of_birth, first_appearance) VALUES (575, 'Kurr', '["-"]', NULL, NULL);
INSERT INTO superhero_images (superhero_id, xs_url, sm_url, md_url, lg_url) VALUES (575, 'https://cdn.jsdelivr.net/gh/akabab/superhero-api@0.3.0/api/images/xs/575-savage-dragon.jpg', 'https://cdn.jsdelivr.net/gh/akabab/superhero-api@0.3.0/api/images/sm/575-savage-dragon.jpg', 'https://cdn.jsdelivr.net/gh/akabab/superhero-api@0.3.0/api/images/md/575-savage-dragon.jpg', 'https://cdn.jsdelivr.net/gh/akabab/superhero-api@0.3.0/api/images/lg/575-savage-dragon.jpg');
INSERT INTO superheroes (id, name, slug, alignment, publisher) VALUES (576, 'Scarecrow', '576-scarecrow', 'bad', 'DC Comics');
INSERT INTO superhero_powerstats (superhero_id, intelligence, strength, speed, durability, power, combat, cost) VALUES (576, 81, 10, 12, 14, 48, 50, 35);
INSERT INTO superhero_appearance (superhero_id, gender, race, height_cm, weight_kg, eye_color, hair_color) VALUES (576, 'Male', 'Human', 183, 63, 'Blue', 'Brown');
INSERT INTO superhero_biography (superhero_id, full_name, aliases, place_of_birth, first_appearance) VALUES (576, 'Jonathan Crane', '["-"]', NULL, 'WORLD''S FINEST COMICS #3 (Fall, 1941)');
INSERT INTO superhero_images (superhero_id, xs_url, sm_url, md_url, lg_url) VALUES (576, 'https://cdn.jsdelivr.net/gh/akabab/superhero-api@0.3.0/api/images/xs/576-scarecrow.jpg', 'https://cdn.jsdelivr.net/gh/akabab/superhero-api@0.3.0/api/images/sm/576-scarecrow.jpg', 'https://cdn.jsdelivr.net/gh/akabab/superhero-api@0.3.0/api/images/md/576-scarecrow.jpg', 'https://cdn.jsdelivr.net/gh/akabab/superhero-api@0.3.0/api/images/lg/576-scarecrow.jpg');
INSERT INTO superheroes (id, name, slug, alignment, publisher) VALUES (577, 'Scarlet Spider', '577-scarlet-spider', 'good', 'Spider-Carnage');
INSERT INTO superhero_powerstats (superhero_id, intelligence, strength, speed, durability, power, combat, cost) VALUES (577, 75, 53, 60, 74, 46, 56, 60);
INSERT INTO superhero_appearance (superhero_id, gender, race, height_cm, weight_kg, eye_color, hair_color) VALUES (577, 'Male', 'Human', 178, 74, 'Blue', 'Blond');
INSERT INTO superhero_biography (superhero_id, full_name, aliases, place_of_birth, first_appearance) VALUES (577, 'Benjamin Reilly', '["Spider-Clone","Spider-Man"]', 'Place of birth unknown', 'Amazing Spider-Man # 149 (as Spider-Clone); Web of Spider-Man # 117 (as Ben Reilly)');
INSERT INTO superhero_images (superhero_id, xs_url, sm_url, md_url, lg_url) VALUES (577, 'https://cdn.jsdelivr.net/gh/akabab/superhero-api@0.3.0/api/images/xs/577-scarlet-spider.jpg', 'https://cdn.jsdelivr.net/gh/akabab/superhero-api@0.3.0/api/images/sm/577-scarlet-spider.jpg', 'https://cdn.jsdelivr.net/gh/akabab/superhero-api@0.3.0/api/images/md/577-scarlet-spider.jpg', 'https://cdn.jsdelivr.net/gh/akabab/superhero-api@0.3.0/api/images/lg/577-scarlet-spider.jpg');
INSERT INTO superheroes (id, name, slug, alignment, publisher) VALUES (578, 'Scarlet Spider II', '578-scarlet-spider-ii', 'good', 'Marvel Comics');
INSERT INTO superhero_powerstats (superhero_id, intelligence, strength, speed, durability, power, combat, cost) VALUES (578, 88, 55, 60, 40, 37, 56, 56);
INSERT INTO superhero_appearance (superhero_id, gender, race, height_cm, weight_kg, eye_color, hair_color) VALUES (578, 'Male', 'Clone', 193, 113, 'Brown', 'Brown');
INSERT INTO superhero_biography (superhero_id, full_name, aliases, place_of_birth, first_appearance) VALUES (578, 'Kaine Parker', '["Tarantula","Kaine","Ara?a Escarlata"]', NULL, 'Web of Spider-Man #119 (December, 1994)');
INSERT INTO superhero_images (superhero_id, xs_url, sm_url, md_url, lg_url) VALUES (578, 'https://cdn.jsdelivr.net/gh/akabab/superhero-api@0.3.0/api/images/xs/578-scarlet-spider-ii.jpg', 'https://cdn.jsdelivr.net/gh/akabab/superhero-api@0.3.0/api/images/sm/578-scarlet-spider-ii.jpg', 'https://cdn.jsdelivr.net/gh/akabab/superhero-api@0.3.0/api/images/md/578-scarlet-spider-ii.jpg', 'https://cdn.jsdelivr.net/gh/akabab/superhero-api@0.3.0/api/images/lg/578-scarlet-spider-ii.jpg');
INSERT INTO superheroes (id, name, slug, alignment, publisher) VALUES (579, 'Scarlet Witch', '579-scarlet-witch', 'bad', 'Marvel Comics');
INSERT INTO superhero_powerstats (superhero_id, intelligence, strength, speed, durability, power, combat, cost) VALUES (579, 100, 10, 29, 70, 100, 80, 64);
INSERT INTO superhero_appearance (superhero_id, gender, race, height_cm, weight_kg, eye_color, hair_color) VALUES (579, 'Female', 'Mutant', 170, 59, 'Blue', 'Brown');
INSERT INTO superhero_biography (superhero_id, full_name, aliases, place_of_birth, first_appearance) VALUES (579, 'Wanda Maximoff', '["Wanda Frank","Wanda Magnus","Ana Maximoff","Gypsy Witch","The Witch"]', 'Wundagore Mountain, Transia', 'Uncanny X-Men #4 (March, 1964)');
INSERT INTO superhero_images (superhero_id, xs_url, sm_url, md_url, lg_url) VALUES (579, 'https://cdn.jsdelivr.net/gh/akabab/superhero-api@0.3.0/api/images/xs/579-scarlet-witch.jpg', 'https://cdn.jsdelivr.net/gh/akabab/superhero-api@0.3.0/api/images/sm/579-scarlet-witch.jpg', 'https://cdn.jsdelivr.net/gh/akabab/superhero-api@0.3.0/api/images/md/579-scarlet-witch.jpg', 'https://cdn.jsdelivr.net/gh/akabab/superhero-api@0.3.0/api/images/lg/579-scarlet-witch.jpg');
INSERT INTO superheroes (id, name, slug, alignment, publisher) VALUES (580, 'Scorpia', '580-scorpia', 'bad', 'Marvel Comics');
INSERT INTO superhero_powerstats (superhero_id, intelligence, strength, speed, durability, power, combat, cost) VALUES (580, 38, 28, 42, 28, 34, 28, 33);
INSERT INTO superhero_appearance (superhero_id, gender, race, height_cm, weight_kg, eye_color, hair_color) VALUES (580, 'Female', NULL, 0, 0, 'Green', 'Red');
INSERT INTO superhero_biography (superhero_id, full_name, aliases, place_of_birth, first_appearance) VALUES (580, 'Elaine Coll', '["-"]', NULL, 'Spider-Man: Power of Terror limited series #2 (1995)');
INSERT INTO superhero_images (superhero_id, xs_url, sm_url, md_url, lg_url) VALUES (580, 'https://cdn.jsdelivr.net/gh/akabab/superhero-api@0.3.0/api/images/xs/580-scorpia.jpg', 'https://cdn.jsdelivr.net/gh/akabab/superhero-api@0.3.0/api/images/sm/580-scorpia.jpg', 'https://cdn.jsdelivr.net/gh/akabab/superhero-api@0.3.0/api/images/md/580-scorpia.jpg', 'https://cdn.jsdelivr.net/gh/akabab/superhero-api@0.3.0/api/images/lg/580-scorpia.jpg');
INSERT INTO superheroes (id, name, slug, alignment, publisher) VALUES (581, 'Scorpion', '581-scorpion', 'bad', 'Venom III');
INSERT INTO superhero_powerstats (superhero_id, intelligence, strength, speed, durability, power, combat, cost) VALUES (581, 50, 52, 60, 85, 49, 80, 62);
INSERT INTO superhero_appearance (superhero_id, gender, race, height_cm, weight_kg, eye_color, hair_color) VALUES (581, 'Male', 'Human', 211, 310, 'Brown', 'Brown');
INSERT INTO superhero_biography (superhero_id, full_name, aliases, place_of_birth, first_appearance) VALUES (581, 'MacDonald Gargan', '["Venom","Spider-Man"]', NULL, 'Amazing Spider-Man #19 (1964)');
INSERT INTO superhero_images (superhero_id, xs_url, sm_url, md_url, lg_url) VALUES (581, 'https://cdn.jsdelivr.net/gh/akabab/superhero-api@0.3.0/api/images/xs/581-scorpion.jpg', 'https://cdn.jsdelivr.net/gh/akabab/superhero-api@0.3.0/api/images/sm/581-scorpion.jpg', 'https://cdn.jsdelivr.net/gh/akabab/superhero-api@0.3.0/api/images/md/581-scorpion.jpg', 'https://cdn.jsdelivr.net/gh/akabab/superhero-api@0.3.0/api/images/lg/581-scorpion.jpg');
INSERT INTO superheroes (id, name, slug, alignment, publisher) VALUES (582, 'Sebastian Shaw', '582-sebastian-shaw', 'bad', 'Marvel Comics');
INSERT INTO superhero_powerstats (superhero_id, intelligence, strength, speed, durability, power, combat, cost) VALUES (582, 63, 85, 12, 95, 36, 56, 57);
INSERT INTO superhero_appearance (superhero_id, gender, race, height_cm, weight_kg, eye_color, hair_color) VALUES (582, 'Male', 'Mutant', 0, 0, NULL, NULL);
INSERT INTO superhero_biography (superhero_id, full_name, aliases, place_of_birth, first_appearance) VALUES (582, 'Sebastian Hiram Shaw', '["-"]', NULL, NULL);
INSERT INTO superhero_images (superhero_id, xs_url, sm_url, md_url, lg_url) VALUES (582, 'https://cdn.jsdelivr.net/gh/akabab/superhero-api@0.3.0/api/images/xs/no-portrait.jpg', 'https://cdn.jsdelivr.net/gh/akabab/superhero-api@0.3.0/api/images/sm/no-portrait.jpg', 'https://cdn.jsdelivr.net/gh/akabab/superhero-api@0.3.0/api/images/md/no-portrait.jpg', 'https://cdn.jsdelivr.net/gh/akabab/superhero-api@0.3.0/api/images/lg/no-portrait.jpg');
INSERT INTO superheroes (id, name, slug, alignment, publisher) VALUES (583, 'Sentry', '583-sentry', 'neutral', 'Marvel Comics');
INSERT INTO superhero_powerstats (superhero_id, intelligence, strength, speed, durability, power, combat, cost) VALUES (583, 75, 100, 100, 84, 100, 40, 83);
INSERT INTO superhero_appearance (superhero_id, gender, race, height_cm, weight_kg, eye_color, hair_color) VALUES (583, 'Male', 'Mutant', 188, 87, 'Blue', 'Blond');
INSERT INTO superhero_biography (superhero_id, full_name, aliases, place_of_birth, first_appearance) VALUES (583, 'Robert Reynolds', '["Void","Bob","Golden Guardian of Good","John Victor Williams","Scout"]', NULL, 'Sentry #1 (September, 2000)');
INSERT INTO superhero_images (superhero_id, xs_url, sm_url, md_url, lg_url) VALUES (583, 'https://cdn.jsdelivr.net/gh/akabab/superhero-api@0.3.0/api/images/xs/583-sentry.jpg', 'https://cdn.jsdelivr.net/gh/akabab/superhero-api@0.3.0/api/images/sm/583-sentry.jpg', 'https://cdn.jsdelivr.net/gh/akabab/superhero-api@0.3.0/api/images/md/583-sentry.jpg', 'https://cdn.jsdelivr.net/gh/akabab/superhero-api@0.3.0/api/images/lg/583-sentry.jpg');
INSERT INTO superheroes (id, name, slug, alignment, publisher) VALUES (584, 'Shadow King', '584-shadow-king', 'good', 'Marvel Comics');
INSERT INTO superhero_powerstats (superhero_id, intelligence, strength, speed, durability, power, combat, cost) VALUES (584, 75, 12, 27, 100, 100, 75, 64);
INSERT INTO superhero_appearance (superhero_id, gender, race, height_cm, weight_kg, eye_color, hair_color) VALUES (584, NULL, NULL, 185, 149, 'Red', NULL);
INSERT INTO superhero_biography (superhero_id, full_name, aliases, place_of_birth, first_appearance) VALUES (584, 'Amahl Farouk', '["Professor X","Ananasi","Amahl Farouk","Evil One","Master of the Games; he also impersonated the following mind-controlled subjects (in chronological order): Alexander Flynn","Karma","Cypher","Jacob Reisz","Donald Pierce and probably others"]', NULL, 'X-Men #117 (1979)');
INSERT INTO superhero_images (superhero_id, xs_url, sm_url, md_url, lg_url) VALUES (584, 'https://cdn.jsdelivr.net/gh/akabab/superhero-api@0.3.0/api/images/xs/584-shadow-king.jpg', 'https://cdn.jsdelivr.net/gh/akabab/superhero-api@0.3.0/api/images/sm/584-shadow-king.jpg', 'https://cdn.jsdelivr.net/gh/akabab/superhero-api@0.3.0/api/images/md/584-shadow-king.jpg', 'https://cdn.jsdelivr.net/gh/akabab/superhero-api@0.3.0/api/images/lg/584-shadow-king.jpg');
INSERT INTO superheroes (id, name, slug, alignment, publisher) VALUES (585, 'Shadow Lass', '585-shadow-lass', 'good', 'DC Comics');
INSERT INTO superhero_powerstats (superhero_id, intelligence, strength, speed, durability, power, combat, cost) VALUES (585, 63, 10, 67, 20, 79, 80, 53);
INSERT INTO superhero_appearance (superhero_id, gender, race, height_cm, weight_kg, eye_color, hair_color) VALUES (585, 'Female', 'Talokite', 173, 54, 'Black', 'Black');
INSERT INTO superhero_biography (superhero_id, full_name, aliases, place_of_birth, first_appearance) VALUES (585, 'Tasmia Mallor', '["-"]', 'Talok VIII', 'Adventure Comics #365');
INSERT INTO superhero_images (superhero_id, xs_url, sm_url, md_url, lg_url) VALUES (585, 'https://cdn.jsdelivr.net/gh/akabab/superhero-api@0.3.0/api/images/xs/585-shadow-lass.jpg', 'https://cdn.jsdelivr.net/gh/akabab/superhero-api@0.3.0/api/images/sm/585-shadow-lass.jpg', 'https://cdn.jsdelivr.net/gh/akabab/superhero-api@0.3.0/api/images/md/585-shadow-lass.jpg', 'https://cdn.jsdelivr.net/gh/akabab/superhero-api@0.3.0/api/images/lg/585-shadow-lass.jpg');
INSERT INTO superheroes (id, name, slug, alignment, publisher) VALUES (586, 'Shadowcat', '586-shadowcat', 'good', 'Marvel Comics');
INSERT INTO superhero_powerstats (superhero_id, intelligence, strength, speed, durability, power, combat, cost) VALUES (586, 88, 8, 21, 25, 69, 70, 46);
INSERT INTO superhero_appearance (superhero_id, gender, race, height_cm, weight_kg, eye_color, hair_color) VALUES (586, 'Female', 'Mutant', 168, 50, 'Hazel', 'Brown');
INSERT INTO superhero_biography (superhero_id, full_name, aliases, place_of_birth, first_appearance) VALUES (586, 'Kitty Pryde', '["Kitty Pryde","Ariel","Sprite","Cat"]', 'Deerfield, Illinois', 'X-Men #129 (January, 1980)');
INSERT INTO superhero_images (superhero_id, xs_url, sm_url, md_url, lg_url) VALUES (586, 'https://cdn.jsdelivr.net/gh/akabab/superhero-api@0.3.0/api/images/xs/586-shadowcat.jpg', 'https://cdn.jsdelivr.net/gh/akabab/superhero-api@0.3.0/api/images/sm/586-shadowcat.jpg', 'https://cdn.jsdelivr.net/gh/akabab/superhero-api@0.3.0/api/images/md/586-shadowcat.jpg', 'https://cdn.jsdelivr.net/gh/akabab/superhero-api@0.3.0/api/images/lg/586-shadowcat.jpg');
INSERT INTO superheroes (id, name, slug, alignment, publisher) VALUES (587, 'Shang-Chi', '587-shang-chi', 'good', 'Marvel Comics');
INSERT INTO superhero_powerstats (superhero_id, intelligence, strength, speed, durability, power, combat, cost) VALUES (587, 63, 12, 30, 50, 29, 100, 47);
INSERT INTO superhero_appearance (superhero_id, gender, race, height_cm, weight_kg, eye_color, hair_color) VALUES (587, 'Male', 'Human', 178, 79, 'Brown', 'Black');
INSERT INTO superhero_biography (superhero_id, full_name, aliases, place_of_birth, first_appearance) VALUES (587, 'Shang-Chi', '["The Master of Kung Fu; The Rising and Advancing of the Spirit; Chinaman (by Jack Tarr)"]', NULL, 'Special Marvel Edition #15 (December, 1973)');
INSERT INTO superhero_images (superhero_id, xs_url, sm_url, md_url, lg_url) VALUES (587, 'https://cdn.jsdelivr.net/gh/akabab/superhero-api@0.3.0/api/images/xs/587-shang-chi.jpg', 'https://cdn.jsdelivr.net/gh/akabab/superhero-api@0.3.0/api/images/sm/587-shang-chi.jpg', 'https://cdn.jsdelivr.net/gh/akabab/superhero-api@0.3.0/api/images/md/587-shang-chi.jpg', 'https://cdn.jsdelivr.net/gh/akabab/superhero-api@0.3.0/api/images/lg/587-shang-chi.jpg');
INSERT INTO superheroes (id, name, slug, alignment, publisher) VALUES (588, 'Shatterstar', '588-shatterstar', 'good', 'Marvel Comics');
INSERT INTO superhero_powerstats (superhero_id, intelligence, strength, speed, durability, power, combat, cost) VALUES (588, 63, 48, 45, 64, 49, 84, 58);
INSERT INTO superhero_appearance (superhero_id, gender, race, height_cm, weight_kg, eye_color, hair_color) VALUES (588, 'Male', NULL, 191, 88, 'Brown', 'Red');
INSERT INTO superhero_biography (superhero_id, full_name, aliases, place_of_birth, first_appearance) VALUES (588, 'Gaveedra Seven', '["Benjamin Russell"]', 'Mojoworld', 'New Mutants #99');
INSERT INTO superhero_images (superhero_id, xs_url, sm_url, md_url, lg_url) VALUES (588, 'https://cdn.jsdelivr.net/gh/akabab/superhero-api@0.3.0/api/images/xs/588-shatterstar.jpg', 'https://cdn.jsdelivr.net/gh/akabab/superhero-api@0.3.0/api/images/sm/588-shatterstar.jpg', 'https://cdn.jsdelivr.net/gh/akabab/superhero-api@0.3.0/api/images/md/588-shatterstar.jpg', 'https://cdn.jsdelivr.net/gh/akabab/superhero-api@0.3.0/api/images/lg/588-shatterstar.jpg');
INSERT INTO superheroes (id, name, slug, alignment, publisher) VALUES (589, 'She-Hulk', '589-she-hulk', 'good', 'Marvel Comics');
INSERT INTO superhero_powerstats (superhero_id, intelligence, strength, speed, durability, power, combat, cost) VALUES (589, 81, 100, 42, 100, 40, 70, 72);
INSERT INTO superhero_appearance (superhero_id, gender, race, height_cm, weight_kg, eye_color, hair_color) VALUES (589, 'Female', 'Human', 201, 315, 'Green', 'Green');
INSERT INTO superhero_biography (superhero_id, full_name, aliases, place_of_birth, first_appearance) VALUES (589, 'Jennifer Walters', '["Jade Giantess"]', 'Los Angeles, California', 'She-Hulk (Vol. 1) #1');
INSERT INTO superhero_images (superhero_id, xs_url, sm_url, md_url, lg_url) VALUES (589, 'https://cdn.jsdelivr.net/gh/akabab/superhero-api@0.3.0/api/images/xs/589-she-hulk.jpg', 'https://cdn.jsdelivr.net/gh/akabab/superhero-api@0.3.0/api/images/sm/589-she-hulk.jpg', 'https://cdn.jsdelivr.net/gh/akabab/superhero-api@0.3.0/api/images/md/589-she-hulk.jpg', 'https://cdn.jsdelivr.net/gh/akabab/superhero-api@0.3.0/api/images/lg/589-she-hulk.jpg');
INSERT INTO superheroes (id, name, slug, alignment, publisher) VALUES (590, 'She-Thing', '590-she-thing', 'good', 'Ms Marvel II');
INSERT INTO superhero_powerstats (superhero_id, intelligence, strength, speed, durability, power, combat, cost) VALUES (590, 69, 72, 21, 80, 23, 65, 55);
INSERT INTO superhero_appearance (superhero_id, gender, race, height_cm, weight_kg, eye_color, hair_color) VALUES (590, 'Female', 'Human / Radiation', 183, 153, 'Blue', 'No Hair');
INSERT INTO superhero_biography (superhero_id, full_name, aliases, place_of_birth, first_appearance) VALUES (590, 'Sharon Ventura', '["Thing","Ms Marvel"]', NULL, 'Thing #27');
INSERT INTO superhero_images (superhero_id, xs_url, sm_url, md_url, lg_url) VALUES (590, 'https://cdn.jsdelivr.net/gh/akabab/superhero-api@0.3.0/api/images/xs/590-she-thing.jpg', 'https://cdn.jsdelivr.net/gh/akabab/superhero-api@0.3.0/api/images/sm/590-she-thing.jpg', 'https://cdn.jsdelivr.net/gh/akabab/superhero-api@0.3.0/api/images/md/590-she-thing.jpg', 'https://cdn.jsdelivr.net/gh/akabab/superhero-api@0.3.0/api/images/lg/590-she-thing.jpg');
INSERT INTO superheroes (id, name, slug, alignment, publisher) VALUES (591, 'Shocker', '591-shocker', 'bad', 'Marvel Comics');
INSERT INTO superhero_powerstats (superhero_id, intelligence, strength, speed, durability, power, combat, cost) VALUES (591, 63, 10, 23, 70, 79, 56, 50);
INSERT INTO superhero_appearance (superhero_id, gender, race, height_cm, weight_kg, eye_color, hair_color) VALUES (591, 'Male', 'Human', 175, 79, 'Brown', 'Brown');
INSERT INTO superhero_biography (superhero_id, full_name, aliases, place_of_birth, first_appearance) VALUES (591, 'Herman Schultz', '["-"]', NULL, 'Amazing Spider-Man #46');
INSERT INTO superhero_images (superhero_id, xs_url, sm_url, md_url, lg_url) VALUES (591, 'https://cdn.jsdelivr.net/gh/akabab/superhero-api@0.3.0/api/images/xs/591-shocker.jpg', 'https://cdn.jsdelivr.net/gh/akabab/superhero-api@0.3.0/api/images/sm/591-shocker.jpg', 'https://cdn.jsdelivr.net/gh/akabab/superhero-api@0.3.0/api/images/md/591-shocker.jpg', 'https://cdn.jsdelivr.net/gh/akabab/superhero-api@0.3.0/api/images/lg/591-shocker.jpg');
INSERT INTO superheroes (id, name, slug, alignment, publisher) VALUES (592, 'Shriek', '592-shriek', 'good', 'Marvel Comics');
INSERT INTO superhero_powerstats (superhero_id, intelligence, strength, speed, durability, power, combat, cost) VALUES (592, 50, 10, 23, 28, 45, 42, 33);
INSERT INTO superhero_appearance (superhero_id, gender, race, height_cm, weight_kg, eye_color, hair_color) VALUES (592, 'Female', NULL, 173, 52, 'Yellow / Blue', 'Black');
INSERT INTO superhero_biography (superhero_id, full_name, aliases, place_of_birth, first_appearance) VALUES (592, 'Frances Louise Barrison', '["Sandra Deel"]', NULL, NULL);
INSERT INTO superhero_images (superhero_id, xs_url, sm_url, md_url, lg_url) VALUES (592, 'https://cdn.jsdelivr.net/gh/akabab/superhero-api@0.3.0/api/images/xs/592-shriek.jpg', 'https://cdn.jsdelivr.net/gh/akabab/superhero-api@0.3.0/api/images/sm/592-shriek.jpg', 'https://cdn.jsdelivr.net/gh/akabab/superhero-api@0.3.0/api/images/md/592-shriek.jpg', 'https://cdn.jsdelivr.net/gh/akabab/superhero-api@0.3.0/api/images/lg/592-shriek.jpg');
INSERT INTO superheroes (id, name, slug, alignment, publisher) VALUES (594, 'Sif', '594-sif', 'good', 'Marvel Comics');
INSERT INTO superhero_powerstats (superhero_id, intelligence, strength, speed, durability, power, combat, cost) VALUES (594, 63, 90, 67, 80, 100, 70, 78);
INSERT INTO superhero_appearance (superhero_id, gender, race, height_cm, weight_kg, eye_color, hair_color) VALUES (594, 'Female', 'Asgardian', 188, 191, 'Blue', 'Black');
INSERT INTO superhero_biography (superhero_id, full_name, aliases, place_of_birth, first_appearance) VALUES (594, 'Sif', '["Lady Sif","Erika Velez","Mrs. Chambers","Sybil"]', NULL, 'Journey into Mystery #102 (March, 1964)');
INSERT INTO superhero_images (superhero_id, xs_url, sm_url, md_url, lg_url) VALUES (594, 'https://cdn.jsdelivr.net/gh/akabab/superhero-api@0.3.0/api/images/xs/594-sif.jpg', 'https://cdn.jsdelivr.net/gh/akabab/superhero-api@0.3.0/api/images/sm/594-sif.jpg', 'https://cdn.jsdelivr.net/gh/akabab/superhero-api@0.3.0/api/images/md/594-sif.jpg', 'https://cdn.jsdelivr.net/gh/akabab/superhero-api@0.3.0/api/images/lg/594-sif.jpg');
INSERT INTO superheroes (id, name, slug, alignment, publisher) VALUES (595, 'Silk', '595-silk', 'good', 'Marvel Comics');
INSERT INTO superhero_powerstats (superhero_id, intelligence, strength, speed, durability, power, combat, cost) VALUES (595, 75, 48, 71, 70, 71, 65, 66);
INSERT INTO superhero_appearance (superhero_id, gender, race, height_cm, weight_kg, eye_color, hair_color) VALUES (595, 'Female', 'Human', 0, 0, 'Brown', 'Black');
INSERT INTO superhero_biography (superhero_id, full_name, aliases, place_of_birth, first_appearance) VALUES (595, 'Cindy Moon', '["-"]', NULL, 'Amazing Spider-Man Vol 3 #4');
INSERT INTO superhero_images (superhero_id, xs_url, sm_url, md_url, lg_url) VALUES (595, 'https://cdn.jsdelivr.net/gh/akabab/superhero-api@0.3.0/api/images/xs/595-silk.jpg', 'https://cdn.jsdelivr.net/gh/akabab/superhero-api@0.3.0/api/images/sm/595-silk.jpg', 'https://cdn.jsdelivr.net/gh/akabab/superhero-api@0.3.0/api/images/md/595-silk.jpg', 'https://cdn.jsdelivr.net/gh/akabab/superhero-api@0.3.0/api/images/lg/595-silk.jpg');
INSERT INTO superheroes (id, name, slug, alignment, publisher) VALUES (598, 'Silver Surfer', '598-silver-surfer', 'good', 'Marvel Comics');
INSERT INTO superhero_powerstats (superhero_id, intelligence, strength, speed, durability, power, combat, cost) VALUES (598, 56, 100, 100, 90, 100, 32, 79);
INSERT INTO superhero_appearance (superhero_id, gender, race, height_cm, weight_kg, eye_color, hair_color) VALUES (598, 'Male', 'Alien', 193, 101, 'White', 'No Hair');
INSERT INTO superhero_biography (superhero_id, full_name, aliases, place_of_birth, first_appearance) VALUES (598, 'Norrin Radd', '["-"]', 'Zenn-La', 'Fantastic Four, Vol. 1 #48');
INSERT INTO superhero_images (superhero_id, xs_url, sm_url, md_url, lg_url) VALUES (598, 'https://cdn.jsdelivr.net/gh/akabab/superhero-api@0.3.0/api/images/xs/598-silver-surfer.jpg', 'https://cdn.jsdelivr.net/gh/akabab/superhero-api@0.3.0/api/images/sm/598-silver-surfer.jpg', 'https://cdn.jsdelivr.net/gh/akabab/superhero-api@0.3.0/api/images/md/598-silver-surfer.jpg', 'https://cdn.jsdelivr.net/gh/akabab/superhero-api@0.3.0/api/images/lg/598-silver-surfer.jpg');
INSERT INTO superheroes (id, name, slug, alignment, publisher) VALUES (599, 'Silverclaw', '599-silverclaw', 'good', 'Marvel Comics');
INSERT INTO superhero_powerstats (superhero_id, intelligence, strength, speed, durability, power, combat, cost) VALUES (599, 50, 28, 35, 42, 34, 42, 38);
INSERT INTO superhero_appearance (superhero_id, gender, race, height_cm, weight_kg, eye_color, hair_color) VALUES (599, 'Female', NULL, 157, 50, 'Brown', 'Black');
INSERT INTO superhero_biography (superhero_id, full_name, aliases, place_of_birth, first_appearance) VALUES (599, 'Maria de Guadalupe Santiago', '["La Garra Argentado","Daughter of the Volcano God,"]', 'The village of Kamekeri, Costa Verde', 'Avengers #8 (1998)');
INSERT INTO superhero_images (superhero_id, xs_url, sm_url, md_url, lg_url) VALUES (599, 'https://cdn.jsdelivr.net/gh/akabab/superhero-api@0.3.0/api/images/xs/599-silverclaw.jpg', 'https://cdn.jsdelivr.net/gh/akabab/superhero-api@0.3.0/api/images/sm/599-silverclaw.jpg', 'https://cdn.jsdelivr.net/gh/akabab/superhero-api@0.3.0/api/images/md/599-silverclaw.jpg', 'https://cdn.jsdelivr.net/gh/akabab/superhero-api@0.3.0/api/images/lg/599-silverclaw.jpg');
INSERT INTO superheroes (id, name, slug, alignment, publisher) VALUES (600, 'Simon Baz', '600-simon-baz', 'good', 'DC Comics');
INSERT INTO superhero_powerstats (superhero_id, intelligence, strength, speed, durability, power, combat, cost) VALUES (600, 56, 90, 42, 55, 100, 60, 67);
INSERT INTO superhero_appearance (superhero_id, gender, race, height_cm, weight_kg, eye_color, hair_color) VALUES (600, 'Male', 'Human', 0, 0, 'Bown', 'Black');
INSERT INTO superhero_biography (superhero_id, full_name, aliases, place_of_birth, first_appearance) VALUES (600, 'Simoon Baz', '["Green Lantern","White Lantern"]', 'Dearborn, Michigan', 'The New 52: FCBD Special Edition #1 (June, 2012)');
INSERT INTO superhero_images (superhero_id, xs_url, sm_url, md_url, lg_url) VALUES (600, 'https://cdn.jsdelivr.net/gh/akabab/superhero-api@0.3.0/api/images/xs/600-simon-baz.jpg', 'https://cdn.jsdelivr.net/gh/akabab/superhero-api@0.3.0/api/images/sm/600-simon-baz.jpg', 'https://cdn.jsdelivr.net/gh/akabab/superhero-api@0.3.0/api/images/md/600-simon-baz.jpg', 'https://cdn.jsdelivr.net/gh/akabab/superhero-api@0.3.0/api/images/lg/600-simon-baz.jpg');
INSERT INTO superheroes (id, name, slug, alignment, publisher) VALUES (601, 'Sinestro', '601-sinestro', 'neutral', 'DC Comics');
INSERT INTO superhero_powerstats (superhero_id, intelligence, strength, speed, durability, power, combat, cost) VALUES (601, 75, 85, 53, 64, 100, 55, 72);
INSERT INTO superhero_appearance (superhero_id, gender, race, height_cm, weight_kg, eye_color, hair_color) VALUES (601, 'Male', 'Korugaran', 201, 92, 'Black', 'Black');
INSERT INTO superhero_biography (superhero_id, full_name, aliases, place_of_birth, first_appearance) VALUES (601, 'Thaal Sinestro', '["Green Lantern","White Lantern","Yellow Lantern","Parallax","Indigo Lantern"]', 'Korugar City, Korugar', 'Green Lantern Vol 2 #7');
INSERT INTO superhero_images (superhero_id, xs_url, sm_url, md_url, lg_url) VALUES (601, 'https://cdn.jsdelivr.net/gh/akabab/superhero-api@0.3.0/api/images/xs/601-sinestro.jpg', 'https://cdn.jsdelivr.net/gh/akabab/superhero-api@0.3.0/api/images/sm/601-sinestro.jpg', 'https://cdn.jsdelivr.net/gh/akabab/superhero-api@0.3.0/api/images/md/601-sinestro.jpg', 'https://cdn.jsdelivr.net/gh/akabab/superhero-api@0.3.0/api/images/lg/601-sinestro.jpg');
INSERT INTO superheroes (id, name, slug, alignment, publisher) VALUES (602, 'Siren', '602-siren', 'bad', 'DC Comics');
INSERT INTO superhero_powerstats (superhero_id, intelligence, strength, speed, durability, power, combat, cost) VALUES (602, 56, 62, 79, 60, 92, 60, 68);
INSERT INTO superhero_appearance (superhero_id, gender, race, height_cm, weight_kg, eye_color, hair_color) VALUES (602, 'Female', 'Atlantean', 175, 72, 'Blue', 'Purple');
INSERT INTO superhero_biography (superhero_id, full_name, aliases, place_of_birth, first_appearance) VALUES (602, 'Hila', '["-"]', NULL, 'Aquaman #22 (August, 1965)');
INSERT INTO superhero_images (superhero_id, xs_url, sm_url, md_url, lg_url) VALUES (602, 'https://cdn.jsdelivr.net/gh/akabab/superhero-api@0.3.0/api/images/xs/602-siren.jpg', 'https://cdn.jsdelivr.net/gh/akabab/superhero-api@0.3.0/api/images/sm/602-siren.jpg', 'https://cdn.jsdelivr.net/gh/akabab/superhero-api@0.3.0/api/images/md/602-siren.jpg', 'https://cdn.jsdelivr.net/gh/akabab/superhero-api@0.3.0/api/images/lg/602-siren.jpg');
INSERT INTO superheroes (id, name, slug, alignment, publisher) VALUES (604, 'Siryn', '604-siryn', 'bad', 'Marvel Comics');
INSERT INTO superhero_powerstats (superhero_id, intelligence, strength, speed, durability, power, combat, cost) VALUES (604, 38, 8, 47, 28, 50, 42, 35);
INSERT INTO superhero_appearance (superhero_id, gender, race, height_cm, weight_kg, eye_color, hair_color) VALUES (604, 'Female', NULL, 168, 52, 'Blue', 'Strawberry Blond');
INSERT INTO superhero_biography (superhero_id, full_name, aliases, place_of_birth, first_appearance) VALUES (604, 'Theresa Rourke Cassidy', '["Theresa Rourke"]', 'Cassidy Keep, County Mayo, Ireland', 'Spider-Woman (first series) #37');
INSERT INTO superhero_images (superhero_id, xs_url, sm_url, md_url, lg_url) VALUES (604, 'https://cdn.jsdelivr.net/gh/akabab/superhero-api@0.3.0/api/images/xs/604-siryn.jpg', 'https://cdn.jsdelivr.net/gh/akabab/superhero-api@0.3.0/api/images/sm/604-siryn.jpg', 'https://cdn.jsdelivr.net/gh/akabab/superhero-api@0.3.0/api/images/md/604-siryn.jpg', 'https://cdn.jsdelivr.net/gh/akabab/superhero-api@0.3.0/api/images/lg/604-siryn.jpg');
INSERT INTO superheroes (id, name, slug, alignment, publisher) VALUES (605, 'Skaar', '605-skaar', 'good', 'Marvel Comics');
INSERT INTO superhero_powerstats (superhero_id, intelligence, strength, speed, durability, power, combat, cost) VALUES (605, 50, 85, 27, 90, 69, 85, 67);
INSERT INTO superhero_appearance (superhero_id, gender, race, height_cm, weight_kg, eye_color, hair_color) VALUES (605, 'Male', NULL, 198, 180, 'Green', 'Black');
INSERT INTO superhero_biography (superhero_id, full_name, aliases, place_of_birth, first_appearance) VALUES (605, '', '["Savior","Son of Hulk","WorldBreaker","Long Hair","Little Monster","Conan"]', 'Sakaar', 'World War Hulk #5, 2007');
INSERT INTO superhero_images (superhero_id, xs_url, sm_url, md_url, lg_url) VALUES (605, 'https://cdn.jsdelivr.net/gh/akabab/superhero-api@0.3.0/api/images/xs/605-skaar.jpg', 'https://cdn.jsdelivr.net/gh/akabab/superhero-api@0.3.0/api/images/sm/605-skaar.jpg', 'https://cdn.jsdelivr.net/gh/akabab/superhero-api@0.3.0/api/images/md/605-skaar.jpg', 'https://cdn.jsdelivr.net/gh/akabab/superhero-api@0.3.0/api/images/lg/605-skaar.jpg');
INSERT INTO superheroes (id, name, slug, alignment, publisher) VALUES (607, 'Snowbird', '607-snowbird', 'good', 'Marvel Comics');
INSERT INTO superhero_powerstats (superhero_id, intelligence, strength, speed, durability, power, combat, cost) VALUES (607, 50, 32, 27, 42, 70, 52, 45);
INSERT INTO superhero_appearance (superhero_id, gender, race, height_cm, weight_kg, eye_color, hair_color) VALUES (607, 'Female', NULL, 178, 49, 'White', 'Blond');
INSERT INTO superhero_biography (superhero_id, full_name, aliases, place_of_birth, first_appearance) VALUES (607, 'Narya', '["Anne McKenzie-Thompson"]', 'Near Resolute Bay, Northwest Territories, Canada', 'Uncanny X-Men #120');
INSERT INTO superhero_images (superhero_id, xs_url, sm_url, md_url, lg_url) VALUES (607, 'https://cdn.jsdelivr.net/gh/akabab/superhero-api@0.3.0/api/images/xs/607-snowbird.jpg', 'https://cdn.jsdelivr.net/gh/akabab/superhero-api@0.3.0/api/images/sm/607-snowbird.jpg', 'https://cdn.jsdelivr.net/gh/akabab/superhero-api@0.3.0/api/images/md/607-snowbird.jpg', 'https://cdn.jsdelivr.net/gh/akabab/superhero-api@0.3.0/api/images/lg/607-snowbird.jpg');
INSERT INTO superheroes (id, name, slug, alignment, publisher) VALUES (608, 'Sobek', '608-sobek', 'good', 'DC Comics');
INSERT INTO superhero_powerstats (superhero_id, intelligence, strength, speed, durability, power, combat, cost) VALUES (608, 50, 34, 23, 46, 20, 56, 38);
INSERT INTO superhero_appearance (superhero_id, gender, race, height_cm, weight_kg, eye_color, hair_color) VALUES (608, 'Male', NULL, 0, 0, 'White', 'No Hair');
INSERT INTO superhero_biography (superhero_id, full_name, aliases, place_of_birth, first_appearance) VALUES (608, 'Yurrd the Unknown', '["Sobek the Talking Crocodile; The Unknown in Formless Time Before Time; Famine"]', 'Nile River; Bioengineered at Oolong Island', '52 Week Twenty-Six');
INSERT INTO superhero_images (superhero_id, xs_url, sm_url, md_url, lg_url) VALUES (608, 'https://cdn.jsdelivr.net/gh/akabab/superhero-api@0.3.0/api/images/xs/608-sobek.jpg', 'https://cdn.jsdelivr.net/gh/akabab/superhero-api@0.3.0/api/images/sm/608-sobek.jpg', 'https://cdn.jsdelivr.net/gh/akabab/superhero-api@0.3.0/api/images/md/608-sobek.jpg', 'https://cdn.jsdelivr.net/gh/akabab/superhero-api@0.3.0/api/images/lg/608-sobek.jpg');
INSERT INTO superheroes (id, name, slug, alignment, publisher) VALUES (609, 'Solomon Grundy', '609-solomon-grundy', 'bad', 'DC Comics');
INSERT INTO superhero_powerstats (superhero_id, intelligence, strength, speed, durability, power, combat, cost) VALUES (609, 9, 93, 13, 100, 92, 30, 56);
INSERT INTO superhero_appearance (superhero_id, gender, race, height_cm, weight_kg, eye_color, hair_color) VALUES (609, 'Male', 'Zombie', 279, 437, 'Black', 'White');
INSERT INTO superhero_biography (superhero_id, full_name, aliases, place_of_birth, first_appearance) VALUES (609, 'Cyrus Gold', '["Marshland Monster"]', 'Gotham City', 'All-American Comics #61 (October, 1944)');
INSERT INTO superhero_images (superhero_id, xs_url, sm_url, md_url, lg_url) VALUES (609, 'https://cdn.jsdelivr.net/gh/akabab/superhero-api@0.3.0/api/images/xs/609-solomon-grundy.jpg', 'https://cdn.jsdelivr.net/gh/akabab/superhero-api@0.3.0/api/images/sm/609-solomon-grundy.jpg', 'https://cdn.jsdelivr.net/gh/akabab/superhero-api@0.3.0/api/images/md/609-solomon-grundy.jpg', 'https://cdn.jsdelivr.net/gh/akabab/superhero-api@0.3.0/api/images/lg/609-solomon-grundy.jpg');
INSERT INTO superheroes (id, name, slug, alignment, publisher) VALUES (610, 'Songbird', '610-songbird', 'good', 'Marvel Comics');
INSERT INTO superhero_powerstats (superhero_id, intelligence, strength, speed, durability, power, combat, cost) VALUES (610, 75, 36, 27, 42, 55, 56, 48);
INSERT INTO superhero_appearance (superhero_id, gender, race, height_cm, weight_kg, eye_color, hair_color) VALUES (610, 'Female', NULL, 165, 65, 'Green', 'Red / White');
INSERT INTO superhero_biography (superhero_id, full_name, aliases, place_of_birth, first_appearance) VALUES (610, 'Melissa Joan Gold', '["Screaming Mimi","Mimi Schwartz","Margie Green"]', 'Shoshoni, Wyoming', NULL);
INSERT INTO superhero_images (superhero_id, xs_url, sm_url, md_url, lg_url) VALUES (610, 'https://cdn.jsdelivr.net/gh/akabab/superhero-api@0.3.0/api/images/xs/610-songbird.jpg', 'https://cdn.jsdelivr.net/gh/akabab/superhero-api@0.3.0/api/images/sm/610-songbird.jpg', 'https://cdn.jsdelivr.net/gh/akabab/superhero-api@0.3.0/api/images/md/610-songbird.jpg', 'https://cdn.jsdelivr.net/gh/akabab/superhero-api@0.3.0/api/images/lg/610-songbird.jpg');
INSERT INTO superheroes (id, name, slug, alignment, publisher) VALUES (611, 'Space Ghost', '611-space-ghost', 'good', 'DC Comics');
INSERT INTO superhero_powerstats (superhero_id, intelligence, strength, speed, durability, power, combat, cost) VALUES (611, 38, 18, 33, 40, 95, 80, 50);
INSERT INTO superhero_appearance (superhero_id, gender, race, height_cm, weight_kg, eye_color, hair_color) VALUES (611, 'Male', 'Human', 188, 113, NULL, NULL);
INSERT INTO superhero_biography (superhero_id, full_name, aliases, place_of_birth, first_appearance) VALUES (611, 'Thaddeus Bach', '["Ted Ghostel","Tad Ghostal"]', NULL, 'Space Ghost (1966)');
INSERT INTO superhero_images (superhero_id, xs_url, sm_url, md_url, lg_url) VALUES (611, 'https://cdn.jsdelivr.net/gh/akabab/superhero-api@0.3.0/api/images/xs/611-space-ghost.jpg', 'https://cdn.jsdelivr.net/gh/akabab/superhero-api@0.3.0/api/images/sm/611-space-ghost.jpg', 'https://cdn.jsdelivr.net/gh/akabab/superhero-api@0.3.0/api/images/md/611-space-ghost.jpg', 'https://cdn.jsdelivr.net/gh/akabab/superhero-api@0.3.0/api/images/lg/611-space-ghost.jpg');
INSERT INTO superheroes (id, name, slug, alignment, publisher) VALUES (612, 'Spawn', '612-spawn', 'good', 'Image Comics');
INSERT INTO superhero_powerstats (superhero_id, intelligence, strength, speed, durability, power, combat, cost) VALUES (612, 75, 60, 50, 90, 100, 95, 78);
INSERT INTO superhero_appearance (superhero_id, gender, race, height_cm, weight_kg, eye_color, hair_color) VALUES (612, 'Male', 'Demon', 211, 405, 'Brown', 'Black');
INSERT INTO superhero_biography (superhero_id, full_name, aliases, place_of_birth, first_appearance) VALUES (612, 'Al Simmons', '["The One","Hellspawn"]', 'Detroit, Michigan (8th level of Hell after rebirth)', 'Spawn #1 (May, 1992)');
INSERT INTO superhero_images (superhero_id, xs_url, sm_url, md_url, lg_url) VALUES (612, 'https://cdn.jsdelivr.net/gh/akabab/superhero-api@0.3.0/api/images/xs/612-spawn.jpg', 'https://cdn.jsdelivr.net/gh/akabab/superhero-api@0.3.0/api/images/sm/612-spawn.jpg', 'https://cdn.jsdelivr.net/gh/akabab/superhero-api@0.3.0/api/images/md/612-spawn.jpg', 'https://cdn.jsdelivr.net/gh/akabab/superhero-api@0.3.0/api/images/lg/612-spawn.jpg');
INSERT INTO superheroes (id, name, slug, alignment, publisher) VALUES (613, 'Spectre', '613-spectre', 'good', 'Aztar');
INSERT INTO superhero_powerstats (superhero_id, intelligence, strength, speed, durability, power, combat, cost) VALUES (613, 88, 100, 100, 100, 100, 70, 93);
INSERT INTO superhero_appearance (superhero_id, gender, race, height_cm, weight_kg, eye_color, hair_color) VALUES (613, 'Male', 'God / Eternal', 0, 0, 'White', 'No Hair');
INSERT INTO superhero_biography (superhero_id, full_name, aliases, place_of_birth, first_appearance) VALUES (613, 'Aztar', '["Spirit of Vengeance","Wrath of God","Spirit of Redemption","Raguel","James Corrigan","Hal Jordan","Cripus Allen"]', NULL, 'More Fun Comics #52 (February, 1940)');
INSERT INTO superhero_images (superhero_id, xs_url, sm_url, md_url, lg_url) VALUES (613, 'https://cdn.jsdelivr.net/gh/akabab/superhero-api@0.3.0/api/images/xs/613-spectre.jpg', 'https://cdn.jsdelivr.net/gh/akabab/superhero-api@0.3.0/api/images/sm/613-spectre.jpg', 'https://cdn.jsdelivr.net/gh/akabab/superhero-api@0.3.0/api/images/md/613-spectre.jpg', 'https://cdn.jsdelivr.net/gh/akabab/superhero-api@0.3.0/api/images/lg/613-spectre.jpg');
INSERT INTO superheroes (id, name, slug, alignment, publisher) VALUES (615, 'Speedy', '615-speedy', 'good', 'DC Comics');
INSERT INTO superhero_powerstats (superhero_id, intelligence, strength, speed, durability, power, combat, cost) VALUES (615, 50, 6, 33, 20, 26, 70, 34);
INSERT INTO superhero_appearance (superhero_id, gender, race, height_cm, weight_kg, eye_color, hair_color) VALUES (615, 'Female', 'Human', 0, 0, 'Green', 'Brown');
INSERT INTO superhero_biography (superhero_id, full_name, aliases, place_of_birth, first_appearance) VALUES (615, 'Thea Queen', '["Thea Merlyn","Mia","Red Arrow"]', 'Starling City', 'Arrow (TV Series) - "Pilot"');
INSERT INTO superhero_images (superhero_id, xs_url, sm_url, md_url, lg_url) VALUES (615, 'https://cdn.jsdelivr.net/gh/akabab/superhero-api@0.3.0/api/images/xs/615-speedy.jpg', 'https://cdn.jsdelivr.net/gh/akabab/superhero-api@0.3.0/api/images/sm/615-speedy.jpg', 'https://cdn.jsdelivr.net/gh/akabab/superhero-api@0.3.0/api/images/md/615-speedy.jpg', 'https://cdn.jsdelivr.net/gh/akabab/superhero-api@0.3.0/api/images/lg/615-speedy.jpg');
INSERT INTO superheroes (id, name, slug, alignment, publisher) VALUES (618, 'Spider-Girl', '618-spider-girl', 'good', 'Marvel Comics');
INSERT INTO superhero_powerstats (superhero_id, intelligence, strength, speed, durability, power, combat, cost) VALUES (618, 63, 38, 60, 65, 53, 75, 59);
INSERT INTO superhero_appearance (superhero_id, gender, race, height_cm, weight_kg, eye_color, hair_color) VALUES (618, 'Female', 'Human', 170, 54, 'Blue', 'Brown');
INSERT INTO superhero_biography (superhero_id, full_name, aliases, place_of_birth, first_appearance) VALUES (618, 'May ''Mayday'' Parker', '["-"]', 'New York City, New York', 'What If? Vol 2 #105 (February, 1998)');
INSERT INTO superhero_images (superhero_id, xs_url, sm_url, md_url, lg_url) VALUES (618, 'https://cdn.jsdelivr.net/gh/akabab/superhero-api@0.3.0/api/images/xs/618-spider-girl.jpg', 'https://cdn.jsdelivr.net/gh/akabab/superhero-api@0.3.0/api/images/sm/618-spider-girl.jpg', 'https://cdn.jsdelivr.net/gh/akabab/superhero-api@0.3.0/api/images/md/618-spider-girl.jpg', 'https://cdn.jsdelivr.net/gh/akabab/superhero-api@0.3.0/api/images/lg/618-spider-girl.jpg');
INSERT INTO superheroes (id, name, slug, alignment, publisher) VALUES (619, 'Spider-Gwen', '619-spider-gwen', 'good', 'Marvel Comics');
INSERT INTO superhero_powerstats (superhero_id, intelligence, strength, speed, durability, power, combat, cost) VALUES (619, 75, 55, 63, 70, 66, 70, 66);
INSERT INTO superhero_appearance (superhero_id, gender, race, height_cm, weight_kg, eye_color, hair_color) VALUES (619, 'Female', 'Human', 165, 56, 'Blue', 'Blond');
INSERT INTO superhero_biography (superhero_id, full_name, aliases, place_of_birth, first_appearance) VALUES (619, 'Gwen Stacy', '["Spider-Woman"]', NULL, 'Edge of Spider-Verse #2');
INSERT INTO superhero_images (superhero_id, xs_url, sm_url, md_url, lg_url) VALUES (619, 'https://cdn.jsdelivr.net/gh/akabab/superhero-api@0.3.0/api/images/xs/619-spider-gwen.jpg', 'https://cdn.jsdelivr.net/gh/akabab/superhero-api@0.3.0/api/images/sm/619-spider-gwen.jpg', 'https://cdn.jsdelivr.net/gh/akabab/superhero-api@0.3.0/api/images/md/619-spider-gwen.jpg', 'https://cdn.jsdelivr.net/gh/akabab/superhero-api@0.3.0/api/images/lg/619-spider-gwen.jpg');
INSERT INTO superheroes (id, name, slug, alignment, publisher) VALUES (620, 'Spider-Man', '620-spider-man', 'good', 'Marvel Comics');
INSERT INTO superhero_powerstats (superhero_id, intelligence, strength, speed, durability, power, combat, cost) VALUES (620, 90, 55, 67, 75, 74, 85, 74);
INSERT INTO superhero_appearance (superhero_id, gender, race, height_cm, weight_kg, eye_color, hair_color) VALUES (620, 'Male', 'Human', 178, 74, 'Hazel', 'Brown');
INSERT INTO superhero_biography (superhero_id, full_name, aliases, place_of_birth, first_appearance) VALUES (620, 'Peter Parker', '["Spiderman","Bag-Man","Black Marvel","Captain Universe","Dusk","Green Hood","Hornet","Mad Dog 336","Peter Palmer","Prodigy","Ricochet","Scarlet Spider","Spider-Boy","Spider-Hulk","Spider-Morphosis"]', 'New York, New York', 'Amazing Fantasy #15');
INSERT INTO superhero_images (superhero_id, xs_url, sm_url, md_url, lg_url) VALUES (620, 'https://cdn.jsdelivr.net/gh/akabab/superhero-api@0.3.0/api/images/xs/620-spider-man.jpg', 'https://cdn.jsdelivr.net/gh/akabab/superhero-api@0.3.0/api/images/sm/620-spider-man.jpg', 'https://cdn.jsdelivr.net/gh/akabab/superhero-api@0.3.0/api/images/md/620-spider-man.jpg', 'https://cdn.jsdelivr.net/gh/akabab/superhero-api@0.3.0/api/images/lg/620-spider-man.jpg');
INSERT INTO superheroes (id, name, slug, alignment, publisher) VALUES (623, 'Spider-Woman', '623-spider-woman', 'good', 'Marvel Comics');
INSERT INTO superhero_powerstats (superhero_id, intelligence, strength, speed, durability, power, combat, cost) VALUES (623, 56, 42, 42, 60, 68, 70, 56);
INSERT INTO superhero_appearance (superhero_id, gender, race, height_cm, weight_kg, eye_color, hair_color) VALUES (623, 'Female', 'Human', 178, 59, 'Green', 'Black');
INSERT INTO superhero_biography (superhero_id, full_name, aliases, place_of_birth, first_appearance) VALUES (623, 'Jessica Drew', '["Arachne","Ariadne Hyde","Dark Angel","Dark Angel of San Francisco"]', 'London, England', 'Marvel Spotlight #32 (February, 1977)');
INSERT INTO superhero_images (superhero_id, xs_url, sm_url, md_url, lg_url) VALUES (623, 'https://cdn.jsdelivr.net/gh/akabab/superhero-api@0.3.0/api/images/xs/623-spider-woman.jpg', 'https://cdn.jsdelivr.net/gh/akabab/superhero-api@0.3.0/api/images/sm/623-spider-woman.jpg', 'https://cdn.jsdelivr.net/gh/akabab/superhero-api@0.3.0/api/images/md/623-spider-woman.jpg', 'https://cdn.jsdelivr.net/gh/akabab/superhero-api@0.3.0/api/images/lg/623-spider-woman.jpg');
INSERT INTO superheroes (id, name, slug, alignment, publisher) VALUES (625, 'Spider-Woman III', '625-spider-woman-iii', 'good', 'Marvel Comics');
INSERT INTO superhero_powerstats (superhero_id, intelligence, strength, speed, durability, power, combat, cost) VALUES (625, 50, 48, 27, 42, 60, 28, 42);
INSERT INTO superhero_appearance (superhero_id, gender, race, height_cm, weight_kg, eye_color, hair_color) VALUES (625, 'Female', NULL, 173, 55, 'Brown', 'Brown');
INSERT INTO superhero_biography (superhero_id, full_name, aliases, place_of_birth, first_appearance) VALUES (625, 'Martha Franklin', '["-"]', 'Rochester, New York', '(cameo) Spectacular Spider-Man #263 (1998); (full) Amazing Spider-Man #441 (1998)');
INSERT INTO superhero_images (superhero_id, xs_url, sm_url, md_url, lg_url) VALUES (625, 'https://cdn.jsdelivr.net/gh/akabab/superhero-api@0.3.0/api/images/xs/625-spider-woman-iii.jpg', 'https://cdn.jsdelivr.net/gh/akabab/superhero-api@0.3.0/api/images/sm/625-spider-woman-iii.jpg', 'https://cdn.jsdelivr.net/gh/akabab/superhero-api@0.3.0/api/images/md/625-spider-woman-iii.jpg', 'https://cdn.jsdelivr.net/gh/akabab/superhero-api@0.3.0/api/images/lg/625-spider-woman-iii.jpg');
INSERT INTO superheroes (id, name, slug, alignment, publisher) VALUES (627, 'Spock', '627-spock', 'good', 'Star Trek');
INSERT INTO superhero_powerstats (superhero_id, intelligence, strength, speed, durability, power, combat, cost) VALUES (627, 81, 18, 17, 40, 56, 40, 42);
INSERT INTO superhero_appearance (superhero_id, gender, race, height_cm, weight_kg, eye_color, hair_color) VALUES (627, 'Male', 'Human-Vulcan', 185, 81, 'Brown', 'Black');
INSERT INTO superhero_biography (superhero_id, full_name, aliases, place_of_birth, first_appearance) VALUES (627, 'S''chn T''gai Spock', '["-"]', NULL, 'Star Trek S01E01: The Man Trap');
INSERT INTO superhero_images (superhero_id, xs_url, sm_url, md_url, lg_url) VALUES (627, 'https://cdn.jsdelivr.net/gh/akabab/superhero-api@0.3.0/api/images/xs/627-spock.jpg', 'https://cdn.jsdelivr.net/gh/akabab/superhero-api@0.3.0/api/images/sm/627-spock.jpg', 'https://cdn.jsdelivr.net/gh/akabab/superhero-api@0.3.0/api/images/md/627-spock.jpg', 'https://cdn.jsdelivr.net/gh/akabab/superhero-api@0.3.0/api/images/lg/627-spock.jpg');
INSERT INTO superheroes (id, name, slug, alignment, publisher) VALUES (628, 'Spyke', '628-spyke', 'good', 'Marvel Comics');
INSERT INTO superhero_powerstats (superhero_id, intelligence, strength, speed, durability, power, combat, cost) VALUES (628, 50, 12, 17, 60, 48, 30, 36);
INSERT INTO superhero_appearance (superhero_id, gender, race, height_cm, weight_kg, eye_color, hair_color) VALUES (628, 'Male', 'Mutant', 183, 83, 'Brown', 'Blond');
INSERT INTO superhero_biography (superhero_id, full_name, aliases, place_of_birth, first_appearance) VALUES (628, 'Evan Daniels', '["Porcupine","Armadillo"]', NULL, '"Speed & Spyke" (December 9, 2000)');
INSERT INTO superhero_images (superhero_id, xs_url, sm_url, md_url, lg_url) VALUES (628, 'https://cdn.jsdelivr.net/gh/akabab/superhero-api@0.3.0/api/images/xs/628-spyke.jpg', 'https://cdn.jsdelivr.net/gh/akabab/superhero-api@0.3.0/api/images/sm/628-spyke.jpg', 'https://cdn.jsdelivr.net/gh/akabab/superhero-api@0.3.0/api/images/md/628-spyke.jpg', 'https://cdn.jsdelivr.net/gh/akabab/superhero-api@0.3.0/api/images/lg/628-spyke.jpg');
INSERT INTO superheroes (id, name, slug, alignment, publisher) VALUES (630, 'Star-Lord', '630-star-lord', 'good', 'Marvel Comics');
INSERT INTO superhero_powerstats (superhero_id, intelligence, strength, speed, durability, power, combat, cost) VALUES (630, 69, 20, 33, 50, 25, 70, 44);
INSERT INTO superhero_appearance (superhero_id, gender, race, height_cm, weight_kg, eye_color, hair_color) VALUES (630, 'Male', 'Human-Spartoi', 188, 79, 'Blue', 'Blond');
INSERT INTO superhero_biography (superhero_id, full_name, aliases, place_of_birth, first_appearance) VALUES (630, 'Peter Jason Quill', '["Starlord"]', NULL, 'Marvel Preview #4 (January, 1976)');
INSERT INTO superhero_images (superhero_id, xs_url, sm_url, md_url, lg_url) VALUES (630, 'https://cdn.jsdelivr.net/gh/akabab/superhero-api@0.3.0/api/images/xs/630-star-lord.jpg', 'https://cdn.jsdelivr.net/gh/akabab/superhero-api@0.3.0/api/images/sm/630-star-lord.jpg', 'https://cdn.jsdelivr.net/gh/akabab/superhero-api@0.3.0/api/images/md/630-star-lord.jpg', 'https://cdn.jsdelivr.net/gh/akabab/superhero-api@0.3.0/api/images/lg/630-star-lord.jpg');
INSERT INTO superheroes (id, name, slug, alignment, publisher) VALUES (631, 'Stardust', '631-stardust', 'good', 'Marvel Comics');
INSERT INTO superhero_powerstats (superhero_id, intelligence, strength, speed, durability, power, combat, cost) VALUES (631, 88, 85, 100, 110, 100, 85, 94);
INSERT INTO superhero_appearance (superhero_id, gender, race, height_cm, weight_kg, eye_color, hair_color) VALUES (631, 'Male', NULL, 0, 0, NULL, NULL);
INSERT INTO superhero_biography (superhero_id, full_name, aliases, place_of_birth, first_appearance) VALUES (631, '', '["Entity Lambda-Zero"]', NULL, NULL);
INSERT INTO superhero_images (superhero_id, xs_url, sm_url, md_url, lg_url) VALUES (631, 'https://cdn.jsdelivr.net/gh/akabab/superhero-api@0.3.0/api/images/xs/631-stardust.jpg', 'https://cdn.jsdelivr.net/gh/akabab/superhero-api@0.3.0/api/images/sm/631-stardust.jpg', 'https://cdn.jsdelivr.net/gh/akabab/superhero-api@0.3.0/api/images/md/631-stardust.jpg', 'https://cdn.jsdelivr.net/gh/akabab/superhero-api@0.3.0/api/images/lg/631-stardust.jpg');
INSERT INTO superheroes (id, name, slug, alignment, publisher) VALUES (632, 'Starfire', '632-starfire', 'good', 'DC Comics');
INSERT INTO superhero_powerstats (superhero_id, intelligence, strength, speed, durability, power, combat, cost) VALUES (632, 50, 80, 33, 85, 59, 70, 62);
INSERT INTO superhero_appearance (superhero_id, gender, race, height_cm, weight_kg, eye_color, hair_color) VALUES (632, 'Female', 'Tamaranean', 193, 71, 'Green', 'Auburn');
INSERT INTO superhero_biography (superhero_id, full_name, aliases, place_of_birth, first_appearance) VALUES (632, 'Koriand''r', '["Princess Koriand''r","Kory Anders","Nova"]', 'Tamaran', 'DC Comics Presents #26 (October, 1980)');
INSERT INTO superhero_images (superhero_id, xs_url, sm_url, md_url, lg_url) VALUES (632, 'https://cdn.jsdelivr.net/gh/akabab/superhero-api@0.3.0/api/images/xs/632-starfire.jpg', 'https://cdn.jsdelivr.net/gh/akabab/superhero-api@0.3.0/api/images/sm/632-starfire.jpg', 'https://cdn.jsdelivr.net/gh/akabab/superhero-api@0.3.0/api/images/md/632-starfire.jpg', 'https://cdn.jsdelivr.net/gh/akabab/superhero-api@0.3.0/api/images/lg/632-starfire.jpg');
INSERT INTO superheroes (id, name, slug, alignment, publisher) VALUES (633, 'Stargirl', '633-stargirl', 'good', 'DC Comics');
INSERT INTO superhero_powerstats (superhero_id, intelligence, strength, speed, durability, power, combat, cost) VALUES (633, 63, 80, 25, 90, 87, 55, 66);
INSERT INTO superhero_appearance (superhero_id, gender, race, height_cm, weight_kg, eye_color, hair_color) VALUES (633, 'Female', 'Human', 165, 62, 'Blue', 'Blond');
INSERT INTO superhero_biography (superhero_id, full_name, aliases, place_of_birth, first_appearance) VALUES (633, 'Courtney Whitmore', '["Star-Spangled Kid","Star","Stars"]', NULL, 'Stars and S.T.R.I.P.E. #0 (July, 1999)');
INSERT INTO superhero_images (superhero_id, xs_url, sm_url, md_url, lg_url) VALUES (633, 'https://cdn.jsdelivr.net/gh/akabab/superhero-api@0.3.0/api/images/xs/633-stargirl.jpg', 'https://cdn.jsdelivr.net/gh/akabab/superhero-api@0.3.0/api/images/sm/633-stargirl.jpg', 'https://cdn.jsdelivr.net/gh/akabab/superhero-api@0.3.0/api/images/md/633-stargirl.jpg', 'https://cdn.jsdelivr.net/gh/akabab/superhero-api@0.3.0/api/images/lg/633-stargirl.jpg');
INSERT INTO superheroes (id, name, slug, alignment, publisher) VALUES (634, 'Static', '634-static', 'good', 'DC Comics');
INSERT INTO superhero_powerstats (superhero_id, intelligence, strength, speed, durability, power, combat, cost) VALUES (634, 69, 8, 42, 50, 90, 40, 49);
INSERT INTO superhero_appearance (superhero_id, gender, race, height_cm, weight_kg, eye_color, hair_color) VALUES (634, 'Male', 'Mutant', 170, 63, 'Brown', 'Black');
INSERT INTO superhero_biography (superhero_id, full_name, aliases, place_of_birth, first_appearance) VALUES (634, 'Virgil Hawkins', '["Sparky","Virg","V","V-Man"]', 'Paris Island, Dakota City', 'Static #1 (June, 1993)');
INSERT INTO superhero_images (superhero_id, xs_url, sm_url, md_url, lg_url) VALUES (634, 'https://cdn.jsdelivr.net/gh/akabab/superhero-api@0.3.0/api/images/xs/634-static.jpg', 'https://cdn.jsdelivr.net/gh/akabab/superhero-api@0.3.0/api/images/sm/634-static.jpg', 'https://cdn.jsdelivr.net/gh/akabab/superhero-api@0.3.0/api/images/md/634-static.jpg', 'https://cdn.jsdelivr.net/gh/akabab/superhero-api@0.3.0/api/images/lg/634-static.jpg');
INSERT INTO superheroes (id, name, slug, alignment, publisher) VALUES (635, 'Steel', '635-steel', 'good', 'DC Comics');
INSERT INTO superhero_powerstats (superhero_id, intelligence, strength, speed, durability, power, combat, cost) VALUES (635, 81, 82, 53, 90, 64, 64, 72);
INSERT INTO superhero_appearance (superhero_id, gender, race, height_cm, weight_kg, eye_color, hair_color) VALUES (635, 'Male', NULL, 201, 131, 'Brown', 'No Hair');
INSERT INTO superhero_biography (superhero_id, full_name, aliases, place_of_birth, first_appearance) VALUES (635, 'John Henry Irons', '["Man of Steel","Henry Johnson"]', 'Washington, D.C.', 'Adventures of Superman #500 (1993)');
INSERT INTO superhero_images (superhero_id, xs_url, sm_url, md_url, lg_url) VALUES (635, 'https://cdn.jsdelivr.net/gh/akabab/superhero-api@0.3.0/api/images/xs/635-steel.jpg', 'https://cdn.jsdelivr.net/gh/akabab/superhero-api@0.3.0/api/images/sm/635-steel.jpg', 'https://cdn.jsdelivr.net/gh/akabab/superhero-api@0.3.0/api/images/md/635-steel.jpg', 'https://cdn.jsdelivr.net/gh/akabab/superhero-api@0.3.0/api/images/lg/635-steel.jpg');
INSERT INTO superheroes (id, name, slug, alignment, publisher) VALUES (636, 'Stephanie Powell', '636-stephanie-powell', 'good', 'ABC Studios');
INSERT INTO superhero_powerstats (superhero_id, intelligence, strength, speed, durability, power, combat, cost) VALUES (636, 69, 10, 54, 10, 24, 10, 29);
INSERT INTO superhero_appearance (superhero_id, gender, race, height_cm, weight_kg, eye_color, hair_color) VALUES (636, 'Female', NULL, 0, 0, NULL, 'Blond');
INSERT INTO superhero_biography (superhero_id, full_name, aliases, place_of_birth, first_appearance) VALUES (636, 'Stephanie Powell', '["-"]', NULL, 'No Ordinary Family S01E01 (2010)');
INSERT INTO superhero_images (superhero_id, xs_url, sm_url, md_url, lg_url) VALUES (636, 'https://cdn.jsdelivr.net/gh/akabab/superhero-api@0.3.0/api/images/xs/636-stephanie-powell.jpg', 'https://cdn.jsdelivr.net/gh/akabab/superhero-api@0.3.0/api/images/sm/636-stephanie-powell.jpg', 'https://cdn.jsdelivr.net/gh/akabab/superhero-api@0.3.0/api/images/md/636-stephanie-powell.jpg', 'https://cdn.jsdelivr.net/gh/akabab/superhero-api@0.3.0/api/images/lg/636-stephanie-powell.jpg');
INSERT INTO superheroes (id, name, slug, alignment, publisher) VALUES (637, 'Steppenwolf', '637-steppenwolf', 'bad', 'DC Comics');
INSERT INTO superhero_powerstats (superhero_id, intelligence, strength, speed, durability, power, combat, cost) VALUES (637, 94, 100, 83, 100, 100, 100, 96);
INSERT INTO superhero_appearance (superhero_id, gender, race, height_cm, weight_kg, eye_color, hair_color) VALUES (637, 'Male', 'New God', 183, 91, 'Red', 'Black');
INSERT INTO superhero_biography (superhero_id, full_name, aliases, place_of_birth, first_appearance) VALUES (637, '', '["Steppenwulf"]', NULL, 'The New Gods #7');
INSERT INTO superhero_images (superhero_id, xs_url, sm_url, md_url, lg_url) VALUES (637, 'https://cdn.jsdelivr.net/gh/akabab/superhero-api@0.3.0/api/images/xs/637-steppenwolf.jpg', 'https://cdn.jsdelivr.net/gh/akabab/superhero-api@0.3.0/api/images/sm/637-steppenwolf.jpg', 'https://cdn.jsdelivr.net/gh/akabab/superhero-api@0.3.0/api/images/md/637-steppenwolf.jpg', 'https://cdn.jsdelivr.net/gh/akabab/superhero-api@0.3.0/api/images/lg/637-steppenwolf.jpg');
INSERT INTO superheroes (id, name, slug, alignment, publisher) VALUES (638, 'Storm', '638-storm', 'good', 'Marvel Comics');
INSERT INTO superhero_powerstats (superhero_id, intelligence, strength, speed, durability, power, combat, cost) VALUES (638, 75, 10, 47, 30, 88, 75, 54);
INSERT INTO superhero_appearance (superhero_id, gender, race, height_cm, weight_kg, eye_color, hair_color) VALUES (638, 'Female', 'Mutant', 180, 57, 'Blue', 'White');
INSERT INTO superhero_biography (superhero_id, full_name, aliases, place_of_birth, first_appearance) VALUES (638, 'Ororo Munroe', '["Ororo Iqadi T''Challa","Queen Ororo","Ororo Komo Wakandas,White Queen","Weather Witch","Windrider","Goddess","Mistress of the Elements","Princess of N''Dare","High Priestess Windrider","Goddess","Mistress of the Elements","Princess of N''Dare","High Priestess"]', 'New York, New York', 'Giant-Size X-Men #1 (May, 1975)');
INSERT INTO superhero_images (superhero_id, xs_url, sm_url, md_url, lg_url) VALUES (638, 'https://cdn.jsdelivr.net/gh/akabab/superhero-api@0.3.0/api/images/xs/638-storm.jpg', 'https://cdn.jsdelivr.net/gh/akabab/superhero-api@0.3.0/api/images/sm/638-storm.jpg', 'https://cdn.jsdelivr.net/gh/akabab/superhero-api@0.3.0/api/images/md/638-storm.jpg', 'https://cdn.jsdelivr.net/gh/akabab/superhero-api@0.3.0/api/images/lg/638-storm.jpg');
INSERT INTO superheroes (id, name, slug, alignment, publisher) VALUES (639, 'Stormtrooper', '639-stormtrooper', 'bad', 'George Lucas');
INSERT INTO superhero_powerstats (superhero_id, intelligence, strength, speed, durability, power, combat, cost) VALUES (639, 10, 8, 8, 15, 5, 20, 11);
INSERT INTO superhero_appearance (superhero_id, gender, race, height_cm, weight_kg, eye_color, hair_color) VALUES (639, 'Male', 'Human', 183, 0, NULL, NULL);
INSERT INTO superhero_biography (superhero_id, full_name, aliases, place_of_birth, first_appearance) VALUES (639, '', '["-"]', NULL, 'Star Wars: Episode IV - A New Hope (1977)');
INSERT INTO superhero_images (superhero_id, xs_url, sm_url, md_url, lg_url) VALUES (639, 'https://cdn.jsdelivr.net/gh/akabab/superhero-api@0.3.0/api/images/xs/639-stormtrooper.jpg', 'https://cdn.jsdelivr.net/gh/akabab/superhero-api@0.3.0/api/images/sm/639-stormtrooper.jpg', 'https://cdn.jsdelivr.net/gh/akabab/superhero-api@0.3.0/api/images/md/639-stormtrooper.jpg', 'https://cdn.jsdelivr.net/gh/akabab/superhero-api@0.3.0/api/images/lg/639-stormtrooper.jpg');
INSERT INTO superheroes (id, name, slug, alignment, publisher) VALUES (640, 'Sunspot', '640-sunspot', 'good', 'Marvel Comics');
INSERT INTO superhero_powerstats (superhero_id, intelligence, strength, speed, durability, power, combat, cost) VALUES (640, 63, 63, 35, 25, 90, 70, 57);
INSERT INTO superhero_appearance (superhero_id, gender, race, height_cm, weight_kg, eye_color, hair_color) VALUES (640, 'Male', 'Mutant', 173, 77, 'brown', 'black');
INSERT INTO superhero_biography (superhero_id, full_name, aliases, place_of_birth, first_appearance) VALUES (640, 'Roberto DaCosta', '["Robert DaCosta","Bobby; Black Rook","Black King","Reignfire"]', 'Rio de Janeiro, Brazil', 'Marvel Graphic Novel #4 (October, 1982)');
INSERT INTO superhero_images (superhero_id, xs_url, sm_url, md_url, lg_url) VALUES (640, 'https://cdn.jsdelivr.net/gh/akabab/superhero-api@0.3.0/api/images/xs/640-sunspot.jpg', 'https://cdn.jsdelivr.net/gh/akabab/superhero-api@0.3.0/api/images/sm/640-sunspot.jpg', 'https://cdn.jsdelivr.net/gh/akabab/superhero-api@0.3.0/api/images/md/640-sunspot.jpg', 'https://cdn.jsdelivr.net/gh/akabab/superhero-api@0.3.0/api/images/lg/640-sunspot.jpg');
INSERT INTO superheroes (id, name, slug, alignment, publisher) VALUES (641, 'Superboy', '641-superboy', 'good', 'DC Comics');
INSERT INTO superhero_powerstats (superhero_id, intelligence, strength, speed, durability, power, combat, cost) VALUES (641, 75, 95, 83, 90, 95, 60, 83);
INSERT INTO superhero_appearance (superhero_id, gender, race, height_cm, weight_kg, eye_color, hair_color) VALUES (641, 'Male', NULL, 170, 68, 'Blue', 'Black');
INSERT INTO superhero_biography (superhero_id, full_name, aliases, place_of_birth, first_appearance) VALUES (641, 'Kon-El / Conner Kent', '["Experiment 13; Superman; Project: Superman; Carl Krummett; Project: Lionel Luthor; The Metropolis Kid","Superman"]', 'Project Cadmus cloning facility', 'Adventures of Superman #500 (June, 1993)');
INSERT INTO superhero_images (superhero_id, xs_url, sm_url, md_url, lg_url) VALUES (641, 'https://cdn.jsdelivr.net/gh/akabab/superhero-api@0.3.0/api/images/xs/641-superboy.jpg', 'https://cdn.jsdelivr.net/gh/akabab/superhero-api@0.3.0/api/images/sm/641-superboy.jpg', 'https://cdn.jsdelivr.net/gh/akabab/superhero-api@0.3.0/api/images/md/641-superboy.jpg', 'https://cdn.jsdelivr.net/gh/akabab/superhero-api@0.3.0/api/images/lg/641-superboy.jpg');
INSERT INTO superheroes (id, name, slug, alignment, publisher) VALUES (642, 'Superboy-Prime', '642-superboy-prime', 'bad', 'DC Comics');
INSERT INTO superhero_powerstats (superhero_id, intelligence, strength, speed, durability, power, combat, cost) VALUES (642, 94, 100, 100, 100, 100, 85, 96);
INSERT INTO superhero_appearance (superhero_id, gender, race, height_cm, weight_kg, eye_color, hair_color) VALUES (642, 'Male', 'Kryptonian', 180, 77, 'Blue', 'Black / Blue');
INSERT INTO superhero_biography (superhero_id, full_name, aliases, place_of_birth, first_appearance) VALUES (642, 'Kal-El', '["Superman-Prime; Prime; Superboy; Clark Kent; Clarkie; Time Trapper"]', 'Krypton (Earth-Prime)', 'DC Comics Presents #87 (November, 1985)');
INSERT INTO superhero_images (superhero_id, xs_url, sm_url, md_url, lg_url) VALUES (642, 'https://cdn.jsdelivr.net/gh/akabab/superhero-api@0.3.0/api/images/xs/642-superboy-prime.jpg', 'https://cdn.jsdelivr.net/gh/akabab/superhero-api@0.3.0/api/images/sm/642-superboy-prime.jpg', 'https://cdn.jsdelivr.net/gh/akabab/superhero-api@0.3.0/api/images/md/642-superboy-prime.jpg', 'https://cdn.jsdelivr.net/gh/akabab/superhero-api@0.3.0/api/images/lg/642-superboy-prime.jpg');
INSERT INTO superheroes (id, name, slug, alignment, publisher) VALUES (643, 'Supergirl', '643-supergirl', 'good', 'DC Comics');
INSERT INTO superhero_powerstats (superhero_id, intelligence, strength, speed, durability, power, combat, cost) VALUES (643, 94, 100, 100, 100, 100, 75, 94);
INSERT INTO superhero_appearance (superhero_id, gender, race, height_cm, weight_kg, eye_color, hair_color) VALUES (643, 'Female', 'Kryptonian', 165, 54, 'Blue', 'Blond');
INSERT INTO superhero_biography (superhero_id, full_name, aliases, place_of_birth, first_appearance) VALUES (643, 'Kara Zor-El', '["Linda Lang","Kara-El","Kara Kent","Flamebird","Trinity Child","Teen of Tomorrow","The Girl of Steel","The Maid of Might","The Princess of Power","Mighty Maid","Claire Connors","Bluebird"]', 'Argo City, Krypton', 'Superman/Batman #8 (May, 2004)');
INSERT INTO superhero_images (superhero_id, xs_url, sm_url, md_url, lg_url) VALUES (643, 'https://cdn.jsdelivr.net/gh/akabab/superhero-api@0.3.0/api/images/xs/643-supergirl.jpg', 'https://cdn.jsdelivr.net/gh/akabab/superhero-api@0.3.0/api/images/sm/643-supergirl.jpg', 'https://cdn.jsdelivr.net/gh/akabab/superhero-api@0.3.0/api/images/md/643-supergirl.jpg', 'https://cdn.jsdelivr.net/gh/akabab/superhero-api@0.3.0/api/images/lg/643-supergirl.jpg');
INSERT INTO superheroes (id, name, slug, alignment, publisher) VALUES (644, 'Superman', '644-superman', 'good', 'Superman Prime One-Million');
INSERT INTO superhero_powerstats (superhero_id, intelligence, strength, speed, durability, power, combat, cost) VALUES (644, 94, 100, 100, 100, 100, 85, 96);
INSERT INTO superhero_appearance (superhero_id, gender, race, height_cm, weight_kg, eye_color, hair_color) VALUES (644, 'Male', 'Kryptonian', 191, 101, 'Blue', 'Black');
INSERT INTO superhero_biography (superhero_id, full_name, aliases, place_of_birth, first_appearance) VALUES (644, 'Clark Kent', '["Clark Joseph Kent","The Man of Steel","the Man of Tomorrow","the Last Son of Krypton","Big Blue","the Metropolis Marvel","the Action Ace"]', 'Krypton', 'ACTION COMICS #1');
INSERT INTO superhero_images (superhero_id, xs_url, sm_url, md_url, lg_url) VALUES (644, 'https://cdn.jsdelivr.net/gh/akabab/superhero-api@0.3.0/api/images/xs/644-superman.jpg', 'https://cdn.jsdelivr.net/gh/akabab/superhero-api@0.3.0/api/images/sm/644-superman.jpg', 'https://cdn.jsdelivr.net/gh/akabab/superhero-api@0.3.0/api/images/md/644-superman.jpg', 'https://cdn.jsdelivr.net/gh/akabab/superhero-api@0.3.0/api/images/lg/644-superman.jpg');
INSERT INTO superheroes (id, name, slug, alignment, publisher) VALUES (645, 'Swamp Thing', '645-swamp-thing', 'bad', 'DC Comics');
INSERT INTO superhero_powerstats (superhero_id, intelligence, strength, speed, durability, power, combat, cost) VALUES (645, 88, 95, 25, 100, 100, 55, 77);
INSERT INTO superhero_appearance (superhero_id, gender, race, height_cm, weight_kg, eye_color, hair_color) VALUES (645, 'Male', 'God / Eternal', 0, 0, 'Red', 'No Hair');
INSERT INTO superhero_biography (superhero_id, full_name, aliases, place_of_birth, first_appearance) VALUES (645, 'Alec Holland', '["Green Man","Swampy","the Weed","Le Bon Gumbo","Smalsh-Yegger (on Rann)"]', NULL, 'Swamp Thing #1 (November, 1972)');
INSERT INTO superhero_images (superhero_id, xs_url, sm_url, md_url, lg_url) VALUES (645, 'https://cdn.jsdelivr.net/gh/akabab/superhero-api@0.3.0/api/images/xs/645-swamp-thing.jpg', 'https://cdn.jsdelivr.net/gh/akabab/superhero-api@0.3.0/api/images/sm/645-swamp-thing.jpg', 'https://cdn.jsdelivr.net/gh/akabab/superhero-api@0.3.0/api/images/md/645-swamp-thing.jpg', 'https://cdn.jsdelivr.net/gh/akabab/superhero-api@0.3.0/api/images/lg/645-swamp-thing.jpg');
INSERT INTO superheroes (id, name, slug, alignment, publisher) VALUES (646, 'Swarm', '646-swarm', 'bad', 'Marvel Comics');
INSERT INTO superhero_powerstats (superhero_id, intelligence, strength, speed, durability, power, combat, cost) VALUES (646, 75, 18, 50, 90, 38, 35, 51);
INSERT INTO superhero_appearance (superhero_id, gender, race, height_cm, weight_kg, eye_color, hair_color) VALUES (646, 'Male', 'Mutant', 196, 47, 'Yellow', 'No Hair');
INSERT INTO superhero_biography (superhero_id, full_name, aliases, place_of_birth, first_appearance) VALUES (646, 'Fritz von Meyer', '["-"]', NULL, 'Champions #14 (July, 1977)');
INSERT INTO superhero_images (superhero_id, xs_url, sm_url, md_url, lg_url) VALUES (646, 'https://cdn.jsdelivr.net/gh/akabab/superhero-api@0.3.0/api/images/xs/646-swarm.jpg', 'https://cdn.jsdelivr.net/gh/akabab/superhero-api@0.3.0/api/images/sm/646-swarm.jpg', 'https://cdn.jsdelivr.net/gh/akabab/superhero-api@0.3.0/api/images/md/646-swarm.jpg', 'https://cdn.jsdelivr.net/gh/akabab/superhero-api@0.3.0/api/images/lg/646-swarm.jpg');
INSERT INTO superheroes (id, name, slug, alignment, publisher) VALUES (647, 'Sylar', '647-sylar', 'bad', 'NBC - Heroes');
INSERT INTO superhero_powerstats (superhero_id, intelligence, strength, speed, durability, power, combat, cost) VALUES (647, 75, 10, 12, 28, 91, 56, 45);
INSERT INTO superhero_appearance (superhero_id, gender, race, height_cm, weight_kg, eye_color, hair_color) VALUES (647, 'Male', NULL, 0, 0, NULL, NULL);
INSERT INTO superhero_biography (superhero_id, full_name, aliases, place_of_birth, first_appearance) VALUES (647, 'Gabriel Gray', '["Gabriel Sylar","Drew O''Grady","Dr. Suresh","Zane Taylor","Isaac Mendez"]', NULL, NULL);
INSERT INTO superhero_images (superhero_id, xs_url, sm_url, md_url, lg_url) VALUES (647, 'https://cdn.jsdelivr.net/gh/akabab/superhero-api@0.3.0/api/images/xs/647-sylar.jpg', 'https://cdn.jsdelivr.net/gh/akabab/superhero-api@0.3.0/api/images/sm/647-sylar.jpg', 'https://cdn.jsdelivr.net/gh/akabab/superhero-api@0.3.0/api/images/md/647-sylar.jpg', 'https://cdn.jsdelivr.net/gh/akabab/superhero-api@0.3.0/api/images/lg/647-sylar.jpg');
INSERT INTO superheroes (id, name, slug, alignment, publisher) VALUES (648, 'Synch', '648-synch', 'good', 'Marvel Comics');
INSERT INTO superhero_powerstats (superhero_id, intelligence, strength, speed, durability, power, combat, cost) VALUES (648, 75, 67, 23, 28, 74, 56, 53);
INSERT INTO superhero_appearance (superhero_id, gender, race, height_cm, weight_kg, eye_color, hair_color) VALUES (648, 'Male', NULL, 180, 74, 'Brown', 'Black');
INSERT INTO superhero_biography (superhero_id, full_name, aliases, place_of_birth, first_appearance) VALUES (648, 'Everett Thomas', '["-"]', NULL, 'X-Men #36 (1994)');
INSERT INTO superhero_images (superhero_id, xs_url, sm_url, md_url, lg_url) VALUES (648, 'https://cdn.jsdelivr.net/gh/akabab/superhero-api@0.3.0/api/images/xs/648-synch.jpg', 'https://cdn.jsdelivr.net/gh/akabab/superhero-api@0.3.0/api/images/sm/648-synch.jpg', 'https://cdn.jsdelivr.net/gh/akabab/superhero-api@0.3.0/api/images/md/648-synch.jpg', 'https://cdn.jsdelivr.net/gh/akabab/superhero-api@0.3.0/api/images/lg/648-synch.jpg');
INSERT INTO superheroes (id, name, slug, alignment, publisher) VALUES (649, 'T-1000', '649-t-1000', 'bad', 'Dark Horse Comics');
INSERT INTO superhero_powerstats (superhero_id, intelligence, strength, speed, durability, power, combat, cost) VALUES (649, 75, 34, 33, 100, 100, 75, 69);
INSERT INTO superhero_appearance (superhero_id, gender, race, height_cm, weight_kg, eye_color, hair_color) VALUES (649, 'Male', 'Android', 183, 146, NULL, NULL);
INSERT INTO superhero_biography (superhero_id, full_name, aliases, place_of_birth, first_appearance) VALUES (649, 'Cyberdyne Systems Series 1000 Terminator', '["T-1001","T-1002"]', NULL, 'Terminator 2: Judgment Day');
INSERT INTO superhero_images (superhero_id, xs_url, sm_url, md_url, lg_url) VALUES (649, 'https://cdn.jsdelivr.net/gh/akabab/superhero-api@0.3.0/api/images/xs/649-t-1000.jpg', 'https://cdn.jsdelivr.net/gh/akabab/superhero-api@0.3.0/api/images/sm/649-t-1000.jpg', 'https://cdn.jsdelivr.net/gh/akabab/superhero-api@0.3.0/api/images/md/649-t-1000.jpg', 'https://cdn.jsdelivr.net/gh/akabab/superhero-api@0.3.0/api/images/lg/649-t-1000.jpg');
INSERT INTO superheroes (id, name, slug, alignment, publisher) VALUES (650, 'T-800', '650-t-800', 'bad', 'Dark Horse Comics');
INSERT INTO superhero_powerstats (superhero_id, intelligence, strength, speed, durability, power, combat, cost) VALUES (650, 75, 34, 17, 60, 73, 65, 54);
INSERT INTO superhero_appearance (superhero_id, gender, race, height_cm, weight_kg, eye_color, hair_color) VALUES (650, 'Male', 'Cyborg', 0, 176, 'Red', NULL);
INSERT INTO superhero_biography (superhero_id, full_name, aliases, place_of_birth, first_appearance) VALUES (650, 'Cyberdyne Systems Series 800 Terminator Model 101', '["Terminator"]', NULL, 'The Terminator (1984)');
INSERT INTO superhero_images (superhero_id, xs_url, sm_url, md_url, lg_url) VALUES (650, 'https://cdn.jsdelivr.net/gh/akabab/superhero-api@0.3.0/api/images/xs/650-t-800.jpg', 'https://cdn.jsdelivr.net/gh/akabab/superhero-api@0.3.0/api/images/sm/650-t-800.jpg', 'https://cdn.jsdelivr.net/gh/akabab/superhero-api@0.3.0/api/images/md/650-t-800.jpg', 'https://cdn.jsdelivr.net/gh/akabab/superhero-api@0.3.0/api/images/lg/650-t-800.jpg');
INSERT INTO superheroes (id, name, slug, alignment, publisher) VALUES (651, 'T-850', '651-t-850', 'bad', 'Dark Horse Comics');
INSERT INTO superhero_powerstats (superhero_id, intelligence, strength, speed, durability, power, combat, cost) VALUES (651, 75, 80, 25, 90, 83, 75, 71);
INSERT INTO superhero_appearance (superhero_id, gender, race, height_cm, weight_kg, eye_color, hair_color) VALUES (651, 'Male', 'Cyborg', 0, 198, 'Red', NULL);
INSERT INTO superhero_biography (superhero_id, full_name, aliases, place_of_birth, first_appearance) VALUES (651, 'Cyberdyne Systems Series 850 Terminator', '["Terminator"]', NULL, 'Terminator 3: Rise of the Machines (2003)');
INSERT INTO superhero_images (superhero_id, xs_url, sm_url, md_url, lg_url) VALUES (651, 'https://cdn.jsdelivr.net/gh/akabab/superhero-api@0.3.0/api/images/xs/651-t-850.jpg', 'https://cdn.jsdelivr.net/gh/akabab/superhero-api@0.3.0/api/images/sm/651-t-850.jpg', 'https://cdn.jsdelivr.net/gh/akabab/superhero-api@0.3.0/api/images/md/651-t-850.jpg', 'https://cdn.jsdelivr.net/gh/akabab/superhero-api@0.3.0/api/images/lg/651-t-850.jpg');
INSERT INTO superheroes (id, name, slug, alignment, publisher) VALUES (652, 'T-X', '652-t-x', 'bad', 'Dark Horse Comics');
INSERT INTO superhero_powerstats (superhero_id, intelligence, strength, speed, durability, power, combat, cost) VALUES (652, 75, 63, 29, 85, 100, 80, 72);
INSERT INTO superhero_appearance (superhero_id, gender, race, height_cm, weight_kg, eye_color, hair_color) VALUES (652, 'Female', 'Cyborg', 0, 149, NULL, NULL);
INSERT INTO superhero_biography (superhero_id, full_name, aliases, place_of_birth, first_appearance) VALUES (652, 'Cyberdyne Systems Series X Terminator', '["-"]', NULL, NULL);
INSERT INTO superhero_images (superhero_id, xs_url, sm_url, md_url, lg_url) VALUES (652, 'https://cdn.jsdelivr.net/gh/akabab/superhero-api@0.3.0/api/images/xs/652-t-x.jpg', 'https://cdn.jsdelivr.net/gh/akabab/superhero-api@0.3.0/api/images/sm/652-t-x.jpg', 'https://cdn.jsdelivr.net/gh/akabab/superhero-api@0.3.0/api/images/md/652-t-x.jpg', 'https://cdn.jsdelivr.net/gh/akabab/superhero-api@0.3.0/api/images/lg/652-t-x.jpg');
INSERT INTO superheroes (id, name, slug, alignment, publisher) VALUES (653, 'Taskmaster', '653-taskmaster', 'bad', 'Marvel Comics');
INSERT INTO superhero_powerstats (superhero_id, intelligence, strength, speed, durability, power, combat, cost) VALUES (653, 75, 12, 50, 20, 63, 100, 53);
INSERT INTO superhero_appearance (superhero_id, gender, race, height_cm, weight_kg, eye_color, hair_color) VALUES (653, 'Male', 'Human', 188, 99, 'Brown', 'Brown');
INSERT INTO superhero_biography (superhero_id, full_name, aliases, place_of_birth, first_appearance) VALUES (653, 'Tony Masters', '["-"]', NULL, 'Avengers #195');
INSERT INTO superhero_images (superhero_id, xs_url, sm_url, md_url, lg_url) VALUES (653, 'https://cdn.jsdelivr.net/gh/akabab/superhero-api@0.3.0/api/images/xs/653-taskmaster.jpg', 'https://cdn.jsdelivr.net/gh/akabab/superhero-api@0.3.0/api/images/sm/653-taskmaster.jpg', 'https://cdn.jsdelivr.net/gh/akabab/superhero-api@0.3.0/api/images/md/653-taskmaster.jpg', 'https://cdn.jsdelivr.net/gh/akabab/superhero-api@0.3.0/api/images/lg/653-taskmaster.jpg');
INSERT INTO superheroes (id, name, slug, alignment, publisher) VALUES (654, 'Tempest', '654-tempest', 'good', 'Angel Salvadore');
INSERT INTO superhero_powerstats (superhero_id, intelligence, strength, speed, durability, power, combat, cost) VALUES (654, 38, 10, 45, 28, 66, 60, 41);
INSERT INTO superhero_appearance (superhero_id, gender, race, height_cm, weight_kg, eye_color, hair_color) VALUES (654, 'Female', NULL, 163, 54, 'Brown', 'Black');
INSERT INTO superhero_biography (superhero_id, full_name, aliases, place_of_birth, first_appearance) VALUES (654, 'Angel Salvadore Bohusk', '["-"]', NULL, 'New X-Men #118 (November, 2001)');
INSERT INTO superhero_images (superhero_id, xs_url, sm_url, md_url, lg_url) VALUES (654, 'https://cdn.jsdelivr.net/gh/akabab/superhero-api@0.3.0/api/images/xs/654-tempest.jpg', 'https://cdn.jsdelivr.net/gh/akabab/superhero-api@0.3.0/api/images/sm/654-tempest.jpg', 'https://cdn.jsdelivr.net/gh/akabab/superhero-api@0.3.0/api/images/md/654-tempest.jpg', 'https://cdn.jsdelivr.net/gh/akabab/superhero-api@0.3.0/api/images/lg/654-tempest.jpg');
INSERT INTO superheroes (id, name, slug, alignment, publisher) VALUES (655, 'Thanos', '655-thanos', 'bad', 'Marvel Comics');
INSERT INTO superhero_powerstats (superhero_id, intelligence, strength, speed, durability, power, combat, cost) VALUES (655, 100, 100, 33, 100, 100, 80, 85);
INSERT INTO superhero_appearance (superhero_id, gender, race, height_cm, weight_kg, eye_color, hair_color) VALUES (655, 'Male', 'Eternal', 201, 443, 'Red', 'No Hair');
INSERT INTO superhero_biography (superhero_id, full_name, aliases, place_of_birth, first_appearance) VALUES (655, 'Thanos', '["The Mad Titan","Masterlord","The Overmaster","Chins"]', 'Titan', 'Iron Man #55');
INSERT INTO superhero_images (superhero_id, xs_url, sm_url, md_url, lg_url) VALUES (655, 'https://cdn.jsdelivr.net/gh/akabab/superhero-api@0.3.0/api/images/xs/655-thanos.jpg', 'https://cdn.jsdelivr.net/gh/akabab/superhero-api@0.3.0/api/images/sm/655-thanos.jpg', 'https://cdn.jsdelivr.net/gh/akabab/superhero-api@0.3.0/api/images/md/655-thanos.jpg', 'https://cdn.jsdelivr.net/gh/akabab/superhero-api@0.3.0/api/images/lg/655-thanos.jpg');
INSERT INTO superheroes (id, name, slug, alignment, publisher) VALUES (656, 'The Cape', '656-the-cape', 'good', NULL);
INSERT INTO superhero_powerstats (superhero_id, intelligence, strength, speed, durability, power, combat, cost) VALUES (656, 38, 10, 23, 32, 22, 64, 31);
INSERT INTO superhero_appearance (superhero_id, gender, race, height_cm, weight_kg, eye_color, hair_color) VALUES (656, 'Male', NULL, 0, 0, NULL, NULL);
INSERT INTO superhero_biography (superhero_id, full_name, aliases, place_of_birth, first_appearance) VALUES (656, 'Vince Faraday', '["Cape"]', NULL, 'The Cape S01E01 (2011)');
INSERT INTO superhero_images (superhero_id, xs_url, sm_url, md_url, lg_url) VALUES (656, 'https://cdn.jsdelivr.net/gh/akabab/superhero-api@0.3.0/api/images/xs/656-the-cape.jpg', 'https://cdn.jsdelivr.net/gh/akabab/superhero-api@0.3.0/api/images/sm/656-the-cape.jpg', 'https://cdn.jsdelivr.net/gh/akabab/superhero-api@0.3.0/api/images/md/656-the-cape.jpg', 'https://cdn.jsdelivr.net/gh/akabab/superhero-api@0.3.0/api/images/lg/656-the-cape.jpg');
INSERT INTO superheroes (id, name, slug, alignment, publisher) VALUES (657, 'The Comedian', '657-the-comedian', 'neutral', 'DC Comics');
INSERT INTO superhero_powerstats (superhero_id, intelligence, strength, speed, durability, power, combat, cost) VALUES (657, 63, 14, 17, 10, 12, 80, 32);
INSERT INTO superhero_appearance (superhero_id, gender, race, height_cm, weight_kg, eye_color, hair_color) VALUES (657, 'Male', 'Human', 188, 101, 'Brown', 'Black');
INSERT INTO superhero_biography (superhero_id, full_name, aliases, place_of_birth, first_appearance) VALUES (657, 'Edward Morgen Blake', '["Eddie Blake"]', NULL, 'Watchmen #1 (September, 1986)');
INSERT INTO superhero_images (superhero_id, xs_url, sm_url, md_url, lg_url) VALUES (657, 'https://cdn.jsdelivr.net/gh/akabab/superhero-api@0.3.0/api/images/xs/657-the-comedian.jpg', 'https://cdn.jsdelivr.net/gh/akabab/superhero-api@0.3.0/api/images/sm/657-the-comedian.jpg', 'https://cdn.jsdelivr.net/gh/akabab/superhero-api@0.3.0/api/images/md/657-the-comedian.jpg', 'https://cdn.jsdelivr.net/gh/akabab/superhero-api@0.3.0/api/images/lg/657-the-comedian.jpg');
INSERT INTO superheroes (id, name, slug, alignment, publisher) VALUES (658, 'Thing', '658-thing', 'good', 'Marvel Comics');
INSERT INTO superhero_powerstats (superhero_id, intelligence, strength, speed, durability, power, combat, cost) VALUES (658, 75, 84, 21, 100, 38, 80, 66);
INSERT INTO superhero_appearance (superhero_id, gender, race, height_cm, weight_kg, eye_color, hair_color) VALUES (658, 'Male', 'Human / Radiation', 183, 225, 'Blue', 'No Hair');
INSERT INTO superhero_biography (superhero_id, full_name, aliases, place_of_birth, first_appearance) VALUES (658, 'Ben Grimm', '["Blackbeard the Pirate","Grim Ben","Dr. Josiah Verpoorteen"]', 'New York City, New York', 'Fantastic Four #1 (November, 1961)');
INSERT INTO superhero_images (superhero_id, xs_url, sm_url, md_url, lg_url) VALUES (658, 'https://cdn.jsdelivr.net/gh/akabab/superhero-api@0.3.0/api/images/xs/658-thing.jpg', 'https://cdn.jsdelivr.net/gh/akabab/superhero-api@0.3.0/api/images/sm/658-thing.jpg', 'https://cdn.jsdelivr.net/gh/akabab/superhero-api@0.3.0/api/images/md/658-thing.jpg', 'https://cdn.jsdelivr.net/gh/akabab/superhero-api@0.3.0/api/images/lg/658-thing.jpg');
INSERT INTO superheroes (id, name, slug, alignment, publisher) VALUES (659, 'Thor', '659-thor', 'good', 'Rune King Thor');
INSERT INTO superhero_powerstats (superhero_id, intelligence, strength, speed, durability, power, combat, cost) VALUES (659, 69, 100, 83, 100, 100, 100, 92);
INSERT INTO superhero_appearance (superhero_id, gender, race, height_cm, weight_kg, eye_color, hair_color) VALUES (659, 'Male', 'Asgardian', 198, 288, 'Blue', 'Blond');
INSERT INTO superhero_biography (superhero_id, full_name, aliases, place_of_birth, first_appearance) VALUES (659, 'Thor Odinson', '["Donald Blake","Sigurd Jarlson","Jake Olsen","Donar the Mighty"]', 'Asgard', 'Journey into Mystery #83 (August, 1962)');
INSERT INTO superhero_images (superhero_id, xs_url, sm_url, md_url, lg_url) VALUES (659, 'https://cdn.jsdelivr.net/gh/akabab/superhero-api@0.3.0/api/images/xs/659-thor.jpg', 'https://cdn.jsdelivr.net/gh/akabab/superhero-api@0.3.0/api/images/sm/659-thor.jpg', 'https://cdn.jsdelivr.net/gh/akabab/superhero-api@0.3.0/api/images/md/659-thor.jpg', 'https://cdn.jsdelivr.net/gh/akabab/superhero-api@0.3.0/api/images/lg/659-thor.jpg');
INSERT INTO superheroes (id, name, slug, alignment, publisher) VALUES (660, 'Thor Girl', '660-thor-girl', 'good', 'Marvel Comics');
INSERT INTO superhero_powerstats (superhero_id, intelligence, strength, speed, durability, power, combat, cost) VALUES (660, 75, 83, 70, 84, 100, 70, 80);
INSERT INTO superhero_appearance (superhero_id, gender, race, height_cm, weight_kg, eye_color, hair_color) VALUES (660, 'Female', 'Asgardian', 175, 143, 'Blue', 'Blond');
INSERT INTO superhero_biography (superhero_id, full_name, aliases, place_of_birth, first_appearance) VALUES (660, 'Tarene', '["Asgard Lass","the Designate","the Destroyer","Hammerette","Hammer Girl","Hammer Lass","Tara Olson","Spirit of the Jewel","the Supreme","Thoreta","Thorita","Thor Lass"]', NULL, 'Thor, Volume 2, #22; (as Thor Girl) Thor, Volume 2, #33');
INSERT INTO superhero_images (superhero_id, xs_url, sm_url, md_url, lg_url) VALUES (660, 'https://cdn.jsdelivr.net/gh/akabab/superhero-api@0.3.0/api/images/xs/660-thor-girl.jpg', 'https://cdn.jsdelivr.net/gh/akabab/superhero-api@0.3.0/api/images/sm/660-thor-girl.jpg', 'https://cdn.jsdelivr.net/gh/akabab/superhero-api@0.3.0/api/images/md/660-thor-girl.jpg', 'https://cdn.jsdelivr.net/gh/akabab/superhero-api@0.3.0/api/images/lg/660-thor-girl.jpg');
INSERT INTO superheroes (id, name, slug, alignment, publisher) VALUES (661, 'Thunderbird', '661-thunderbird', 'good', 'Marvel Comics');
INSERT INTO superhero_powerstats (superhero_id, intelligence, strength, speed, durability, power, combat, cost) VALUES (661, 50, 32, 27, 32, 13, 70, 37);
INSERT INTO superhero_appearance (superhero_id, gender, race, height_cm, weight_kg, eye_color, hair_color) VALUES (661, 'Male', NULL, 185, 101, 'Brown', 'Black');
INSERT INTO superhero_biography (superhero_id, full_name, aliases, place_of_birth, first_appearance) VALUES (661, 'John Proudstar', '["-"]', 'Camp Verde, Arizona', 'Giant-Size X-Men #1 (1975)');
INSERT INTO superhero_images (superhero_id, xs_url, sm_url, md_url, lg_url) VALUES (661, 'https://cdn.jsdelivr.net/gh/akabab/superhero-api@0.3.0/api/images/xs/661-thunderbird.jpg', 'https://cdn.jsdelivr.net/gh/akabab/superhero-api@0.3.0/api/images/sm/661-thunderbird.jpg', 'https://cdn.jsdelivr.net/gh/akabab/superhero-api@0.3.0/api/images/md/661-thunderbird.jpg', 'https://cdn.jsdelivr.net/gh/akabab/superhero-api@0.3.0/api/images/lg/661-thunderbird.jpg');
INSERT INTO superheroes (id, name, slug, alignment, publisher) VALUES (664, 'Thunderstrike', '664-thunderstrike', 'good', 'Marvel Comics');
INSERT INTO superhero_powerstats (superhero_id, intelligence, strength, speed, durability, power, combat, cost) VALUES (664, 63, 80, 70, 84, 42, 72, 68);
INSERT INTO superhero_appearance (superhero_id, gender, race, height_cm, weight_kg, eye_color, hair_color) VALUES (664, 'Male', NULL, 198, 288, 'Blue', 'Blond');
INSERT INTO superhero_biography (superhero_id, full_name, aliases, place_of_birth, first_appearance) VALUES (664, 'Eric Kevin Masterson', '["Thor"]', NULL, '(as Masterson) Thor #391; (as Thor) Thor #432; (as Thunderstrike) Thunderstrike #1');
INSERT INTO superhero_images (superhero_id, xs_url, sm_url, md_url, lg_url) VALUES (664, 'https://cdn.jsdelivr.net/gh/akabab/superhero-api@0.3.0/api/images/xs/664-thunderstrike.jpg', 'https://cdn.jsdelivr.net/gh/akabab/superhero-api@0.3.0/api/images/sm/664-thunderstrike.jpg', 'https://cdn.jsdelivr.net/gh/akabab/superhero-api@0.3.0/api/images/md/664-thunderstrike.jpg', 'https://cdn.jsdelivr.net/gh/akabab/superhero-api@0.3.0/api/images/lg/664-thunderstrike.jpg');
INSERT INTO superheroes (id, name, slug, alignment, publisher) VALUES (665, 'Thundra', '665-thundra', 'good', 'Marvel Comics');
INSERT INTO superhero_powerstats (superhero_id, intelligence, strength, speed, durability, power, combat, cost) VALUES (665, 38, 81, 32, 64, 26, 54, 49);
INSERT INTO superhero_appearance (superhero_id, gender, race, height_cm, weight_kg, eye_color, hair_color) VALUES (665, 'Female', NULL, 218, 158, 'Green', 'Red');
INSERT INTO superhero_biography (superhero_id, full_name, aliases, place_of_birth, first_appearance) VALUES (665, 'Thundra', '["-"]', NULL, 'Fantastic Four #129 (December, 1972)');
INSERT INTO superhero_images (superhero_id, xs_url, sm_url, md_url, lg_url) VALUES (665, 'https://cdn.jsdelivr.net/gh/akabab/superhero-api@0.3.0/api/images/xs/665-thundra.jpg', 'https://cdn.jsdelivr.net/gh/akabab/superhero-api@0.3.0/api/images/sm/665-thundra.jpg', 'https://cdn.jsdelivr.net/gh/akabab/superhero-api@0.3.0/api/images/md/665-thundra.jpg', 'https://cdn.jsdelivr.net/gh/akabab/superhero-api@0.3.0/api/images/lg/665-thundra.jpg');
INSERT INTO superheroes (id, name, slug, alignment, publisher) VALUES (666, 'Tiger Shark', '666-tiger-shark', 'bad', 'Marvel Comics');
INSERT INTO superhero_powerstats (superhero_id, intelligence, strength, speed, durability, power, combat, cost) VALUES (666, 38, 72, 46, 70, 51, 28, 50);
INSERT INTO superhero_appearance (superhero_id, gender, race, height_cm, weight_kg, eye_color, hair_color) VALUES (666, 'Male', 'Human', 185, 203, 'Grey', 'No Hair');
INSERT INTO superhero_biography (superhero_id, full_name, aliases, place_of_birth, first_appearance) VALUES (666, 'Todd Arliss', '["Arlys Tigershark"]', 'Pasadena, California', 'Sub-Mariner #5 (September, 1968)');
INSERT INTO superhero_images (superhero_id, xs_url, sm_url, md_url, lg_url) VALUES (666, 'https://cdn.jsdelivr.net/gh/akabab/superhero-api@0.3.0/api/images/xs/666-tiger-shark.jpg', 'https://cdn.jsdelivr.net/gh/akabab/superhero-api@0.3.0/api/images/sm/666-tiger-shark.jpg', 'https://cdn.jsdelivr.net/gh/akabab/superhero-api@0.3.0/api/images/md/666-tiger-shark.jpg', 'https://cdn.jsdelivr.net/gh/akabab/superhero-api@0.3.0/api/images/lg/666-tiger-shark.jpg');
INSERT INTO superheroes (id, name, slug, alignment, publisher) VALUES (667, 'Tigra', '667-tigra', 'good', 'Marvel Comics');
INSERT INTO superhero_powerstats (superhero_id, intelligence, strength, speed, durability, power, combat, cost) VALUES (667, 63, 32, 53, 38, 33, 90, 51);
INSERT INTO superhero_appearance (superhero_id, gender, race, height_cm, weight_kg, eye_color, hair_color) VALUES (667, 'Female', NULL, 178, 81, 'Green', 'Auburn');
INSERT INTO superhero_biography (superhero_id, full_name, aliases, place_of_birth, first_appearance) VALUES (667, 'Greer Grant Nelson', '["The Cat","Greer Sorenson"]', 'Presumably Chicago Illinois USA', 'The Cat #1');
INSERT INTO superhero_images (superhero_id, xs_url, sm_url, md_url, lg_url) VALUES (667, 'https://cdn.jsdelivr.net/gh/akabab/superhero-api@0.3.0/api/images/xs/667-tigra.jpg', 'https://cdn.jsdelivr.net/gh/akabab/superhero-api@0.3.0/api/images/sm/667-tigra.jpg', 'https://cdn.jsdelivr.net/gh/akabab/superhero-api@0.3.0/api/images/md/667-tigra.jpg', 'https://cdn.jsdelivr.net/gh/akabab/superhero-api@0.3.0/api/images/lg/667-tigra.jpg');
INSERT INTO superheroes (id, name, slug, alignment, publisher) VALUES (668, 'Tinkerer', '668-tinkerer', 'bad', 'Marvel Comics');
INSERT INTO superhero_powerstats (superhero_id, intelligence, strength, speed, durability, power, combat, cost) VALUES (668, 100, 10, 23, 14, 10, 14, 28);
INSERT INTO superhero_appearance (superhero_id, gender, race, height_cm, weight_kg, eye_color, hair_color) VALUES (668, 'Male', NULL, 163, 54, 'Brown', 'White');
INSERT INTO superhero_biography (superhero_id, full_name, aliases, place_of_birth, first_appearance) VALUES (668, 'Phineas Mason', '["-"]', NULL, 'Amazing Spider-Man #2 (1963)');
INSERT INTO superhero_images (superhero_id, xs_url, sm_url, md_url, lg_url) VALUES (668, 'https://cdn.jsdelivr.net/gh/akabab/superhero-api@0.3.0/api/images/xs/668-tinkerer.jpg', 'https://cdn.jsdelivr.net/gh/akabab/superhero-api@0.3.0/api/images/sm/668-tinkerer.jpg', 'https://cdn.jsdelivr.net/gh/akabab/superhero-api@0.3.0/api/images/md/668-tinkerer.jpg', 'https://cdn.jsdelivr.net/gh/akabab/superhero-api@0.3.0/api/images/lg/668-tinkerer.jpg');
INSERT INTO superheroes (id, name, slug, alignment, publisher) VALUES (670, 'Toad', '670-toad', 'neutral', 'Marvel Comics');
INSERT INTO superhero_powerstats (superhero_id, intelligence, strength, speed, durability, power, combat, cost) VALUES (670, 50, 34, 58, 56, 70, 28, 49);
INSERT INTO superhero_appearance (superhero_id, gender, race, height_cm, weight_kg, eye_color, hair_color) VALUES (670, 'Male', 'Mutant', 175, 76, 'Black', 'Brown');
INSERT INTO superhero_biography (superhero_id, full_name, aliases, place_of_birth, first_appearance) VALUES (670, 'Mortimer Toynbee', '["The Terrible Toad-King"]', 'York, England', 'X-Men #4 (March, 1964)');
INSERT INTO superhero_images (superhero_id, xs_url, sm_url, md_url, lg_url) VALUES (670, 'https://cdn.jsdelivr.net/gh/akabab/superhero-api@0.3.0/api/images/xs/670-toad.jpg', 'https://cdn.jsdelivr.net/gh/akabab/superhero-api@0.3.0/api/images/sm/670-toad.jpg', 'https://cdn.jsdelivr.net/gh/akabab/superhero-api@0.3.0/api/images/md/670-toad.jpg', 'https://cdn.jsdelivr.net/gh/akabab/superhero-api@0.3.0/api/images/lg/670-toad.jpg');
INSERT INTO superheroes (id, name, slug, alignment, publisher) VALUES (671, 'Toxin', '671-toxin', 'good', 'Marvel Comics');
INSERT INTO superhero_powerstats (superhero_id, intelligence, strength, speed, durability, power, combat, cost) VALUES (671, 56, 73, 70, 84, 82, 70, 72);
INSERT INTO superhero_appearance (superhero_id, gender, race, height_cm, weight_kg, eye_color, hair_color) VALUES (671, 'Male', 'Symbiote', 188, 97, 'Blue', 'Brown');
INSERT INTO superhero_biography (superhero_id, full_name, aliases, place_of_birth, first_appearance) VALUES (671, 'Patrick Mulligan', '["Larry"]', 'New York City', 'Venom vs. Carnage #1 (2004)');
INSERT INTO superhero_images (superhero_id, xs_url, sm_url, md_url, lg_url) VALUES (671, 'https://cdn.jsdelivr.net/gh/akabab/superhero-api@0.3.0/api/images/xs/671-toxin.jpg', 'https://cdn.jsdelivr.net/gh/akabab/superhero-api@0.3.0/api/images/sm/671-toxin.jpg', 'https://cdn.jsdelivr.net/gh/akabab/superhero-api@0.3.0/api/images/md/671-toxin.jpg', 'https://cdn.jsdelivr.net/gh/akabab/superhero-api@0.3.0/api/images/lg/671-toxin.jpg');
INSERT INTO superheroes (id, name, slug, alignment, publisher) VALUES (672, 'Toxin', '672-toxin', 'good', 'Anti-Venom');
INSERT INTO superhero_powerstats (superhero_id, intelligence, strength, speed, durability, power, combat, cost) VALUES (672, 75, 80, 42, 85, 97, 70, 74);
INSERT INTO superhero_appearance (superhero_id, gender, race, height_cm, weight_kg, eye_color, hair_color) VALUES (672, 'Male', 'Symbiote', 191, 117, 'Black', 'Blond');
INSERT INTO superhero_biography (superhero_id, full_name, aliases, place_of_birth, first_appearance) VALUES (672, 'Eddie Brock', '["Eddie","Sister Edwina","\"Ed\"","Edwin Brock","Venom","Lethal Protector","998th","Anti-Venom","White Venom"]', 'San Francisco, California', 'Venom Vol 2 #17');
INSERT INTO superhero_images (superhero_id, xs_url, sm_url, md_url, lg_url) VALUES (672, 'https://cdn.jsdelivr.net/gh/akabab/superhero-api@0.3.0/api/images/xs/672-toxin.jpg', 'https://cdn.jsdelivr.net/gh/akabab/superhero-api@0.3.0/api/images/sm/672-toxin.jpg', 'https://cdn.jsdelivr.net/gh/akabab/superhero-api@0.3.0/api/images/md/672-toxin.jpg', 'https://cdn.jsdelivr.net/gh/akabab/superhero-api@0.3.0/api/images/lg/672-toxin.jpg');
INSERT INTO superheroes (id, name, slug, alignment, publisher) VALUES (676, 'Triplicate Girl', '676-triplicate-girl', 'good', 'DC Comics');
INSERT INTO superhero_powerstats (superhero_id, intelligence, strength, speed, durability, power, combat, cost) VALUES (676, 63, 10, 23, 42, 44, 42, 37);
INSERT INTO superhero_appearance (superhero_id, gender, race, height_cm, weight_kg, eye_color, hair_color) VALUES (676, 'Female', NULL, 168, 59, 'Purple', 'Brown');
INSERT INTO superhero_biography (superhero_id, full_name, aliases, place_of_birth, first_appearance) VALUES (676, 'Luornu Durgo', '["Duo Damsel","Una","Triad"]', NULL, 'Teen Titans/Legion Special #1');
INSERT INTO superhero_images (superhero_id, xs_url, sm_url, md_url, lg_url) VALUES (676, 'https://cdn.jsdelivr.net/gh/akabab/superhero-api@0.3.0/api/images/xs/676-triplicate-girl.jpg', 'https://cdn.jsdelivr.net/gh/akabab/superhero-api@0.3.0/api/images/sm/676-triplicate-girl.jpg', 'https://cdn.jsdelivr.net/gh/akabab/superhero-api@0.3.0/api/images/md/676-triplicate-girl.jpg', 'https://cdn.jsdelivr.net/gh/akabab/superhero-api@0.3.0/api/images/lg/676-triplicate-girl.jpg');
INSERT INTO superheroes (id, name, slug, alignment, publisher) VALUES (677, 'Triton', '677-triton', 'good', 'Marvel Comics');
INSERT INTO superhero_powerstats (superhero_id, intelligence, strength, speed, durability, power, combat, cost) VALUES (677, 56, 63, 50, 65, 35, 55, 54);
INSERT INTO superhero_appearance (superhero_id, gender, race, height_cm, weight_kg, eye_color, hair_color) VALUES (677, 'Male', 'Inhuman', 188, 86, 'Green', 'No Hair');
INSERT INTO superhero_biography (superhero_id, full_name, aliases, place_of_birth, first_appearance) VALUES (677, 'Triton', '["-"]', 'Island of Attilan, Atlantic Ocean', 'Fantastic Four #45 (December, 1965)');
INSERT INTO superhero_images (superhero_id, xs_url, sm_url, md_url, lg_url) VALUES (677, 'https://cdn.jsdelivr.net/gh/akabab/superhero-api@0.3.0/api/images/xs/677-triton.jpg', 'https://cdn.jsdelivr.net/gh/akabab/superhero-api@0.3.0/api/images/sm/677-triton.jpg', 'https://cdn.jsdelivr.net/gh/akabab/superhero-api@0.3.0/api/images/md/677-triton.jpg', 'https://cdn.jsdelivr.net/gh/akabab/superhero-api@0.3.0/api/images/lg/677-triton.jpg');
INSERT INTO superheroes (id, name, slug, alignment, publisher) VALUES (678, 'Two-Face', '678-two-face', 'bad', 'DC Comics');
INSERT INTO superhero_powerstats (superhero_id, intelligence, strength, speed, durability, power, combat, cost) VALUES (678, 88, 10, 12, 14, 9, 28, 26);
INSERT INTO superhero_appearance (superhero_id, gender, race, height_cm, weight_kg, eye_color, hair_color) VALUES (678, 'Male', NULL, 183, 82, NULL, NULL);
INSERT INTO superhero_biography (superhero_id, full_name, aliases, place_of_birth, first_appearance) VALUES (678, 'Harvey Dent', '["Apollo"]', NULL, NULL);
INSERT INTO superhero_images (superhero_id, xs_url, sm_url, md_url, lg_url) VALUES (678, 'https://cdn.jsdelivr.net/gh/akabab/superhero-api@0.3.0/api/images/xs/678-two-face.jpg', 'https://cdn.jsdelivr.net/gh/akabab/superhero-api@0.3.0/api/images/sm/678-two-face.jpg', 'https://cdn.jsdelivr.net/gh/akabab/superhero-api@0.3.0/api/images/md/678-two-face.jpg', 'https://cdn.jsdelivr.net/gh/akabab/superhero-api@0.3.0/api/images/lg/678-two-face.jpg');
INSERT INTO superheroes (id, name, slug, alignment, publisher) VALUES (679, 'Ultragirl', '679-ultragirl', 'good', 'Marvel Comics');
INSERT INTO superhero_powerstats (superhero_id, intelligence, strength, speed, durability, power, combat, cost) VALUES (679, 50, 80, 35, 70, 35, 80, 58);
INSERT INTO superhero_appearance (superhero_id, gender, race, height_cm, weight_kg, eye_color, hair_color) VALUES (679, 'Female', NULL, 168, 105, 'Blue', 'Blond');
INSERT INTO superhero_biography (superhero_id, full_name, aliases, place_of_birth, first_appearance) VALUES (679, 'Tsu-Zana', '["Suzy Sherman","Ultra-Girl"]', NULL, NULL);
INSERT INTO superhero_images (superhero_id, xs_url, sm_url, md_url, lg_url) VALUES (679, 'https://cdn.jsdelivr.net/gh/akabab/superhero-api@0.3.0/api/images/xs/679-ultragirl.jpg', 'https://cdn.jsdelivr.net/gh/akabab/superhero-api@0.3.0/api/images/sm/679-ultragirl.jpg', 'https://cdn.jsdelivr.net/gh/akabab/superhero-api@0.3.0/api/images/md/679-ultragirl.jpg', 'https://cdn.jsdelivr.net/gh/akabab/superhero-api@0.3.0/api/images/lg/679-ultragirl.jpg');
INSERT INTO superheroes (id, name, slug, alignment, publisher) VALUES (680, 'Ultron', '680-ultron', 'bad', 'Marvel Comics');
INSERT INTO superhero_powerstats (superhero_id, intelligence, strength, speed, durability, power, combat, cost) VALUES (680, 88, 83, 42, 100, 100, 64, 79);
INSERT INTO superhero_appearance (superhero_id, gender, race, height_cm, weight_kg, eye_color, hair_color) VALUES (680, 'Male', 'Android', 206, 331, 'Red', NULL);
INSERT INTO superhero_biography (superhero_id, full_name, aliases, place_of_birth, first_appearance) VALUES (680, 'Ultron', '["Crimson Cowl","Great Devil","Great Ultron","Iron Man","Mark","Omega","Ultimate Ultron","Ultron-5 (and hundreds of other sequential numerical designations)","Ultron Mark Twelve","Ho Yinsen"]', 'Created in Cresskill, New Jersey', 'Avengers #54 (July, 1968)');
INSERT INTO superhero_images (superhero_id, xs_url, sm_url, md_url, lg_url) VALUES (680, 'https://cdn.jsdelivr.net/gh/akabab/superhero-api@0.3.0/api/images/xs/680-ultron.jpg', 'https://cdn.jsdelivr.net/gh/akabab/superhero-api@0.3.0/api/images/sm/680-ultron.jpg', 'https://cdn.jsdelivr.net/gh/akabab/superhero-api@0.3.0/api/images/md/680-ultron.jpg', 'https://cdn.jsdelivr.net/gh/akabab/superhero-api@0.3.0/api/images/lg/680-ultron.jpg');
INSERT INTO superheroes (id, name, slug, alignment, publisher) VALUES (681, 'Utgard-Loki', '681-utgard-loki', 'bad', 'Marvel Comics');
INSERT INTO superhero_powerstats (superhero_id, intelligence, strength, speed, durability, power, combat, cost) VALUES (681, 50, 80, 23, 84, 85, 64, 64);
INSERT INTO superhero_appearance (superhero_id, gender, race, height_cm, weight_kg, eye_color, hair_color) VALUES (681, 'Male', 'Frost Giant', NULL, NULL, 'Blue', 'White');
INSERT INTO superhero_biography (superhero_id, full_name, aliases, place_of_birth, first_appearance) VALUES (681, '', '["-"]', 'Jotunheim', NULL);
INSERT INTO superhero_images (superhero_id, xs_url, sm_url, md_url, lg_url) VALUES (681, 'https://cdn.jsdelivr.net/gh/akabab/superhero-api@0.3.0/api/images/xs/681-utgard-loki.jpg', 'https://cdn.jsdelivr.net/gh/akabab/superhero-api@0.3.0/api/images/sm/681-utgard-loki.jpg', 'https://cdn.jsdelivr.net/gh/akabab/superhero-api@0.3.0/api/images/md/681-utgard-loki.jpg', 'https://cdn.jsdelivr.net/gh/akabab/superhero-api@0.3.0/api/images/lg/681-utgard-loki.jpg');
INSERT INTO superheroes (id, name, slug, alignment, publisher) VALUES (685, 'Vanisher', '685-vanisher', 'bad', 'Marvel Comics');
INSERT INTO superhero_powerstats (superhero_id, intelligence, strength, speed, durability, power, combat, cost) VALUES (685, 63, 10, 75, 56, 61, 42, 51);
INSERT INTO superhero_appearance (superhero_id, gender, race, height_cm, weight_kg, eye_color, hair_color) VALUES (685, 'Male', NULL, 165, 79, 'Green', 'No Hair');
INSERT INTO superhero_biography (superhero_id, full_name, aliases, place_of_birth, first_appearance) VALUES (685, '', '["Telford Porter"]', 'Boston, Massachusetts', 'X-Men (Vol 1) #2');
INSERT INTO superhero_images (superhero_id, xs_url, sm_url, md_url, lg_url) VALUES (685, 'https://cdn.jsdelivr.net/gh/akabab/superhero-api@0.3.0/api/images/xs/685-vanisher.jpg', 'https://cdn.jsdelivr.net/gh/akabab/superhero-api@0.3.0/api/images/sm/685-vanisher.jpg', 'https://cdn.jsdelivr.net/gh/akabab/superhero-api@0.3.0/api/images/md/685-vanisher.jpg', 'https://cdn.jsdelivr.net/gh/akabab/superhero-api@0.3.0/api/images/lg/685-vanisher.jpg');
INSERT INTO superheroes (id, name, slug, alignment, publisher) VALUES (686, 'Vegeta', '686-vegeta', 'bad', 'Shueisha');
INSERT INTO superhero_powerstats (superhero_id, intelligence, strength, speed, durability, power, combat, cost) VALUES (686, 81, 100, 92, 95, 100, 100, 94);
INSERT INTO superhero_appearance (superhero_id, gender, race, height_cm, weight_kg, eye_color, hair_color) VALUES (686, 'Male', 'Saiyan', 168, 73, NULL, 'Black');
INSERT INTO superhero_biography (superhero_id, full_name, aliases, place_of_birth, first_appearance) VALUES (686, 'Vegeta', '["Prince Vegeta","The Saiyan Prince","The Prince of all Saiyans","Majin Vegeta","Bejiita","Bejiita no Ouji","Vejita","Vegita","Captain Vegeta","Vegeta-Sama","Makita (Hebrew dub)","Bezita (Malaysian dub)","Super Vegeta"]', NULL, 'Dragon Ball #17');
INSERT INTO superhero_images (superhero_id, xs_url, sm_url, md_url, lg_url) VALUES (686, 'https://cdn.jsdelivr.net/gh/akabab/superhero-api@0.3.0/api/images/xs/686-vegeta.jpg', 'https://cdn.jsdelivr.net/gh/akabab/superhero-api@0.3.0/api/images/sm/686-vegeta.jpg', 'https://cdn.jsdelivr.net/gh/akabab/superhero-api@0.3.0/api/images/md/686-vegeta.jpg', 'https://cdn.jsdelivr.net/gh/akabab/superhero-api@0.3.0/api/images/lg/686-vegeta.jpg');
INSERT INTO superheroes (id, name, slug, alignment, publisher) VALUES (687, 'Venom', '687-venom', 'bad', 'Anti-Venom');
INSERT INTO superhero_powerstats (superhero_id, intelligence, strength, speed, durability, power, combat, cost) VALUES (687, 75, 57, 65, 84, 86, 84, 75);
INSERT INTO superhero_appearance (superhero_id, gender, race, height_cm, weight_kg, eye_color, hair_color) VALUES (687, 'Male', 'Symbiote', 191, 117, 'Blue', 'Strawberry Blond');
INSERT INTO superhero_biography (superhero_id, full_name, aliases, place_of_birth, first_appearance) VALUES (687, 'Eddie Brock', '["-"]', 'New York, New York', '(as alien costume) Secret Wars #8, (behind the scenes) Web of Spider-Man #18, (actual appearance) Amazing Spider-Man #300');
INSERT INTO superhero_images (superhero_id, xs_url, sm_url, md_url, lg_url) VALUES (687, 'https://cdn.jsdelivr.net/gh/akabab/superhero-api@0.3.0/api/images/xs/687-venom.jpg', 'https://cdn.jsdelivr.net/gh/akabab/superhero-api@0.3.0/api/images/sm/687-venom.jpg', 'https://cdn.jsdelivr.net/gh/akabab/superhero-api@0.3.0/api/images/md/687-venom.jpg', 'https://cdn.jsdelivr.net/gh/akabab/superhero-api@0.3.0/api/images/lg/687-venom.jpg');
INSERT INTO superheroes (id, name, slug, alignment, publisher) VALUES (688, 'Venom II', '688-venom-ii', 'bad', 'Marvel Comics');
INSERT INTO superhero_powerstats (superhero_id, intelligence, strength, speed, durability, power, combat, cost) VALUES (688, 50, 57, 47, 70, 54, 56, 55);
INSERT INTO superhero_appearance (superhero_id, gender, race, height_cm, weight_kg, eye_color, hair_color) VALUES (688, 'Male', NULL, 175, 50, 'Brown', 'Black');
INSERT INTO superhero_biography (superhero_id, full_name, aliases, place_of_birth, first_appearance) VALUES (688, 'Angelo Fortunato', '["-"]', NULL, 'Marvel Knights Spider-Man #7 (2005)');
INSERT INTO superhero_images (superhero_id, xs_url, sm_url, md_url, lg_url) VALUES (688, 'https://cdn.jsdelivr.net/gh/akabab/superhero-api@0.3.0/api/images/xs/688-venom-ii.jpg', 'https://cdn.jsdelivr.net/gh/akabab/superhero-api@0.3.0/api/images/sm/688-venom-ii.jpg', 'https://cdn.jsdelivr.net/gh/akabab/superhero-api@0.3.0/api/images/md/688-venom-ii.jpg', 'https://cdn.jsdelivr.net/gh/akabab/superhero-api@0.3.0/api/images/lg/688-venom-ii.jpg');
INSERT INTO superheroes (id, name, slug, alignment, publisher) VALUES (689, 'Venom III', '689-venom-iii', 'bad', 'Scorpion');
INSERT INTO superhero_powerstats (superhero_id, intelligence, strength, speed, durability, power, combat, cost) VALUES (689, 63, 73, 35, 90, 73, 56, 65);
INSERT INTO superhero_appearance (superhero_id, gender, race, height_cm, weight_kg, eye_color, hair_color) VALUES (689, 'Male', 'Symbiote', 229, 334, 'Brown', 'Brown');
INSERT INTO superhero_biography (superhero_id, full_name, aliases, place_of_birth, first_appearance) VALUES (689, 'MacDonald Gargan', '["Scorpion"]', NULL, '(As Gargan) Amazing Spider-Man #19 (1964); (as Scorpion) Amazing Spider-Man #20 (1965); (as Venom) Marvel Knights: Spider-Man #10 (2005)');
INSERT INTO superhero_images (superhero_id, xs_url, sm_url, md_url, lg_url) VALUES (689, 'https://cdn.jsdelivr.net/gh/akabab/superhero-api@0.3.0/api/images/xs/689-venom-iii.jpg', 'https://cdn.jsdelivr.net/gh/akabab/superhero-api@0.3.0/api/images/sm/689-venom-iii.jpg', 'https://cdn.jsdelivr.net/gh/akabab/superhero-api@0.3.0/api/images/md/689-venom-iii.jpg', 'https://cdn.jsdelivr.net/gh/akabab/superhero-api@0.3.0/api/images/lg/689-venom-iii.jpg');
INSERT INTO superheroes (id, name, slug, alignment, publisher) VALUES (690, 'Venompool', '690-venompool', 'null', 'Deadpool');
INSERT INTO superhero_powerstats (superhero_id, intelligence, strength, speed, durability, power, combat, cost) VALUES (690, 69, 57, 63, 100, 100, 100, 81);
INSERT INTO superhero_appearance (superhero_id, gender, race, height_cm, weight_kg, eye_color, hair_color) VALUES (690, 'Male', 'Symbiote', 226, 0, NULL, NULL);
INSERT INTO superhero_biography (superhero_id, full_name, aliases, place_of_birth, first_appearance) VALUES (690, 'Wade Wilson', '["Deadpool"]', NULL, 'What If? Iron Man: Demon in an Armor #1 (February, 2011)');
INSERT INTO superhero_images (superhero_id, xs_url, sm_url, md_url, lg_url) VALUES (690, 'https://cdn.jsdelivr.net/gh/akabab/superhero-api@0.3.0/api/images/xs/690-venompool.jpg', 'https://cdn.jsdelivr.net/gh/akabab/superhero-api@0.3.0/api/images/sm/690-venompool.jpg', 'https://cdn.jsdelivr.net/gh/akabab/superhero-api@0.3.0/api/images/md/690-venompool.jpg', 'https://cdn.jsdelivr.net/gh/akabab/superhero-api@0.3.0/api/images/lg/690-venompool.jpg');
INSERT INTO superheroes (id, name, slug, alignment, publisher) VALUES (692, 'Vibe', '692-vibe', 'good', 'DC Comics');
INSERT INTO superhero_powerstats (superhero_id, intelligence, strength, speed, durability, power, combat, cost) VALUES (692, 50, 10, 17, 30, 99, 30, 39);
INSERT INTO superhero_appearance (superhero_id, gender, race, height_cm, weight_kg, eye_color, hair_color) VALUES (692, 'Male', 'Human', 178, 71, 'Brown', 'Black');
INSERT INTO superhero_biography (superhero_id, full_name, aliases, place_of_birth, first_appearance) VALUES (692, 'Cisco Ramon', '["-"]', NULL, 'The New 52: FCBD Special Edition #1');
INSERT INTO superhero_images (superhero_id, xs_url, sm_url, md_url, lg_url) VALUES (692, 'https://cdn.jsdelivr.net/gh/akabab/superhero-api@0.3.0/api/images/xs/692-vibe.jpg', 'https://cdn.jsdelivr.net/gh/akabab/superhero-api@0.3.0/api/images/sm/692-vibe.jpg', 'https://cdn.jsdelivr.net/gh/akabab/superhero-api@0.3.0/api/images/md/692-vibe.jpg', 'https://cdn.jsdelivr.net/gh/akabab/superhero-api@0.3.0/api/images/lg/692-vibe.jpg');
INSERT INTO superheroes (id, name, slug, alignment, publisher) VALUES (693, 'Vindicator', '693-vindicator', 'good', 'Vindicator II');
INSERT INTO superhero_powerstats (superhero_id, intelligence, strength, speed, durability, power, combat, cost) VALUES (693, 63, 63, 53, 64, 58, 70, 61);
INSERT INTO superhero_appearance (superhero_id, gender, race, height_cm, weight_kg, eye_color, hair_color) VALUES (693, 'Female', 'Human', 165, 54, 'Green', 'Red');
INSERT INTO superhero_biography (superhero_id, full_name, aliases, place_of_birth, first_appearance) VALUES (693, 'Heather Hudson', '["Guardian"]', 'Calgary, Alberta, Canada', 'X-Men #139 (November, 1980)');
INSERT INTO superhero_images (superhero_id, xs_url, sm_url, md_url, lg_url) VALUES (693, 'https://cdn.jsdelivr.net/gh/akabab/superhero-api@0.3.0/api/images/xs/693-vindicator.jpg', 'https://cdn.jsdelivr.net/gh/akabab/superhero-api@0.3.0/api/images/sm/693-vindicator.jpg', 'https://cdn.jsdelivr.net/gh/akabab/superhero-api@0.3.0/api/images/md/693-vindicator.jpg', 'https://cdn.jsdelivr.net/gh/akabab/superhero-api@0.3.0/api/images/lg/693-vindicator.jpg');
INSERT INTO superheroes (id, name, slug, alignment, publisher) VALUES (696, 'Violet Parr', '696-violet-parr', 'good', 'Dark Horse Comics');
INSERT INTO superhero_powerstats (superhero_id, intelligence, strength, speed, durability, power, combat, cost) VALUES (696, 56, 9, 13, 50, 79, 15, 37);
INSERT INTO superhero_appearance (superhero_id, gender, race, height_cm, weight_kg, eye_color, hair_color) VALUES (696, 'Female', 'Human', 137, 41, 'Violet', 'Black');
INSERT INTO superhero_biography (superhero_id, full_name, aliases, place_of_birth, first_appearance) VALUES (696, 'Violet Parr', '["Vi (nickname)","The Queen of the Unseen","Invisagirl (InvisaVi)"]', NULL, 'The Incredibles (Movies, 2004)');
INSERT INTO superhero_images (superhero_id, xs_url, sm_url, md_url, lg_url) VALUES (696, 'https://cdn.jsdelivr.net/gh/akabab/superhero-api@0.3.0/api/images/xs/696-violet-parr.jpg', 'https://cdn.jsdelivr.net/gh/akabab/superhero-api@0.3.0/api/images/sm/696-violet-parr.jpg', 'https://cdn.jsdelivr.net/gh/akabab/superhero-api@0.3.0/api/images/md/696-violet-parr.jpg', 'https://cdn.jsdelivr.net/gh/akabab/superhero-api@0.3.0/api/images/lg/696-violet-parr.jpg');
INSERT INTO superheroes (id, name, slug, alignment, publisher) VALUES (697, 'Vision', '697-vision', 'good', 'Anti-Vision');
INSERT INTO superhero_powerstats (superhero_id, intelligence, strength, speed, durability, power, combat, cost) VALUES (697, 100, 72, 54, 95, 100, 70, 81);
INSERT INTO superhero_appearance (superhero_id, gender, race, height_cm, weight_kg, eye_color, hair_color) VALUES (697, 'Male', 'Android', 191, 135, 'Gold', 'No Hair');
INSERT INTO superhero_biography (superhero_id, full_name, aliases, place_of_birth, first_appearance) VALUES (697, 'Vision', '["Victor Shade"]', NULL, 'Avengers Vol.1 #57, Young Avengers # 4');
INSERT INTO superhero_images (superhero_id, xs_url, sm_url, md_url, lg_url) VALUES (697, 'https://cdn.jsdelivr.net/gh/akabab/superhero-api@0.3.0/api/images/xs/697-vision.jpg', 'https://cdn.jsdelivr.net/gh/akabab/superhero-api@0.3.0/api/images/sm/697-vision.jpg', 'https://cdn.jsdelivr.net/gh/akabab/superhero-api@0.3.0/api/images/md/697-vision.jpg', 'https://cdn.jsdelivr.net/gh/akabab/superhero-api@0.3.0/api/images/lg/697-vision.jpg');
INSERT INTO superheroes (id, name, slug, alignment, publisher) VALUES (699, 'Vixen', '699-vixen', 'good', 'DC Comics');
INSERT INTO superhero_powerstats (superhero_id, intelligence, strength, speed, durability, power, combat, cost) VALUES (699, 50, 38, 50, 50, 62, 25, 45);
INSERT INTO superhero_appearance (superhero_id, gender, race, height_cm, weight_kg, eye_color, hair_color) VALUES (699, 'Female', 'Human', 175, 63, 'Amber', 'Black');
INSERT INTO superhero_biography (superhero_id, full_name, aliases, place_of_birth, first_appearance) VALUES (699, 'Mari McCabe', '["-"]', 'Zambesi', 'Action Comics #521 (July, 1981)');
INSERT INTO superhero_images (superhero_id, xs_url, sm_url, md_url, lg_url) VALUES (699, 'https://cdn.jsdelivr.net/gh/akabab/superhero-api@0.3.0/api/images/xs/699-vixen.jpg', 'https://cdn.jsdelivr.net/gh/akabab/superhero-api@0.3.0/api/images/sm/699-vixen.jpg', 'https://cdn.jsdelivr.net/gh/akabab/superhero-api@0.3.0/api/images/md/699-vixen.jpg', 'https://cdn.jsdelivr.net/gh/akabab/superhero-api@0.3.0/api/images/lg/699-vixen.jpg');
INSERT INTO superheroes (id, name, slug, alignment, publisher) VALUES (701, 'Vulture', '701-vulture', 'bad', 'Marvel Comics');
INSERT INTO superhero_powerstats (superhero_id, intelligence, strength, speed, durability, power, combat, cost) VALUES (701, 75, 22, 42, 25, 26, 30, 36);
INSERT INTO superhero_appearance (superhero_id, gender, race, height_cm, weight_kg, eye_color, hair_color) VALUES (701, 'Male', 'Human', 180, 79, 'Brown', 'No Hair');
INSERT INTO superhero_biography (superhero_id, full_name, aliases, place_of_birth, first_appearance) VALUES (701, 'Adrian Toomes', '["-"]', 'Staten Island, New York City', 'Amazing Spider-Man #2');
INSERT INTO superhero_images (superhero_id, xs_url, sm_url, md_url, lg_url) VALUES (701, 'https://cdn.jsdelivr.net/gh/akabab/superhero-api@0.3.0/api/images/xs/701-vulture.jpg', 'https://cdn.jsdelivr.net/gh/akabab/superhero-api@0.3.0/api/images/sm/701-vulture.jpg', 'https://cdn.jsdelivr.net/gh/akabab/superhero-api@0.3.0/api/images/md/701-vulture.jpg', 'https://cdn.jsdelivr.net/gh/akabab/superhero-api@0.3.0/api/images/lg/701-vulture.jpg');
INSERT INTO superheroes (id, name, slug, alignment, publisher) VALUES (702, 'Walrus', '702-walrus', 'bad', 'Marvel Comics');
INSERT INTO superhero_powerstats (superhero_id, intelligence, strength, speed, durability, power, combat, cost) VALUES (702, 50, 28, 8, 50, 11, 20, 27);
INSERT INTO superhero_appearance (superhero_id, gender, race, height_cm, weight_kg, eye_color, hair_color) VALUES (702, 'Male', 'Human', 183, 162, 'Blue', 'Black');
INSERT INTO superhero_biography (superhero_id, full_name, aliases, place_of_birth, first_appearance) VALUES (702, 'Hubert Carpent', '["-"]', 'Brooklyn, New York', 'Defenders #131 (May, 1984)');
INSERT INTO superhero_images (superhero_id, xs_url, sm_url, md_url, lg_url) VALUES (702, 'https://cdn.jsdelivr.net/gh/akabab/superhero-api@0.3.0/api/images/xs/702-walrus.jpg', 'https://cdn.jsdelivr.net/gh/akabab/superhero-api@0.3.0/api/images/sm/702-walrus.jpg', 'https://cdn.jsdelivr.net/gh/akabab/superhero-api@0.3.0/api/images/md/702-walrus.jpg', 'https://cdn.jsdelivr.net/gh/akabab/superhero-api@0.3.0/api/images/lg/702-walrus.jpg');
INSERT INTO superheroes (id, name, slug, alignment, publisher) VALUES (703, 'War Machine', '703-war-machine', 'good', 'Marvel Comics');
INSERT INTO superhero_powerstats (superhero_id, intelligence, strength, speed, durability, power, combat, cost) VALUES (703, 63, 80, 63, 100, 100, 85, 81);
INSERT INTO superhero_appearance (superhero_id, gender, race, height_cm, weight_kg, eye_color, hair_color) VALUES (703, 'Male', 'Human', 185, 95, 'Brown', 'Brown');
INSERT INTO superhero_biography (superhero_id, full_name, aliases, place_of_birth, first_appearance) VALUES (703, 'James Rupert Rhodes', '["Rhodey","Iron Man","Jim Rhodes"]', 'Philadelphia, Pennsylvania', 'Iron Man #118 (1979)');
INSERT INTO superhero_images (superhero_id, xs_url, sm_url, md_url, lg_url) VALUES (703, 'https://cdn.jsdelivr.net/gh/akabab/superhero-api@0.3.0/api/images/xs/703-war-machine.jpg', 'https://cdn.jsdelivr.net/gh/akabab/superhero-api@0.3.0/api/images/sm/703-war-machine.jpg', 'https://cdn.jsdelivr.net/gh/akabab/superhero-api@0.3.0/api/images/md/703-war-machine.jpg', 'https://cdn.jsdelivr.net/gh/akabab/superhero-api@0.3.0/api/images/lg/703-war-machine.jpg');
INSERT INTO superheroes (id, name, slug, alignment, publisher) VALUES (705, 'Warlock', '705-warlock', 'good', 'Marvel Comics');
INSERT INTO superhero_powerstats (superhero_id, intelligence, strength, speed, durability, power, combat, cost) VALUES (705, 88, 36, 79, 95, 71, 95, 77);
INSERT INTO superhero_appearance (superhero_id, gender, race, height_cm, weight_kg, eye_color, hair_color) VALUES (705, 'Male', NULL, 188, 108, 'Red', 'Blond');
INSERT INTO superhero_biography (superhero_id, full_name, aliases, place_of_birth, first_appearance) VALUES (705, 'Adam Warlock', '["Him","(in an alternate future) the Magus"]', 'The Beehive, Shard Island, Atlantic Ocean', 'Fantastic Four #66');
INSERT INTO superhero_images (superhero_id, xs_url, sm_url, md_url, lg_url) VALUES (705, 'https://cdn.jsdelivr.net/gh/akabab/superhero-api@0.3.0/api/images/xs/705-warlock.jpg', 'https://cdn.jsdelivr.net/gh/akabab/superhero-api@0.3.0/api/images/sm/705-warlock.jpg', 'https://cdn.jsdelivr.net/gh/akabab/superhero-api@0.3.0/api/images/md/705-warlock.jpg', 'https://cdn.jsdelivr.net/gh/akabab/superhero-api@0.3.0/api/images/lg/705-warlock.jpg');
INSERT INTO superheroes (id, name, slug, alignment, publisher) VALUES (706, 'Warp', '706-warp', 'bad', 'DC Comics');
INSERT INTO superhero_powerstats (superhero_id, intelligence, strength, speed, durability, power, combat, cost) VALUES (706, 38, 10, 23, 28, 85, 50, 39);
INSERT INTO superhero_appearance (superhero_id, gender, race, height_cm, weight_kg, eye_color, hair_color) VALUES (706, 'Male', NULL, 173, 67, 'Brown', 'Black');
INSERT INTO superhero_biography (superhero_id, full_name, aliases, place_of_birth, first_appearance) VALUES (706, 'Emil LaSalle', '["-"]', NULL, 'The New Teen Titans #14 (December 1981)');
INSERT INTO superhero_images (superhero_id, xs_url, sm_url, md_url, lg_url) VALUES (706, 'https://cdn.jsdelivr.net/gh/akabab/superhero-api@0.3.0/api/images/xs/706-warp.jpg', 'https://cdn.jsdelivr.net/gh/akabab/superhero-api@0.3.0/api/images/sm/706-warp.jpg', 'https://cdn.jsdelivr.net/gh/akabab/superhero-api@0.3.0/api/images/md/706-warp.jpg', 'https://cdn.jsdelivr.net/gh/akabab/superhero-api@0.3.0/api/images/lg/706-warp.jpg');
INSERT INTO superheroes (id, name, slug, alignment, publisher) VALUES (707, 'Warpath', '707-warpath', 'good', 'Thunderbird II');
INSERT INTO superhero_powerstats (superhero_id, intelligence, strength, speed, durability, power, combat, cost) VALUES (707, 38, 72, 47, 70, 26, 84, 56);
INSERT INTO superhero_appearance (superhero_id, gender, race, height_cm, weight_kg, eye_color, hair_color) VALUES (707, 'Male', 'Mutant', 218, 158, 'Brown', 'Black');
INSERT INTO superhero_biography (superhero_id, full_name, aliases, place_of_birth, first_appearance) VALUES (707, 'James Proudstar', '["Thunderbird"]', 'Camp Verde, Arizona', 'New Mutants #16 (June, 1984)');
INSERT INTO superhero_images (superhero_id, xs_url, sm_url, md_url, lg_url) VALUES (707, 'https://cdn.jsdelivr.net/gh/akabab/superhero-api@0.3.0/api/images/xs/707-warpath.jpg', 'https://cdn.jsdelivr.net/gh/akabab/superhero-api@0.3.0/api/images/sm/707-warpath.jpg', 'https://cdn.jsdelivr.net/gh/akabab/superhero-api@0.3.0/api/images/md/707-warpath.jpg', 'https://cdn.jsdelivr.net/gh/akabab/superhero-api@0.3.0/api/images/lg/707-warpath.jpg');
INSERT INTO superheroes (id, name, slug, alignment, publisher) VALUES (708, 'Wasp', '708-wasp', 'good', 'Marvel Comics');
INSERT INTO superhero_powerstats (superhero_id, intelligence, strength, speed, durability, power, combat, cost) VALUES (708, 63, 17, 58, 52, 29, 42, 43);
INSERT INTO superhero_appearance (superhero_id, gender, race, height_cm, weight_kg, eye_color, hair_color) VALUES (708, 'Female', 'Human', 163, 50, 'Blue', 'Auburn');
INSERT INTO superhero_biography (superhero_id, full_name, aliases, place_of_birth, first_appearance) VALUES (708, 'Janet Van Dyne', '["Pixie"]', 'Cresskill, New Jersey', 'TALES TO ASTONISH #44');
INSERT INTO superhero_images (superhero_id, xs_url, sm_url, md_url, lg_url) VALUES (708, 'https://cdn.jsdelivr.net/gh/akabab/superhero-api@0.3.0/api/images/xs/708-wasp.jpg', 'https://cdn.jsdelivr.net/gh/akabab/superhero-api@0.3.0/api/images/sm/708-wasp.jpg', 'https://cdn.jsdelivr.net/gh/akabab/superhero-api@0.3.0/api/images/md/708-wasp.jpg', 'https://cdn.jsdelivr.net/gh/akabab/superhero-api@0.3.0/api/images/lg/708-wasp.jpg');
INSERT INTO superheroes (id, name, slug, alignment, publisher) VALUES (709, 'Watcher', '709-watcher', 'good', 'Marvel Comics');
INSERT INTO superhero_powerstats (superhero_id, intelligence, strength, speed, durability, power, combat, cost) VALUES (709, 100, 80, 67, 89, 100, 56, 82);
INSERT INTO superhero_appearance (superhero_id, gender, race, height_cm, weight_kg, eye_color, hair_color) VALUES (709, 'Male', NULL, 0, 0, NULL, NULL);
INSERT INTO superhero_biography (superhero_id, full_name, aliases, place_of_birth, first_appearance) VALUES (709, 'Uatu', '["-"]', NULL, 'Fantastic Four #13 (April, 1963)');
INSERT INTO superhero_images (superhero_id, xs_url, sm_url, md_url, lg_url) VALUES (709, 'https://cdn.jsdelivr.net/gh/akabab/superhero-api@0.3.0/api/images/xs/709-watcher.jpg', 'https://cdn.jsdelivr.net/gh/akabab/superhero-api@0.3.0/api/images/sm/709-watcher.jpg', 'https://cdn.jsdelivr.net/gh/akabab/superhero-api@0.3.0/api/images/md/709-watcher.jpg', 'https://cdn.jsdelivr.net/gh/akabab/superhero-api@0.3.0/api/images/lg/709-watcher.jpg');
INSERT INTO superheroes (id, name, slug, alignment, publisher) VALUES (711, 'White Canary', '711-white-canary', 'bad', 'DC Comics');
INSERT INTO superhero_powerstats (superhero_id, intelligence, strength, speed, durability, power, combat, cost) VALUES (711, 63, 7, 33, 15, 49, 90, 42);
INSERT INTO superhero_appearance (superhero_id, gender, race, height_cm, weight_kg, eye_color, hair_color) VALUES (711, 'Female', 'Human', 0, 0, 'Brown', 'Black');
INSERT INTO superhero_biography (superhero_id, full_name, aliases, place_of_birth, first_appearance) VALUES (711, '', '["Silk Sister","Sara Lance"]', NULL, 'Birds of Prey #1');
INSERT INTO superhero_images (superhero_id, xs_url, sm_url, md_url, lg_url) VALUES (711, 'https://cdn.jsdelivr.net/gh/akabab/superhero-api@0.3.0/api/images/xs/711-white-canary.jpg', 'https://cdn.jsdelivr.net/gh/akabab/superhero-api@0.3.0/api/images/sm/711-white-canary.jpg', 'https://cdn.jsdelivr.net/gh/akabab/superhero-api@0.3.0/api/images/md/711-white-canary.jpg', 'https://cdn.jsdelivr.net/gh/akabab/superhero-api@0.3.0/api/images/lg/711-white-canary.jpg');
INSERT INTO superheroes (id, name, slug, alignment, publisher) VALUES (713, 'Wildfire', '713-wildfire', 'good', 'DC Comics');
INSERT INTO superhero_powerstats (superhero_id, intelligence, strength, speed, durability, power, combat, cost) VALUES (713, 50, 32, 23, 100, 77, 42, 54);
INSERT INTO superhero_appearance (superhero_id, gender, race, height_cm, weight_kg, eye_color, hair_color) VALUES (713, 'Male', NULL, 0, 0, NULL, NULL);
INSERT INTO superhero_biography (superhero_id, full_name, aliases, place_of_birth, first_appearance) VALUES (713, 'Drake Burroughs', '["ERG-1","Atom''x","Randall Burroughs","Jahr-Drake Nigle"]', NULL, NULL);
INSERT INTO superhero_images (superhero_id, xs_url, sm_url, md_url, lg_url) VALUES (713, 'https://cdn.jsdelivr.net/gh/akabab/superhero-api@0.3.0/api/images/xs/713-wildfire.jpg', 'https://cdn.jsdelivr.net/gh/akabab/superhero-api@0.3.0/api/images/sm/713-wildfire.jpg', 'https://cdn.jsdelivr.net/gh/akabab/superhero-api@0.3.0/api/images/md/713-wildfire.jpg', 'https://cdn.jsdelivr.net/gh/akabab/superhero-api@0.3.0/api/images/lg/713-wildfire.jpg');
INSERT INTO superheroes (id, name, slug, alignment, publisher) VALUES (714, 'Winter Soldier', '714-winter-soldier', 'good', 'Marvel Comics');
INSERT INTO superhero_powerstats (superhero_id, intelligence, strength, speed, durability, power, combat, cost) VALUES (714, 56, 32, 35, 65, 60, 84, 55);
INSERT INTO superhero_appearance (superhero_id, gender, race, height_cm, weight_kg, eye_color, hair_color) VALUES (714, 'Male', 'Human', 175, 117, 'Brown', 'Brown');
INSERT INTO superhero_biography (superhero_id, full_name, aliases, place_of_birth, first_appearance) VALUES (714, 'Bucky Barnes', '["Bucky","Captain America"]', NULL, 'Captain America Vol 5 #1 (January, 2005) (as Winter Soldier)');
INSERT INTO superhero_images (superhero_id, xs_url, sm_url, md_url, lg_url) VALUES (714, 'https://cdn.jsdelivr.net/gh/akabab/superhero-api@0.3.0/api/images/xs/714-winter-soldier.jpg', 'https://cdn.jsdelivr.net/gh/akabab/superhero-api@0.3.0/api/images/sm/714-winter-soldier.jpg', 'https://cdn.jsdelivr.net/gh/akabab/superhero-api@0.3.0/api/images/md/714-winter-soldier.jpg', 'https://cdn.jsdelivr.net/gh/akabab/superhero-api@0.3.0/api/images/lg/714-winter-soldier.jpg');
INSERT INTO superheroes (id, name, slug, alignment, publisher) VALUES (716, 'Wolfsbane', '716-wolfsbane', 'good', 'Marvel Comics');
INSERT INTO superhero_powerstats (superhero_id, intelligence, strength, speed, durability, power, combat, cost) VALUES (716, 38, 16, 35, 42, 26, 42, 33);
INSERT INTO superhero_appearance (superhero_id, gender, race, height_cm, weight_kg, eye_color, hair_color) VALUES (716, 'Female', NULL, 366, 473, 'Green', 'Auburn');
INSERT INTO superhero_biography (superhero_id, full_name, aliases, place_of_birth, first_appearance) VALUES (716, 'Rahne Sinclair', '["Grimfang","Mutate #490"]', 'Somewhere in Ross and Cromarty, Scotland', 'Marvel Graphic Novel #4: New Mutants');
INSERT INTO superhero_images (superhero_id, xs_url, sm_url, md_url, lg_url) VALUES (716, 'https://cdn.jsdelivr.net/gh/akabab/superhero-api@0.3.0/api/images/xs/716-wolfsbane.jpg', 'https://cdn.jsdelivr.net/gh/akabab/superhero-api@0.3.0/api/images/sm/716-wolfsbane.jpg', 'https://cdn.jsdelivr.net/gh/akabab/superhero-api@0.3.0/api/images/md/716-wolfsbane.jpg', 'https://cdn.jsdelivr.net/gh/akabab/superhero-api@0.3.0/api/images/lg/716-wolfsbane.jpg');
INSERT INTO superheroes (id, name, slug, alignment, publisher) VALUES (717, 'Wolverine', '717-wolverine', 'good', 'Marvel Comics');
INSERT INTO superhero_powerstats (superhero_id, intelligence, strength, speed, durability, power, combat, cost) VALUES (717, 63, 32, 50, 100, 89, 100, 72);
INSERT INTO superhero_appearance (superhero_id, gender, race, height_cm, weight_kg, eye_color, hair_color) VALUES (717, 'Male', 'Mutant', 160, 135, 'Blue', 'Black');
INSERT INTO superhero_biography (superhero_id, full_name, aliases, place_of_birth, first_appearance) VALUES (717, 'Logan', '["Weapon X","Weapon Ten","Death","Mutate 9601","Jim Logan","Emilio Garra","Weapon Chi","Experiment X","Agent Ten","Peter Richards","Mai kethLogan","Mr. Patch"]', 'Alberta, Canada', 'Incredible Hulk Vol. 2 #180');
INSERT INTO superhero_images (superhero_id, xs_url, sm_url, md_url, lg_url) VALUES (717, 'https://cdn.jsdelivr.net/gh/akabab/superhero-api@0.3.0/api/images/xs/717-wolverine.jpg', 'https://cdn.jsdelivr.net/gh/akabab/superhero-api@0.3.0/api/images/sm/717-wolverine.jpg', 'https://cdn.jsdelivr.net/gh/akabab/superhero-api@0.3.0/api/images/md/717-wolverine.jpg', 'https://cdn.jsdelivr.net/gh/akabab/superhero-api@0.3.0/api/images/lg/717-wolverine.jpg');
INSERT INTO superheroes (id, name, slug, alignment, publisher) VALUES (718, 'Wonder Girl', '718-wonder-girl', 'good', 'DC Comics');
INSERT INTO superhero_powerstats (superhero_id, intelligence, strength, speed, durability, power, combat, cost) VALUES (718, 75, 90, 25, 80, 39, 60, 61);
INSERT INTO superhero_appearance (superhero_id, gender, race, height_cm, weight_kg, eye_color, hair_color) VALUES (718, 'Female', 'Demi-God', 165, 51, 'Blue', 'Blond');
INSERT INTO superhero_biography (superhero_id, full_name, aliases, place_of_birth, first_appearance) VALUES (718, 'Cassandra Elizabeth Sandsmark', '["Cassandra Sandsmark","Cassie","Helen Troy","Wonder Woman","Cassie Sandsmark"]', NULL, 'Wonder Woman (vol. 2) #105 (January 1996)');
INSERT INTO superhero_images (superhero_id, xs_url, sm_url, md_url, lg_url) VALUES (718, 'https://cdn.jsdelivr.net/gh/akabab/superhero-api@0.3.0/api/images/xs/718-wonder-girl.jpg', 'https://cdn.jsdelivr.net/gh/akabab/superhero-api@0.3.0/api/images/sm/718-wonder-girl.jpg', 'https://cdn.jsdelivr.net/gh/akabab/superhero-api@0.3.0/api/images/md/718-wonder-girl.jpg', 'https://cdn.jsdelivr.net/gh/akabab/superhero-api@0.3.0/api/images/lg/718-wonder-girl.jpg');
INSERT INTO superheroes (id, name, slug, alignment, publisher) VALUES (719, 'Wonder Man', '719-wonder-man', 'good', 'Marvel Comics');
INSERT INTO superhero_powerstats (superhero_id, intelligence, strength, speed, durability, power, combat, cost) VALUES (719, 75, 100, 53, 90, 64, 64, 74);
INSERT INTO superhero_appearance (superhero_id, gender, race, height_cm, weight_kg, eye_color, hair_color) VALUES (719, 'Male', NULL, 188, 171, 'Red', 'Black');
INSERT INTO superhero_biography (superhero_id, full_name, aliases, place_of_birth, first_appearance) VALUES (719, 'Simon Williams', '["Wondie","JQ-272712-K"]', 'Paterson, New Jersey', 'AVENGERS #9');
INSERT INTO superhero_images (superhero_id, xs_url, sm_url, md_url, lg_url) VALUES (719, 'https://cdn.jsdelivr.net/gh/akabab/superhero-api@0.3.0/api/images/xs/719-wonder-man.jpg', 'https://cdn.jsdelivr.net/gh/akabab/superhero-api@0.3.0/api/images/sm/719-wonder-man.jpg', 'https://cdn.jsdelivr.net/gh/akabab/superhero-api@0.3.0/api/images/md/719-wonder-man.jpg', 'https://cdn.jsdelivr.net/gh/akabab/superhero-api@0.3.0/api/images/lg/719-wonder-man.jpg');
INSERT INTO superheroes (id, name, slug, alignment, publisher) VALUES (720, 'Wonder Woman', '720-wonder-woman', 'good', 'DC Comics');
INSERT INTO superhero_powerstats (superhero_id, intelligence, strength, speed, durability, power, combat, cost) VALUES (720, 88, 100, 79, 100, 100, 100, 94);
INSERT INTO superhero_appearance (superhero_id, gender, race, height_cm, weight_kg, eye_color, hair_color) VALUES (720, 'Female', 'Amazon', 183, 74, 'Blue', 'Black');
INSERT INTO superhero_biography (superhero_id, full_name, aliases, place_of_birth, first_appearance) VALUES (720, 'Diana Prince', '["Princess Diana","Princess of the Amazons","Goddess of Truth"," Wondy","Wonder Girl","The Amazon Princess"]', 'Themyscira', 'All-Star Comics #8 (December, 1941)');
INSERT INTO superhero_images (superhero_id, xs_url, sm_url, md_url, lg_url) VALUES (720, 'https://cdn.jsdelivr.net/gh/akabab/superhero-api@0.3.0/api/images/xs/720-wonder-woman.jpg', 'https://cdn.jsdelivr.net/gh/akabab/superhero-api@0.3.0/api/images/sm/720-wonder-woman.jpg', 'https://cdn.jsdelivr.net/gh/akabab/superhero-api@0.3.0/api/images/md/720-wonder-woman.jpg', 'https://cdn.jsdelivr.net/gh/akabab/superhero-api@0.3.0/api/images/lg/720-wonder-woman.jpg');
INSERT INTO superheroes (id, name, slug, alignment, publisher) VALUES (722, 'Wyatt Wingfoot', '722-wyatt-wingfoot', 'good', 'Marvel Comics');
INSERT INTO superhero_powerstats (superhero_id, intelligence, strength, speed, durability, power, combat, cost) VALUES (722, 10, 10, 12, 1, 1, 56, 15);
INSERT INTO superhero_appearance (superhero_id, gender, race, height_cm, weight_kg, eye_color, hair_color) VALUES (722, 'Male', NULL, 196, 117, 'Brown', 'Black');
INSERT INTO superhero_biography (superhero_id, full_name, aliases, place_of_birth, first_appearance) VALUES (722, 'Wyatt Wingfoot', '["-"]', 'Keewazi Reservation, Oklahoma', 'FANTASTIC FOUR #50');
INSERT INTO superhero_images (superhero_id, xs_url, sm_url, md_url, lg_url) VALUES (722, 'https://cdn.jsdelivr.net/gh/akabab/superhero-api@0.3.0/api/images/xs/722-wyatt-wingfoot.jpg', 'https://cdn.jsdelivr.net/gh/akabab/superhero-api@0.3.0/api/images/sm/722-wyatt-wingfoot.jpg', 'https://cdn.jsdelivr.net/gh/akabab/superhero-api@0.3.0/api/images/md/722-wyatt-wingfoot.jpg', 'https://cdn.jsdelivr.net/gh/akabab/superhero-api@0.3.0/api/images/lg/722-wyatt-wingfoot.jpg');
INSERT INTO superheroes (id, name, slug, alignment, publisher) VALUES (723, 'X-23', '723-x-23', 'good', 'Marvel Comics');
INSERT INTO superhero_powerstats (superhero_id, intelligence, strength, speed, durability, power, combat, cost) VALUES (723, 75, 24, 42, 100, 55, 95, 65);
INSERT INTO superhero_appearance (superhero_id, gender, race, height_cm, weight_kg, eye_color, hair_color) VALUES (723, 'Female', 'Mutant / Clone', 155, 50, 'Green', 'Black');
INSERT INTO superhero_biography (superhero_id, full_name, aliases, place_of_birth, first_appearance) VALUES (723, 'Laura Kinney', '["Laura Logan","Laura Howlett","Laura X","Talon","Wolverine","X23"]', 'The Facility, location unrevealed', 'NYX #3');
INSERT INTO superhero_images (superhero_id, xs_url, sm_url, md_url, lg_url) VALUES (723, 'https://cdn.jsdelivr.net/gh/akabab/superhero-api@0.3.0/api/images/xs/723-x-23.jpg', 'https://cdn.jsdelivr.net/gh/akabab/superhero-api@0.3.0/api/images/sm/723-x-23.jpg', 'https://cdn.jsdelivr.net/gh/akabab/superhero-api@0.3.0/api/images/md/723-x-23.jpg', 'https://cdn.jsdelivr.net/gh/akabab/superhero-api@0.3.0/api/images/lg/723-x-23.jpg');
INSERT INTO superheroes (id, name, slug, alignment, publisher) VALUES (724, 'X-Man', '724-x-man', 'good', 'Marvel Comics');
INSERT INTO superhero_powerstats (superhero_id, intelligence, strength, speed, durability, power, combat, cost) VALUES (724, 88, 53, 53, 95, 100, 84, 78);
INSERT INTO superhero_appearance (superhero_id, gender, race, height_cm, weight_kg, eye_color, hair_color) VALUES (724, 'Male', NULL, 175, 61, 'Blue', 'Brown');
INSERT INTO superhero_biography (superhero_id, full_name, aliases, place_of_birth, first_appearance) VALUES (724, 'Nate Grey', '["Nate the Great"]', 'American Northeast of Earth-295', 'X-Man #1 (1995)');
INSERT INTO superhero_images (superhero_id, xs_url, sm_url, md_url, lg_url) VALUES (724, 'https://cdn.jsdelivr.net/gh/akabab/superhero-api@0.3.0/api/images/xs/724-x-man.jpg', 'https://cdn.jsdelivr.net/gh/akabab/superhero-api@0.3.0/api/images/sm/724-x-man.jpg', 'https://cdn.jsdelivr.net/gh/akabab/superhero-api@0.3.0/api/images/md/724-x-man.jpg', 'https://cdn.jsdelivr.net/gh/akabab/superhero-api@0.3.0/api/images/lg/724-x-man.jpg');
INSERT INTO superheroes (id, name, slug, alignment, publisher) VALUES (726, 'Yellowjacket', '726-yellowjacket', 'good', 'Ant-Man');
INSERT INTO superhero_powerstats (superhero_id, intelligence, strength, speed, durability, power, combat, cost) VALUES (726, 88, 10, 12, 28, 12, 14, 27);
INSERT INTO superhero_appearance (superhero_id, gender, race, height_cm, weight_kg, eye_color, hair_color) VALUES (726, 'Male', 'Human', 183, 83, 'Blue', 'Blond');
INSERT INTO superhero_biography (superhero_id, full_name, aliases, place_of_birth, first_appearance) VALUES (726, 'Hank Pym', '["Hank Pym"]', 'Elmsford, New York', '(as Pym) TALES TO ASTONISH #27, (as Ant-Man) TALES TO ASTONISH #35, (as Giant-Man) TALES TO ASTONISH #49, (as Goliath) AVENGERS #28, (as Yellowjacket) AVENGERS #59');
INSERT INTO superhero_images (superhero_id, xs_url, sm_url, md_url, lg_url) VALUES (726, 'https://cdn.jsdelivr.net/gh/akabab/superhero-api@0.3.0/api/images/xs/726-yellowjacket.jpg', 'https://cdn.jsdelivr.net/gh/akabab/superhero-api@0.3.0/api/images/sm/726-yellowjacket.jpg', 'https://cdn.jsdelivr.net/gh/akabab/superhero-api@0.3.0/api/images/md/726-yellowjacket.jpg', 'https://cdn.jsdelivr.net/gh/akabab/superhero-api@0.3.0/api/images/lg/726-yellowjacket.jpg');
INSERT INTO superheroes (id, name, slug, alignment, publisher) VALUES (727, 'Yellowjacket II', '727-yellowjacket-ii', 'good', 'Marvel Comics');
INSERT INTO superhero_powerstats (superhero_id, intelligence, strength, speed, durability, power, combat, cost) VALUES (727, 50, 10, 35, 28, 31, 28, 30);
INSERT INTO superhero_appearance (superhero_id, gender, race, height_cm, weight_kg, eye_color, hair_color) VALUES (727, 'Female', 'Human', 165, 52, 'Blue', 'Strawberry Blond');
INSERT INTO superhero_biography (superhero_id, full_name, aliases, place_of_birth, first_appearance) VALUES (727, 'Rita DeMara', '["-"]', NULL, 'Avengers #264');
INSERT INTO superhero_images (superhero_id, xs_url, sm_url, md_url, lg_url) VALUES (727, 'https://cdn.jsdelivr.net/gh/akabab/superhero-api@0.3.0/api/images/xs/727-yellowjacket-ii.jpg', 'https://cdn.jsdelivr.net/gh/akabab/superhero-api@0.3.0/api/images/sm/727-yellowjacket-ii.jpg', 'https://cdn.jsdelivr.net/gh/akabab/superhero-api@0.3.0/api/images/md/727-yellowjacket-ii.jpg', 'https://cdn.jsdelivr.net/gh/akabab/superhero-api@0.3.0/api/images/lg/727-yellowjacket-ii.jpg');
INSERT INTO superheroes (id, name, slug, alignment, publisher) VALUES (728, 'Ymir', '728-ymir', 'good', 'Marvel Comics');
INSERT INTO superhero_powerstats (superhero_id, intelligence, strength, speed, durability, power, combat, cost) VALUES (728, 50, 100, 27, 100, 98, 28, 67);
INSERT INTO superhero_appearance (superhero_id, gender, race, height_cm, weight_kg, eye_color, hair_color) VALUES (728, 'Male', 'Frost Giant', NULL, 0, 'White', 'No Hair');
INSERT INTO superhero_biography (superhero_id, full_name, aliases, place_of_birth, first_appearance) VALUES (728, 'Ymir', '["Aurgelmir"]', 'Niffleheim', 'JOURNEY INTO MYSTERY #97');
INSERT INTO superhero_images (superhero_id, xs_url, sm_url, md_url, lg_url) VALUES (728, 'https://cdn.jsdelivr.net/gh/akabab/superhero-api@0.3.0/api/images/xs/728-ymir.jpg', 'https://cdn.jsdelivr.net/gh/akabab/superhero-api@0.3.0/api/images/sm/728-ymir.jpg', 'https://cdn.jsdelivr.net/gh/akabab/superhero-api@0.3.0/api/images/md/728-ymir.jpg', 'https://cdn.jsdelivr.net/gh/akabab/superhero-api@0.3.0/api/images/lg/728-ymir.jpg');
INSERT INTO superheroes (id, name, slug, alignment, publisher) VALUES (729, 'Yoda', '729-yoda', 'good', 'George Lucas');
INSERT INTO superhero_powerstats (superhero_id, intelligence, strength, speed, durability, power, combat, cost) VALUES (729, 88, 52, 33, 25, 100, 90, 64);
INSERT INTO superhero_appearance (superhero_id, gender, race, height_cm, weight_kg, eye_color, hair_color) VALUES (729, 'Male', 'Yoda''s species', 66, 17, 'Brown', 'White');
INSERT INTO superhero_biography (superhero_id, full_name, aliases, place_of_birth, first_appearance) VALUES (729, 'Yoda', '["-"]', NULL, 'Star Wars: Episode V - The Empire Strikes Back (1980)');
INSERT INTO superhero_images (superhero_id, xs_url, sm_url, md_url, lg_url) VALUES (729, 'https://cdn.jsdelivr.net/gh/akabab/superhero-api@0.3.0/api/images/xs/729-yoda.jpg', 'https://cdn.jsdelivr.net/gh/akabab/superhero-api@0.3.0/api/images/sm/729-yoda.jpg', 'https://cdn.jsdelivr.net/gh/akabab/superhero-api@0.3.0/api/images/md/729-yoda.jpg', 'https://cdn.jsdelivr.net/gh/akabab/superhero-api@0.3.0/api/images/lg/729-yoda.jpg');
INSERT INTO superheroes (id, name, slug, alignment, publisher) VALUES (730, 'Zatanna', '730-zatanna', 'good', 'DC Comics');
INSERT INTO superhero_powerstats (superhero_id, intelligence, strength, speed, durability, power, combat, cost) VALUES (730, 81, 10, 23, 28, 100, 56, 49);
INSERT INTO superhero_appearance (superhero_id, gender, race, height_cm, weight_kg, eye_color, hair_color) VALUES (730, 'Female', 'Human', 170, 57, 'Blue', 'Black');
INSERT INTO superhero_biography (superhero_id, full_name, aliases, place_of_birth, first_appearance) VALUES (730, 'Zatanna Zatara', '["-"]', NULL, 'Hawkman #4');
INSERT INTO superhero_images (superhero_id, xs_url, sm_url, md_url, lg_url) VALUES (730, 'https://cdn.jsdelivr.net/gh/akabab/superhero-api@0.3.0/api/images/xs/730-zatanna.jpg', 'https://cdn.jsdelivr.net/gh/akabab/superhero-api@0.3.0/api/images/sm/730-zatanna.jpg', 'https://cdn.jsdelivr.net/gh/akabab/superhero-api@0.3.0/api/images/md/730-zatanna.jpg', 'https://cdn.jsdelivr.net/gh/akabab/superhero-api@0.3.0/api/images/lg/730-zatanna.jpg');
INSERT INTO superheroes (id, name, slug, alignment, publisher) VALUES (731, 'Zoom', '731-zoom', 'bad', 'DC Comics');
INSERT INTO superhero_powerstats (superhero_id, intelligence, strength, speed, durability, power, combat, cost) VALUES (731, 50, 10, 100, 28, 100, 28, 52);
INSERT INTO superhero_appearance (superhero_id, gender, race, height_cm, weight_kg, eye_color, hair_color) VALUES (731, 'Male', NULL, 185, 81, 'Red', 'Brown');
INSERT INTO superhero_biography (superhero_id, full_name, aliases, place_of_birth, first_appearance) VALUES (731, 'Hunter Zolomon', '["-"]', NULL, 'Flash Secret Files #3');
INSERT INTO superhero_images (superhero_id, xs_url, sm_url, md_url, lg_url) VALUES (731, 'https://cdn.jsdelivr.net/gh/akabab/superhero-api@0.3.0/api/images/xs/731-zoom.jpg', 'https://cdn.jsdelivr.net/gh/akabab/superhero-api@0.3.0/api/images/sm/731-zoom.jpg', 'https://cdn.jsdelivr.net/gh/akabab/superhero-api@0.3.0/api/images/md/731-zoom.jpg', 'https://cdn.jsdelivr.net/gh/akabab/superhero-api@0.3.0/api/images/lg/731-zoom.jpg');
